solid wing3d
facet normal 0 0 0
outer loop
vertex 1.0 -0.4 -1.6653345369377347e-17
vertex 0.9989294616193017 -0.4 0.0001554945938687019
vertex 0.9989294616193017 -0.8 0.0001554945938687019
endloop
endfacet
facet normal 0 0 0
outer loop
vertex 1.0 -0.4 -1.6653345369377347e-17
vertex 0.9989294616193017 -0.8 0.0001554945938687019
vertex 1.0 -0.8 -1.6653345369377347e-17
endloop
endfacet
facet normal 0 0 0
outer loop
vertex 0.9989294616193017 -0.4 0.0001554945938687019
vertex 0.9957224306869052 -0.4 0.0006200217522744633
vertex 0.9957224306869052 -0.8 0.0006200217522744633
endloop
endfacet
facet normal 0 0 0
outer loop
vertex 0.9989294616193017 -0.4 0.0001554945938687019
vertex 0.9957224306869052 -0.8 0.0006200217522744633
vertex 0.9989294616193017 -0.8 0.0001554945938687019
endloop
endfacet
facet normal 0 0 0
outer loop
vertex 0.9957224306869052 -0.4 0.0006200217522744633
vertex 0.9903926402016152 -0.4 0.001387770872870664
vertex 0.9903926402016152 -0.8 0.001387770872870664
endloop
endfacet
facet normal 0 0 0
outer loop
vertex 0.9957224306869052 -0.4 0.0006200217522744633
vertex 0.9903926402016152 -0.8 0.001387770872870664
vertex 0.9957224306869052 -0.8 0.0006200217522744633
endloop
endfacet
facet normal 0 0 0
outer loop
vertex 0.9903926402016152 -0.4 0.001387770872870664
vertex 0.9829629131445341 -0.4 0.0024492511580229024
vertex 0.9829629131445341 -0.8 0.0024492511580229024
endloop
endfacet
facet normal 0 0 0
outer loop
vertex 0.9903926402016152 -0.4 0.001387770872870664
vertex 0.9829629131445341 -0.8 0.0024492511580229024
vertex 0.9903926402016152 -0.8 0.001387770872870664
endloop
endfacet
facet normal 0 0 0
outer loop
vertex 0.9829629131445341 -0.4 0.0024492511580229024
vertex 0.9734650647475528 -0.4 0.003791568163800854
vertex 0.9734650647475528 -0.8 0.003791568163800854
endloop
endfacet
facet normal 0 0 0
outer loop
vertex 0.9829629131445341 -0.4 0.0024492511580229024
vertex 0.9734650647475528 -0.8 0.003791568163800854
vertex 0.9829629131445341 -0.8 0.0024492511580229024
endloop
endfacet
facet normal 0 0 0
outer loop
vertex 0.9734650647475528 -0.4 0.003791568163800854
vertex 0.9619397662556434 -0.4 0.005398784513679219
vertex 0.9619397662556434 -0.8 0.005398784513679219
endloop
endfacet
facet normal 0 0 0
outer loop
vertex 0.9734650647475528 -0.4 0.003791568163800854
vertex 0.9619397662556434 -0.8 0.005398784513679219
vertex 0.9734650647475528 -0.8 0.003791568163800854
endloop
endfacet
facet normal 0 0 0
outer loop
vertex 0.9619397662556434 -0.4 0.005398784513679219
vertex 0.9484363707663441 -0.4 0.007252340729863562
vertex 0.9484363707663441 -0.8 0.007252340729863562
endloop
endfacet
facet normal 0 0 0
outer loop
vertex 0.9619397662556434 -0.4 0.005398784513679219
vertex 0.9484363707663441 -0.8 0.007252340729863562
vertex 0.9619397662556434 -0.8 0.005398784513679219
endloop
endfacet
facet normal 0 0 0
outer loop
vertex 0.9484363707663441 -0.4 0.007252340729863562
vertex 0.9330127018922192 -0.4 0.009331508505708802
vertex 0.9330127018922192 -0.8 0.009331508505708802
endloop
endfacet
facet normal 0 0 0
outer loop
vertex 0.9484363707663441 -0.4 0.007252340729863562
vertex 0.9330127018922192 -0.8 0.009331508505708802
vertex 0.9484363707663441 -0.8 0.007252340729863562
endloop
endfacet
facet normal 0 0 0
outer loop
vertex 0.9330127018922192 -0.4 0.009331508505708802
vertex 0.9157348061512725 -0.4 0.011613847211967487
vertex 0.9157348061512725 -0.8 0.011613847211967487
endloop
endfacet
facet normal 0 0 0
outer loop
vertex 0.9330127018922192 -0.4 0.009331508505708802
vertex 0.9157348061512725 -0.8 0.011613847211967487
vertex 0.9330127018922192 -0.8 0.009331508505708802
endloop
endfacet
facet normal 0 0 0
outer loop
vertex 0.9157348061512725 -0.4 0.011613847211967487
vertex 0.8966766701456175 -0.4 0.01407563512442207
vertex 0.8966766701456175 -0.8 0.01407563512442207
endloop
endfacet
facet normal 0 0 0
outer loop
vertex 0.9157348061512725 -0.4 0.011613847211967487
vertex 0.8966766701456175 -0.8 0.01407563512442207
vertex 0.9157348061512725 -0.8 0.011613847211967487
endloop
endfacet
facet normal 0 0 0
outer loop
vertex 0.8966766701456175 -0.4 0.01407563512442207
vertex 0.8759199037394887 -0.4 0.016692249742856526
vertex 0.8759199037394887 -0.8 0.016692249742856526
endloop
endfacet
facet normal 0 0 0
outer loop
vertex 0.8966766701456175 -0.4 0.01407563512442207
vertex 0.8759199037394887 -0.8 0.016692249742856526
vertex 0.8966766701456175 -0.8 0.01407563512442207
endloop
endfacet
facet normal 0 0 0
outer loop
vertex 0.8759199037394887 -0.4 0.016692249742856526
vertex 0.8535533905932737 -0.4 0.019438476440169234
vertex 0.8535533905932737 -0.8 0.019438476440169234
endloop
endfacet
facet normal 0 0 0
outer loop
vertex 0.8759199037394887 -0.4 0.016692249742856526
vertex 0.8535533905932737 -0.8 0.019438476440169234
vertex 0.8759199037394887 -0.8 0.016692249742856526
endloop
endfacet
facet normal 0 0 0
outer loop
vertex 0.8535533905932737 -0.4 0.019438476440169234
vertex 0.8296729075500342 -0.4 0.02228873118478469
vertex 0.8296729075500342 -0.8 0.02228873118478469
endloop
endfacet
facet normal 0 0 0
outer loop
vertex 0.8535533905932737 -0.4 0.019438476440169234
vertex 0.8296729075500342 -0.8 0.02228873118478469
vertex 0.8535533905932737 -0.8 0.019438476440169234
endloop
endfacet
facet normal 0 0 0
outer loop
vertex 0.8296729075500342 -0.4 0.02228873118478469
vertex 0.8043807145043602 -0.4 0.025217190742879054
vertex 0.8043807145043602 -0.8 0.025217190742879054
endloop
endfacet
facet normal 0 0 0
outer loop
vertex 0.8296729075500342 -0.4 0.02228873118478469
vertex 0.8043807145043602 -0.8 0.025217190742879054
vertex 0.8296729075500342 -0.8 0.02228873118478469
endloop
endfacet
facet normal 0 0 0
outer loop
vertex 0.8043807145043602 -0.4 0.025217190742879054
vertex 0.777785116509801 -0.4 0.028197832020626604
vertex 0.777785116509801 -0.8 0.028197832020626604
endloop
endfacet
facet normal 0 0 0
outer loop
vertex 0.8043807145043602 -0.4 0.025217190742879054
vertex 0.777785116509801 -0.8 0.028197832020626604
vertex 0.8043807145043602 -0.8 0.025217190742879054
endloop
endfacet
facet normal 0 0 0
outer loop
vertex 0.777785116509801 -0.4 0.028197832020626604
vertex 0.7499999999999999 -0.4 0.031204390430159917
vertex 0.7499999999999999 -0.8 0.031204390430159917
endloop
endfacet
facet normal 0 0 0
outer loop
vertex 0.777785116509801 -0.4 0.028197832020626604
vertex 0.7499999999999999 -0.8 0.031204390430159917
vertex 0.777785116509801 -0.8 0.028197832020626604
endloop
endfacet
facet normal 0 0 0
outer loop
vertex 0.7499999999999999 -0.4 0.031204390430159917
vertex 0.7211443451095005 -0.4 0.034210254728183835
vertex 0.7211443451095005 -0.8 0.034210254728183835
endloop
endfacet
facet normal 0 0 0
outer loop
vertex 0.7499999999999999 -0.4 0.031204390430159917
vertex 0.7211443451095005 -0.8 0.034210254728183835
vertex 0.7499999999999999 -0.8 0.031204390430159917
endloop
endfacet
facet normal 0 0 0
outer loop
vertex 0.7211443451095005 -0.4 0.034210254728183835
vertex 0.6913417161825448 -0.4 0.03718832209301556
vertex 0.6913417161825448 -0.8 0.03718832209301556
endloop
endfacet
facet normal 0 0 0
outer loop
vertex 0.7211443451095005 -0.4 0.034210254728183835
vertex 0.6913417161825448 -0.8 0.03718832209301556
vertex 0.7211443451095005 -0.8 0.034210254728183835
endloop
endfacet
facet normal 0 0 0
outer loop
vertex 0.6913417161825448 -0.4 0.03718832209301556
vertex 0.6607197326515807 -0.4 0.04011084176505622
vertex 0.6607197326515807 -0.8 0.04011084176505622
endloop
endfacet
facet normal 0 0 0
outer loop
vertex 0.6913417161825448 -0.4 0.03718832209301556
vertex 0.6607197326515807 -0.8 0.04011084176505622
vertex 0.6913417161825448 -0.8 0.03718832209301556
endloop
endfacet
facet normal 0 0 0
outer loop
vertex 0.6607197326515807 -0.4 0.04011084176505622
vertex 0.6294095225512604 -0.4 0.04294927798703397
vertex 0.6294095225512604 -0.8 0.04294927798703397
endloop
endfacet
facet normal 0 0 0
outer loop
vertex 0.6607197326515807 -0.4 0.04011084176505622
vertex 0.6294095225512604 -0.8 0.04294927798703397
vertex 0.6607197326515807 -0.8 0.04011084176505622
endloop
endfacet
facet normal 0 0 0
outer loop
vertex 0.6294095225512604 -0.4 0.04294927798703397
vertex 0.597545161008064 -0.4 0.04567422300226117
vertex 0.597545161008064 -0.8 0.04567422300226117
endloop
endfacet
facet normal 0 0 0
outer loop
vertex 0.6294095225512604 -0.4 0.04294927798703397
vertex 0.597545161008064 -0.8 0.04567422300226117
vertex 0.6294095225512604 -0.8 0.04294927798703397
endloop
endfacet
facet normal 0 0 0
outer loop
vertex 0.597545161008064 -0.4 0.04567422300226117
vertex 0.5652630961100257 -0.4 0.04825538842864665
vertex 0.5652630961100257 -0.8 0.04825538842864665
endloop
endfacet
facet normal 0 0 0
outer loop
vertex 0.597545161008064 -0.4 0.04567422300226117
vertex 0.5652630961100257 -0.8 0.04825538842864665
vertex 0.597545161008064 -0.8 0.04567422300226117
endloop
endfacet
facet normal 0 0 0
outer loop
vertex 0.5652630961100257 -0.4 0.04825538842864665
vertex 0.5327015646150715 -0.4 0.050661698527007235
vertex 0.5327015646150715 -0.8 0.050661698527007235
endloop
endfacet
facet normal 0 0 0
outer loop
vertex 0.5652630961100257 -0.4 0.04825538842864665
vertex 0.5327015646150715 -0.8 0.050661698527007235
vertex 0.5652630961100257 -0.8 0.04825538842864665
endloop
endfacet
facet normal 0 0 0
outer loop
vertex 0.5327015646150715 -0.4 0.050661698527007235
vertex 0.49999999999999994 -0.4 0.05286150200057158
vertex 0.49999999999999994 -0.8 0.05286150200057158
endloop
endfacet
facet normal 0 0 0
outer loop
vertex 0.5327015646150715 -0.4 0.050661698527007235
vertex 0.49999999999999994 -0.8 0.05286150200057158
vertex 0.5327015646150715 -0.8 0.050661698527007235
endloop
endfacet
facet normal 0 0 0
outer loop
vertex 0.49999999999999994 -0.4 0.05286150200057158
vertex 0.4672984353849284 -0.4 0.054822910430942555
vertex 0.4672984353849284 -0.8 0.054822910430942555
endloop
endfacet
facet normal 0 0 0
outer loop
vertex 0.49999999999999994 -0.4 0.05286150200057158
vertex 0.4672984353849284 -0.8 0.054822910430942555
vertex 0.49999999999999994 -0.8 0.05286150200057158
endloop
endfacet
facet normal 0 0 0
outer loop
vertex 0.4672984353849284 -0.4 0.054822910430942555
vertex 0.43473690388997416 -0.4 0.0565142618354297
vertex 0.43473690388997416 -0.8 0.0565142618354297
endloop
endfacet
facet normal 0 0 0
outer loop
vertex 0.4672984353849284 -0.4 0.054822910430942555
vertex 0.43473690388997416 -0.8 0.0565142618354297
vertex 0.4672984353849284 -0.8 0.054822910430942555
endloop
endfacet
facet normal 0 0 0
outer loop
vertex 0.43473690388997416 -0.4 0.0565142618354297
vertex 0.40245483899193585 -0.4 0.05790469777483515
vertex 0.40245483899193585 -0.8 0.05790469777483515
endloop
endfacet
facet normal 0 0 0
outer loop
vertex 0.43473690388997416 -0.4 0.0565142618354297
vertex 0.40245483899193585 -0.8 0.05790469777483515
vertex 0.43473690388997416 -0.8 0.0565142618354297
endloop
endfacet
facet normal 0 0 0
outer loop
vertex 0.40245483899193585 -0.4 0.05790469777483515
vertex 0.3705904774487395 -0.4 0.05896483265098817
vertex 0.3705904774487395 -0.8 0.05896483265098817
endloop
endfacet
facet normal 0 0 0
outer loop
vertex 0.40245483899193585 -0.4 0.05790469777483515
vertex 0.3705904774487395 -0.8 0.05896483265098817
vertex 0.40245483899193585 -0.8 0.05790469777483515
endloop
endfacet
facet normal 0 0 0
outer loop
vertex 0.3705904774487395 -0.4 0.05896483265098817
vertex 0.33928026734841915 -0.4 0.05966748501166886
vertex 0.33928026734841915 -0.8 0.05966748501166886
endloop
endfacet
facet normal 0 0 0
outer loop
vertex 0.3705904774487395 -0.4 0.05896483265098817
vertex 0.33928026734841915 -0.8 0.05966748501166886
vertex 0.3705904774487395 -0.8 0.05896483265098817
endloop
endfacet
facet normal 0 0 0
outer loop
vertex 0.33928026734841915 -0.4 0.05966748501166886
vertex 0.3086582838174551 -0.4 0.05998843348126799
vertex 0.3086582838174551 -0.8 0.05998843348126799
endloop
endfacet
facet normal 0 0 0
outer loop
vertex 0.33928026734841915 -0.4 0.05966748501166886
vertex 0.3086582838174551 -0.8 0.05998843348126799
vertex 0.33928026734841915 -0.8 0.05966748501166886
endloop
endfacet
facet normal 0 0 0
outer loop
vertex 0.3086582838174551 -0.4 0.05998843348126799
vertex 0.27885565489049924 -0.4 0.05990715491907005
vertex 0.27885565489049924 -0.8 0.05990715491907005
endloop
endfacet
facet normal 0 0 0
outer loop
vertex 0.3086582838174551 -0.4 0.05998843348126799
vertex 0.27885565489049924 -0.8 0.05990715491907005
vertex 0.3086582838174551 -0.8 0.05998843348126799
endloop
endfacet
facet normal 0 0 0
outer loop
vertex 0.27885565489049924 -0.4 0.05990715491907005
vertex 0.24999999999999994 -0.4 0.05940749999999998
vertex 0.24999999999999994 -0.8 0.05940749999999998
endloop
endfacet
facet normal 0 0 0
outer loop
vertex 0.27885565489049924 -0.4 0.05990715491907005
vertex 0.24999999999999994 -0.8 0.05940749999999998
vertex 0.27885565489049924 -0.8 0.05990715491907005
endloop
endfacet
facet normal 0 0 0
outer loop
vertex 0.24999999999999994 -0.4 0.05940749999999998
vertex 0.2222148834901988 -0.4 0.05847826187608956
vertex 0.2222148834901988 -0.8 0.05847826187608956
endloop
endfacet
facet normal 0 0 0
outer loop
vertex 0.24999999999999994 -0.4 0.05940749999999998
vertex 0.2222148834901988 -0.8 0.05847826187608956
vertex 0.24999999999999994 -0.8 0.05940749999999998
endloop
endfacet
facet normal 0 0 0
outer loop
vertex 0.2222148834901988 -0.4 0.05847826187608956
vertex 0.19561928549563967 -0.4 0.05711359698546706
vertex 0.19561928549563967 -0.8 0.05711359698546706
endloop
endfacet
facet normal 0 0 0
outer loop
vertex 0.2222148834901988 -0.4 0.05847826187608956
vertex 0.19561928549563967 -0.8 0.05711359698546706
vertex 0.2222148834901988 -0.8 0.05847826187608956
endloop
endfacet
facet normal 0 0 0
outer loop
vertex 0.19561928549563967 -0.4 0.05711359698546706
vertex 0.17032709244996552 -0.4 0.05531326330908538
vertex 0.17032709244996552 -0.8 0.05531326330908538
endloop
endfacet
facet normal 0 0 0
outer loop
vertex 0.19561928549563967 -0.4 0.05711359698546706
vertex 0.17032709244996552 -0.8 0.05531326330908538
vertex 0.19561928549563967 -0.8 0.05711359698546706
endloop
endfacet
facet normal 0 0 0
outer loop
vertex 0.17032709244996552 -0.4 0.05531326330908538
vertex 0.1464466094067262 -0.4 0.05308265012290848
vertex 0.1464466094067262 -0.8 0.05308265012290848
endloop
endfacet
facet normal 0 0 0
outer loop
vertex 0.17032709244996552 -0.4 0.05531326330908538
vertex 0.1464466094067262 -0.8 0.05308265012290848
vertex 0.17032709244996552 -0.8 0.05531326330908538
endloop
endfacet
facet normal 0 0 0
outer loop
vertex 0.1464466094067262 -0.4 0.05308265012290848
vertex 0.12408009626051131 -0.4 0.05043258407089161
vertex 0.12408009626051131 -0.8 0.05043258407089161
endloop
endfacet
facet normal 0 0 0
outer loop
vertex 0.1464466094067262 -0.4 0.05308265012290848
vertex 0.12408009626051131 -0.8 0.05043258407089161
vertex 0.1464466094067262 -0.8 0.05308265012290848
endloop
endfacet
facet normal 0 0 0
outer loop
vertex 0.12408009626051131 -0.4 0.05043258407089161
vertex 0.10332332985438236 -0.4 0.047378908563692375
vertex 0.10332332985438236 -0.8 0.047378908563692375
endloop
endfacet
facet normal 0 0 0
outer loop
vertex 0.12408009626051131 -0.4 0.05043258407089161
vertex 0.10332332985438236 -0.8 0.047378908563692375
vertex 0.12408009626051131 -0.8 0.05043258407089161
endloop
endfacet
facet normal 0 0 0
outer loop
vertex 0.10332332985438236 -0.4 0.047378908563692375
vertex 0.08426519384872738 -0.4 0.04394184635641601
vertex 0.08426519384872738 -0.8 0.04394184635641601
endloop
endfacet
facet normal 0 0 0
outer loop
vertex 0.10332332985438236 -0.4 0.047378908563692375
vertex 0.08426519384872738 -0.8 0.04394184635641601
vertex 0.10332332985438236 -0.8 0.047378908563692375
endloop
endfacet
facet normal 0 0 0
outer loop
vertex 0.08426519384872738 -0.4 0.04394184635641601
vertex 0.06698729810778065 -0.4 0.04014516788398887
vertex 0.06698729810778065 -0.8 0.04014516788398887
endloop
endfacet
facet normal 0 0 0
outer loop
vertex 0.08426519384872738 -0.4 0.04394184635641601
vertex 0.06698729810778065 -0.8 0.04014516788398887
vertex 0.08426519384872738 -0.8 0.04394184635641601
endloop
endfacet
facet normal 0 0 0
outer loop
vertex 0.06698729810778065 -0.4 0.04014516788398887
vertex 0.05156362923365582 -0.4 0.03601519973540295
vertex 0.05156362923365582 -0.8 0.03601519973540295
endloop
endfacet
facet normal 0 0 0
outer loop
vertex 0.06698729810778065 -0.4 0.04014516788398887
vertex 0.05156362923365582 -0.8 0.03601519973540295
vertex 0.06698729810778065 -0.8 0.04014516788398887
endloop
endfacet
facet normal 0 0 0
outer loop
vertex 0.05156362923365582 -0.4 0.03601519973540295
vertex 0.03806023374435663 -0.4 0.031579717772709154
vertex 0.03806023374435663 -0.8 0.031579717772709154
endloop
endfacet
facet normal 0 0 0
outer loop
vertex 0.05156362923365582 -0.4 0.03601519973540295
vertex 0.03806023374435663 -0.8 0.031579717772709154
vertex 0.05156362923365582 -0.8 0.03601519973540295
endloop
endfacet
facet normal 0 0 0
outer loop
vertex 0.03806023374435663 -0.4 0.031579717772709154
vertex 0.026534935252447156 -0.4 0.026866777185655433
vertex 0.026534935252447156 -0.8 0.026866777185655433
endloop
endfacet
facet normal 0 0 0
outer loop
vertex 0.03806023374435663 -0.4 0.031579717772709154
vertex 0.026534935252447156 -0.8 0.026866777185655433
vertex 0.03806023374435663 -0.8 0.031579717772709154
endloop
endfacet
facet normal 0 0 0
outer loop
vertex 0.026534935252447156 -0.4 0.026866777185655433
vertex 0.017037086855465844 -0.4 0.021903536694259613
vertex 0.017037086855465844 -0.8 0.021903536694259613
endloop
endfacet
facet normal 0 0 0
outer loop
vertex 0.026534935252447156 -0.4 0.026866777185655433
vertex 0.017037086855465844 -0.8 0.021903536694259613
vertex 0.026534935252447156 -0.8 0.026866777185655433
endloop
endfacet
facet normal 0 0 0
outer loop
vertex 0.017037086855465844 -0.4 0.021903536694259613
vertex 0.009607359798384785 -0.4 0.016715135818221018
vertex 0.009607359798384785 -0.8 0.016715135818221018
endloop
endfacet
facet normal 0 0 0
outer loop
vertex 0.017037086855465844 -0.4 0.021903536694259613
vertex 0.009607359798384785 -0.8 0.016715135818221018
vertex 0.017037086855465844 -0.8 0.021903536694259613
endloop
endfacet
facet normal 0 0 0
outer loop
vertex 0.009607359798384785 -0.4 0.016715135818221018
vertex 0.004277569313094809 -0.4 0.011323682469811717
vertex 0.004277569313094809 -0.8 0.011323682469811717
endloop
endfacet
facet normal 0 0 0
outer loop
vertex 0.009607359798384785 -0.4 0.016715135818221018
vertex 0.004277569313094809 -0.8 0.011323682469811717
vertex 0.009607359798384785 -0.8 0.016715135818221018
endloop
endfacet
facet normal 0 0 0
outer loop
vertex 0.004277569313094809 -0.4 0.011323682469811717
vertex 0.0010705383806982605 -0.4 0.005747403150272752
vertex 0.0010705383806982605 -0.8 0.005747403150272752
endloop
endfacet
facet normal 0 0 0
outer loop
vertex 0.004277569313094809 -0.4 0.011323682469811717
vertex 0.0010705383806982605 -0.8 0.005747403150272752
vertex 0.004277569313094809 -0.8 0.011323682469811717
endloop
endfacet
facet normal 0 0 0
outer loop
vertex 0.0010705383806982605 -0.4 0.005747403150272752
vertex 0.0 -0.4 0.0
vertex 0.0 -0.8 0.0
endloop
endfacet
facet normal 0 0 0
outer loop
vertex 0.0010705383806982605 -0.4 0.005747403150272752
vertex 0.0 -0.8 0.0
vertex 0.0010705383806982605 -0.8 0.005747403150272752
endloop
endfacet
facet normal 0 0 0
outer loop
vertex 0.0 -0.4 0.0
vertex 0.0010705383806982605 -0.4 -0.005747403150272752
vertex 0.0010705383806982605 -0.8 -0.005747403150272752
endloop
endfacet
facet normal 0 0 0
outer loop
vertex 0.0 -0.4 0.0
vertex 0.0010705383806982605 -0.8 -0.005747403150272752
vertex 0.0 -0.8 0.0
endloop
endfacet
facet normal 0 0 0
outer loop
vertex 0.0010705383806982605 -0.4 -0.005747403150272752
vertex 0.004277569313094809 -0.4 -0.011323682469811717
vertex 0.004277569313094809 -0.8 -0.011323682469811717
endloop
endfacet
facet normal 0 0 0
outer loop
vertex 0.0010705383806982605 -0.4 -0.005747403150272752
vertex 0.004277569313094809 -0.8 -0.011323682469811717
vertex 0.0010705383806982605 -0.8 -0.005747403150272752
endloop
endfacet
facet normal 0 0 0
outer loop
vertex 0.004277569313094809 -0.4 -0.011323682469811717
vertex 0.009607359798384785 -0.4 -0.016715135818221018
vertex 0.009607359798384785 -0.8 -0.016715135818221018
endloop
endfacet
facet normal 0 0 0
outer loop
vertex 0.004277569313094809 -0.4 -0.011323682469811717
vertex 0.009607359798384785 -0.8 -0.016715135818221018
vertex 0.004277569313094809 -0.8 -0.011323682469811717
endloop
endfacet
facet normal 0 0 0
outer loop
vertex 0.009607359798384785 -0.4 -0.016715135818221018
vertex 0.017037086855465844 -0.4 -0.021903536694259613
vertex 0.017037086855465844 -0.8 -0.021903536694259613
endloop
endfacet
facet normal 0 0 0
outer loop
vertex 0.009607359798384785 -0.4 -0.016715135818221018
vertex 0.017037086855465844 -0.8 -0.021903536694259613
vertex 0.009607359798384785 -0.8 -0.016715135818221018
endloop
endfacet
facet normal 0 0 0
outer loop
vertex 0.017037086855465844 -0.4 -0.021903536694259613
vertex 0.026534935252447156 -0.4 -0.026866777185655433
vertex 0.026534935252447156 -0.8 -0.026866777185655433
endloop
endfacet
facet normal 0 0 0
outer loop
vertex 0.017037086855465844 -0.4 -0.021903536694259613
vertex 0.026534935252447156 -0.8 -0.026866777185655433
vertex 0.017037086855465844 -0.8 -0.021903536694259613
endloop
endfacet
facet normal 0 0 0
outer loop
vertex 0.026534935252447156 -0.4 -0.026866777185655433
vertex 0.03806023374435663 -0.4 -0.031579717772709154
vertex 0.03806023374435663 -0.8 -0.031579717772709154
endloop
endfacet
facet normal 0 0 0
outer loop
vertex 0.026534935252447156 -0.4 -0.026866777185655433
vertex 0.03806023374435663 -0.8 -0.031579717772709154
vertex 0.026534935252447156 -0.8 -0.026866777185655433
endloop
endfacet
facet normal 0 0 0
outer loop
vertex 0.03806023374435663 -0.4 -0.031579717772709154
vertex 0.05156362923365582 -0.4 -0.03601519973540295
vertex 0.05156362923365582 -0.8 -0.03601519973540295
endloop
endfacet
facet normal 0 0 0
outer loop
vertex 0.03806023374435663 -0.4 -0.031579717772709154
vertex 0.05156362923365582 -0.8 -0.03601519973540295
vertex 0.03806023374435663 -0.8 -0.031579717772709154
endloop
endfacet
facet normal 0 0 0
outer loop
vertex 0.05156362923365582 -0.4 -0.03601519973540295
vertex 0.06698729810778065 -0.4 -0.04014516788398887
vertex 0.06698729810778065 -0.8 -0.04014516788398887
endloop
endfacet
facet normal 0 0 0
outer loop
vertex 0.05156362923365582 -0.4 -0.03601519973540295
vertex 0.06698729810778065 -0.8 -0.04014516788398887
vertex 0.05156362923365582 -0.8 -0.03601519973540295
endloop
endfacet
facet normal 0 0 0
outer loop
vertex 0.06698729810778065 -0.4 -0.04014516788398887
vertex 0.08426519384872738 -0.4 -0.04394184635641601
vertex 0.08426519384872738 -0.8 -0.04394184635641601
endloop
endfacet
facet normal 0 0 0
outer loop
vertex 0.06698729810778065 -0.4 -0.04014516788398887
vertex 0.08426519384872738 -0.8 -0.04394184635641601
vertex 0.06698729810778065 -0.8 -0.04014516788398887
endloop
endfacet
facet normal 0 0 0
outer loop
vertex 0.08426519384872738 -0.4 -0.04394184635641601
vertex 0.10332332985438236 -0.4 -0.047378908563692375
vertex 0.10332332985438236 -0.8 -0.047378908563692375
endloop
endfacet
facet normal 0 0 0
outer loop
vertex 0.08426519384872738 -0.4 -0.04394184635641601
vertex 0.10332332985438236 -0.8 -0.047378908563692375
vertex 0.08426519384872738 -0.8 -0.04394184635641601
endloop
endfacet
facet normal 0 0 0
outer loop
vertex 0.10332332985438236 -0.4 -0.047378908563692375
vertex 0.12408009626051131 -0.4 -0.05043258407089161
vertex 0.12408009626051131 -0.8 -0.05043258407089161
endloop
endfacet
facet normal 0 0 0
outer loop
vertex 0.10332332985438236 -0.4 -0.047378908563692375
vertex 0.12408009626051131 -0.8 -0.05043258407089161
vertex 0.10332332985438236 -0.8 -0.047378908563692375
endloop
endfacet
facet normal 0 0 0
outer loop
vertex 0.12408009626051131 -0.4 -0.05043258407089161
vertex 0.1464466094067262 -0.4 -0.05308265012290848
vertex 0.1464466094067262 -0.8 -0.05308265012290848
endloop
endfacet
facet normal 0 0 0
outer loop
vertex 0.12408009626051131 -0.4 -0.05043258407089161
vertex 0.1464466094067262 -0.8 -0.05308265012290848
vertex 0.12408009626051131 -0.8 -0.05043258407089161
endloop
endfacet
facet normal 0 0 0
outer loop
vertex 0.1464466094067262 -0.4 -0.05308265012290848
vertex 0.17032709244996552 -0.4 -0.05531326330908538
vertex 0.17032709244996552 -0.8 -0.05531326330908538
endloop
endfacet
facet normal 0 0 0
outer loop
vertex 0.1464466094067262 -0.4 -0.05308265012290848
vertex 0.17032709244996552 -0.8 -0.05531326330908538
vertex 0.1464466094067262 -0.8 -0.05308265012290848
endloop
endfacet
facet normal 0 0 0
outer loop
vertex 0.17032709244996552 -0.4 -0.05531326330908538
vertex 0.19561928549563967 -0.4 -0.05711359698546706
vertex 0.19561928549563967 -0.8 -0.05711359698546706
endloop
endfacet
facet normal 0 0 0
outer loop
vertex 0.17032709244996552 -0.4 -0.05531326330908538
vertex 0.19561928549563967 -0.8 -0.05711359698546706
vertex 0.17032709244996552 -0.8 -0.05531326330908538
endloop
endfacet
facet normal 0 0 0
outer loop
vertex 0.19561928549563967 -0.4 -0.05711359698546706
vertex 0.2222148834901988 -0.4 -0.05847826187608956
vertex 0.2222148834901988 -0.8 -0.05847826187608956
endloop
endfacet
facet normal 0 0 0
outer loop
vertex 0.19561928549563967 -0.4 -0.05711359698546706
vertex 0.2222148834901988 -0.8 -0.05847826187608956
vertex 0.19561928549563967 -0.8 -0.05711359698546706
endloop
endfacet
facet normal 0 0 0
outer loop
vertex 0.2222148834901988 -0.4 -0.05847826187608956
vertex 0.24999999999999994 -0.4 -0.05940749999999998
vertex 0.24999999999999994 -0.8 -0.05940749999999998
endloop
endfacet
facet normal 0 0 0
outer loop
vertex 0.2222148834901988 -0.4 -0.05847826187608956
vertex 0.24999999999999994 -0.8 -0.05940749999999998
vertex 0.2222148834901988 -0.8 -0.05847826187608956
endloop
endfacet
facet normal 0 0 0
outer loop
vertex 0.24999999999999994 -0.4 -0.05940749999999998
vertex 0.27885565489049924 -0.4 -0.05990715491907005
vertex 0.27885565489049924 -0.8 -0.05990715491907005
endloop
endfacet
facet normal 0 0 0
outer loop
vertex 0.24999999999999994 -0.4 -0.05940749999999998
vertex 0.27885565489049924 -0.8 -0.05990715491907005
vertex 0.24999999999999994 -0.8 -0.05940749999999998
endloop
endfacet
facet normal 0 0 0
outer loop
vertex 0.27885565489049924 -0.4 -0.05990715491907005
vertex 0.3086582838174551 -0.4 -0.05998843348126799
vertex 0.3086582838174551 -0.8 -0.05998843348126799
endloop
endfacet
facet normal 0 0 0
outer loop
vertex 0.27885565489049924 -0.4 -0.05990715491907005
vertex 0.3086582838174551 -0.8 -0.05998843348126799
vertex 0.27885565489049924 -0.8 -0.05990715491907005
endloop
endfacet
facet normal 0 0 0
outer loop
vertex 0.3086582838174551 -0.4 -0.05998843348126799
vertex 0.33928026734841915 -0.4 -0.05966748501166886
vertex 0.33928026734841915 -0.8 -0.05966748501166886
endloop
endfacet
facet normal 0 0 0
outer loop
vertex 0.3086582838174551 -0.4 -0.05998843348126799
vertex 0.33928026734841915 -0.8 -0.05966748501166886
vertex 0.3086582838174551 -0.8 -0.05998843348126799
endloop
endfacet
facet normal 0 0 0
outer loop
vertex 0.33928026734841915 -0.4 -0.05966748501166886
vertex 0.3705904774487395 -0.4 -0.05896483265098817
vertex 0.3705904774487395 -0.8 -0.05896483265098817
endloop
endfacet
facet normal 0 0 0
outer loop
vertex 0.33928026734841915 -0.4 -0.05966748501166886
vertex 0.3705904774487395 -0.8 -0.05896483265098817
vertex 0.33928026734841915 -0.8 -0.05966748501166886
endloop
endfacet
facet normal 0 0 0
outer loop
vertex 0.3705904774487395 -0.4 -0.05896483265098817
vertex 0.40245483899193585 -0.4 -0.05790469777483515
vertex 0.40245483899193585 -0.8 -0.05790469777483515
endloop
endfacet
facet normal 0 0 0
outer loop
vertex 0.3705904774487395 -0.4 -0.05896483265098817
vertex 0.40245483899193585 -0.8 -0.05790469777483515
vertex 0.3705904774487395 -0.8 -0.05896483265098817
endloop
endfacet
facet normal 0 0 0
outer loop
vertex 0.40245483899193585 -0.4 -0.05790469777483515
vertex 0.43473690388997416 -0.4 -0.0565142618354297
vertex 0.43473690388997416 -0.8 -0.0565142618354297
endloop
endfacet
facet normal 0 0 0
outer loop
vertex 0.40245483899193585 -0.4 -0.05790469777483515
vertex 0.43473690388997416 -0.8 -0.0565142618354297
vertex 0.40245483899193585 -0.8 -0.05790469777483515
endloop
endfacet
facet normal 0 0 0
outer loop
vertex 0.43473690388997416 -0.4 -0.0565142618354297
vertex 0.4672984353849284 -0.4 -0.054822910430942555
vertex 0.4672984353849284 -0.8 -0.054822910430942555
endloop
endfacet
facet normal 0 0 0
outer loop
vertex 0.43473690388997416 -0.4 -0.0565142618354297
vertex 0.4672984353849284 -0.8 -0.054822910430942555
vertex 0.43473690388997416 -0.8 -0.0565142618354297
endloop
endfacet
facet normal 0 0 0
outer loop
vertex 0.4672984353849284 -0.4 -0.054822910430942555
vertex 0.49999999999999994 -0.4 -0.05286150200057158
vertex 0.49999999999999994 -0.8 -0.05286150200057158
endloop
endfacet
facet normal 0 0 0
outer loop
vertex 0.4672984353849284 -0.4 -0.054822910430942555
vertex 0.49999999999999994 -0.8 -0.05286150200057158
vertex 0.4672984353849284 -0.8 -0.054822910430942555
endloop
endfacet
facet normal 0 0 0
outer loop
vertex 0.49999999999999994 -0.4 -0.05286150200057158
vertex 0.5327015646150715 -0.4 -0.050661698527007235
vertex 0.5327015646150715 -0.8 -0.050661698527007235
endloop
endfacet
facet normal 0 0 0
outer loop
vertex 0.49999999999999994 -0.4 -0.05286150200057158
vertex 0.5327015646150715 -0.8 -0.050661698527007235
vertex 0.49999999999999994 -0.8 -0.05286150200057158
endloop
endfacet
facet normal 0 0 0
outer loop
vertex 0.5327015646150715 -0.4 -0.050661698527007235
vertex 0.5652630961100257 -0.4 -0.04825538842864665
vertex 0.5652630961100257 -0.8 -0.04825538842864665
endloop
endfacet
facet normal 0 0 0
outer loop
vertex 0.5327015646150715 -0.4 -0.050661698527007235
vertex 0.5652630961100257 -0.8 -0.04825538842864665
vertex 0.5327015646150715 -0.8 -0.050661698527007235
endloop
endfacet
facet normal 0 0 0
outer loop
vertex 0.5652630961100257 -0.4 -0.04825538842864665
vertex 0.597545161008064 -0.4 -0.04567422300226117
vertex 0.597545161008064 -0.8 -0.04567422300226117
endloop
endfacet
facet normal 0 0 0
outer loop
vertex 0.5652630961100257 -0.4 -0.04825538842864665
vertex 0.597545161008064 -0.8 -0.04567422300226117
vertex 0.5652630961100257 -0.8 -0.04825538842864665
endloop
endfacet
facet normal 0 0 0
outer loop
vertex 0.597545161008064 -0.4 -0.04567422300226117
vertex 0.6294095225512604 -0.4 -0.04294927798703397
vertex 0.6294095225512604 -0.8 -0.04294927798703397
endloop
endfacet
facet normal 0 0 0
outer loop
vertex 0.597545161008064 -0.4 -0.04567422300226117
vertex 0.6294095225512604 -0.8 -0.04294927798703397
vertex 0.597545161008064 -0.8 -0.04567422300226117
endloop
endfacet
facet normal 0 0 0
outer loop
vertex 0.6294095225512604 -0.4 -0.04294927798703397
vertex 0.6607197326515807 -0.4 -0.04011084176505622
vertex 0.6607197326515807 -0.8 -0.04011084176505622
endloop
endfacet
facet normal 0 0 0
outer loop
vertex 0.6294095225512604 -0.4 -0.04294927798703397
vertex 0.6607197326515807 -0.8 -0.04011084176505622
vertex 0.6294095225512604 -0.8 -0.04294927798703397
endloop
endfacet
facet normal 0 0 0
outer loop
vertex 0.6607197326515807 -0.4 -0.04011084176505622
vertex 0.6913417161825448 -0.4 -0.03718832209301556
vertex 0.6913417161825448 -0.8 -0.03718832209301556
endloop
endfacet
facet normal 0 0 0
outer loop
vertex 0.6607197326515807 -0.4 -0.04011084176505622
vertex 0.6913417161825448 -0.8 -0.03718832209301556
vertex 0.6607197326515807 -0.8 -0.04011084176505622
endloop
endfacet
facet normal 0 0 0
outer loop
vertex 0.6913417161825448 -0.4 -0.03718832209301556
vertex 0.7211443451095005 -0.4 -0.034210254728183835
vertex 0.7211443451095005 -0.8 -0.034210254728183835
endloop
endfacet
facet normal 0 0 0
outer loop
vertex 0.6913417161825448 -0.4 -0.03718832209301556
vertex 0.7211443451095005 -0.8 -0.034210254728183835
vertex 0.6913417161825448 -0.8 -0.03718832209301556
endloop
endfacet
facet normal 0 0 0
outer loop
vertex 0.7211443451095005 -0.4 -0.034210254728183835
vertex 0.7499999999999999 -0.4 -0.031204390430159917
vertex 0.7499999999999999 -0.8 -0.031204390430159917
endloop
endfacet
facet normal 0 0 0
outer loop
vertex 0.7211443451095005 -0.4 -0.034210254728183835
vertex 0.7499999999999999 -0.8 -0.031204390430159917
vertex 0.7211443451095005 -0.8 -0.034210254728183835
endloop
endfacet
facet normal 0 0 0
outer loop
vertex 0.7499999999999999 -0.4 -0.031204390430159917
vertex 0.777785116509801 -0.4 -0.028197832020626604
vertex 0.777785116509801 -0.8 -0.028197832020626604
endloop
endfacet
facet normal 0 0 0
outer loop
vertex 0.7499999999999999 -0.4 -0.031204390430159917
vertex 0.777785116509801 -0.8 -0.028197832020626604
vertex 0.7499999999999999 -0.8 -0.031204390430159917
endloop
endfacet
facet normal 0 0 0
outer loop
vertex 0.777785116509801 -0.4 -0.028197832020626604
vertex 0.8043807145043602 -0.4 -0.025217190742879054
vertex 0.8043807145043602 -0.8 -0.025217190742879054
endloop
endfacet
facet normal 0 0 0
outer loop
vertex 0.777785116509801 -0.4 -0.028197832020626604
vertex 0.8043807145043602 -0.8 -0.025217190742879054
vertex 0.777785116509801 -0.8 -0.028197832020626604
endloop
endfacet
facet normal 0 0 0
outer loop
vertex 0.8043807145043602 -0.4 -0.025217190742879054
vertex 0.8296729075500342 -0.4 -0.02228873118478469
vertex 0.8296729075500342 -0.8 -0.02228873118478469
endloop
endfacet
facet normal 0 0 0
outer loop
vertex 0.8043807145043602 -0.4 -0.025217190742879054
vertex 0.8296729075500342 -0.8 -0.02228873118478469
vertex 0.8043807145043602 -0.8 -0.025217190742879054
endloop
endfacet
facet normal 0 0 0
outer loop
vertex 0.8296729075500342 -0.4 -0.02228873118478469
vertex 0.8535533905932737 -0.4 -0.019438476440169234
vertex 0.8535533905932737 -0.8 -0.019438476440169234
endloop
endfacet
facet normal 0 0 0
outer loop
vertex 0.8296729075500342 -0.4 -0.02228873118478469
vertex 0.8535533905932737 -0.8 -0.019438476440169234
vertex 0.8296729075500342 -0.8 -0.02228873118478469
endloop
endfacet
facet normal 0 0 0
outer loop
vertex 0.8535533905932737 -0.4 -0.019438476440169234
vertex 0.8759199037394887 -0.4 -0.016692249742856526
vertex 0.8759199037394887 -0.8 -0.016692249742856526
endloop
endfacet
facet normal 0 0 0
outer loop
vertex 0.8535533905932737 -0.4 -0.019438476440169234
vertex 0.8759199037394887 -0.8 -0.016692249742856526
vertex 0.8535533905932737 -0.8 -0.019438476440169234
endloop
endfacet
facet normal 0 0 0
outer loop
vertex 0.8759199037394887 -0.4 -0.016692249742856526
vertex 0.8966766701456175 -0.4 -0.01407563512442207
vertex 0.8966766701456175 -0.8 -0.01407563512442207
endloop
endfacet
facet normal 0 0 0
outer loop
vertex 0.8759199037394887 -0.4 -0.016692249742856526
vertex 0.8966766701456175 -0.8 -0.01407563512442207
vertex 0.8759199037394887 -0.8 -0.016692249742856526
endloop
endfacet
facet normal 0 0 0
outer loop
vertex 0.8966766701456175 -0.4 -0.01407563512442207
vertex 0.9157348061512725 -0.4 -0.011613847211967487
vertex 0.9157348061512725 -0.8 -0.011613847211967487
endloop
endfacet
facet normal 0 0 0
outer loop
vertex 0.8966766701456175 -0.4 -0.01407563512442207
vertex 0.9157348061512725 -0.8 -0.011613847211967487
vertex 0.8966766701456175 -0.8 -0.01407563512442207
endloop
endfacet
facet normal 0 0 0
outer loop
vertex 0.9157348061512725 -0.4 -0.011613847211967487
vertex 0.9330127018922192 -0.4 -0.009331508505708802
vertex 0.9330127018922192 -0.8 -0.009331508505708802
endloop
endfacet
facet normal 0 0 0
outer loop
vertex 0.9157348061512725 -0.4 -0.011613847211967487
vertex 0.9330127018922192 -0.8 -0.009331508505708802
vertex 0.9157348061512725 -0.8 -0.011613847211967487
endloop
endfacet
facet normal 0 0 0
outer loop
vertex 0.9330127018922192 -0.4 -0.009331508505708802
vertex 0.9484363707663441 -0.4 -0.007252340729863562
vertex 0.9484363707663441 -0.8 -0.007252340729863562
endloop
endfacet
facet normal 0 0 0
outer loop
vertex 0.9330127018922192 -0.4 -0.009331508505708802
vertex 0.9484363707663441 -0.8 -0.007252340729863562
vertex 0.9330127018922192 -0.8 -0.009331508505708802
endloop
endfacet
facet normal 0 0 0
outer loop
vertex 0.9484363707663441 -0.4 -0.007252340729863562
vertex 0.9619397662556434 -0.4 -0.005398784513679219
vertex 0.9619397662556434 -0.8 -0.005398784513679219
endloop
endfacet
facet normal 0 0 0
outer loop
vertex 0.9484363707663441 -0.4 -0.007252340729863562
vertex 0.9619397662556434 -0.8 -0.005398784513679219
vertex 0.9484363707663441 -0.8 -0.007252340729863562
endloop
endfacet
facet normal 0 0 0
outer loop
vertex 0.9619397662556434 -0.4 -0.005398784513679219
vertex 0.9734650647475528 -0.4 -0.003791568163800854
vertex 0.9734650647475528 -0.8 -0.003791568163800854
endloop
endfacet
facet normal 0 0 0
outer loop
vertex 0.9619397662556434 -0.4 -0.005398784513679219
vertex 0.9734650647475528 -0.8 -0.003791568163800854
vertex 0.9619397662556434 -0.8 -0.005398784513679219
endloop
endfacet
facet normal 0 0 0
outer loop
vertex 0.9734650647475528 -0.4 -0.003791568163800854
vertex 0.9829629131445341 -0.4 -0.0024492511580229024
vertex 0.9829629131445341 -0.8 -0.0024492511580229024
endloop
endfacet
facet normal 0 0 0
outer loop
vertex 0.9734650647475528 -0.4 -0.003791568163800854
vertex 0.9829629131445341 -0.8 -0.0024492511580229024
vertex 0.9734650647475528 -0.8 -0.003791568163800854
endloop
endfacet
facet normal 0 0 0
outer loop
vertex 0.9829629131445341 -0.4 -0.0024492511580229024
vertex 0.9903926402016152 -0.4 -0.001387770872870664
vertex 0.9903926402016152 -0.8 -0.001387770872870664
endloop
endfacet
facet normal 0 0 0
outer loop
vertex 0.9829629131445341 -0.4 -0.0024492511580229024
vertex 0.9903926402016152 -0.8 -0.001387770872870664
vertex 0.9829629131445341 -0.8 -0.0024492511580229024
endloop
endfacet
facet normal 0 0 0
outer loop
vertex 0.9903926402016152 -0.4 -0.001387770872870664
vertex 0.9957224306869052 -0.4 -0.0006200217522744633
vertex 0.9957224306869052 -0.8 -0.0006200217522744633
endloop
endfacet
facet normal 0 0 0
outer loop
vertex 0.9903926402016152 -0.4 -0.001387770872870664
vertex 0.9957224306869052 -0.8 -0.0006200217522744633
vertex 0.9903926402016152 -0.8 -0.001387770872870664
endloop
endfacet
facet normal 0 0 0
outer loop
vertex 0.9957224306869052 -0.4 -0.0006200217522744633
vertex 0.9989294616193017 -0.4 -0.0001554945938687019
vertex 0.9989294616193017 -0.8 -0.0001554945938687019
endloop
endfacet
facet normal 0 0 0
outer loop
vertex 0.9957224306869052 -0.4 -0.0006200217522744633
vertex 0.9989294616193017 -0.8 -0.0001554945938687019
vertex 0.9957224306869052 -0.8 -0.0006200217522744633
endloop
endfacet
facet normal 0 0 0
outer loop
vertex 0.9989294616193017 -0.4 -0.0001554945938687019
vertex 1.0 -0.4 1.6653345369377347e-17
vertex 1.0 -0.8 1.6653345369377347e-17
endloop
endfacet
facet normal 0 0 0
outer loop
vertex 0.9989294616193017 -0.4 -0.0001554945938687019
vertex 1.0 -0.8 1.6653345369377347e-17
vertex 0.9989294616193017 -0.8 -0.0001554945938687019
endloop
endfacet
facet normal 0 0 0
outer loop
vertex 1.0 0.0 -1.6653345369377347e-17
vertex 0.9989294616193017 0.0 0.0001554945938687019
vertex 0.9989294616193017 -0.4 0.0001554945938687019
endloop
endfacet
facet normal 0 0 0
outer loop
vertex 1.0 0.0 -1.6653345369377347e-17
vertex 0.9989294616193017 -0.4 0.0001554945938687019
vertex 1.0 -0.4 -1.6653345369377347e-17
endloop
endfacet
facet normal 0 0 0
outer loop
vertex 0.9989294616193017 0.0 0.0001554945938687019
vertex 0.9957224306869052 0.0 0.0006200217522744633
vertex 0.9957224306869052 -0.4 0.0006200217522744633
endloop
endfacet
facet normal 0 0 0
outer loop
vertex 0.9989294616193017 0.0 0.0001554945938687019
vertex 0.9957224306869052 -0.4 0.0006200217522744633
vertex 0.9989294616193017 -0.4 0.0001554945938687019
endloop
endfacet
facet normal 0 0 0
outer loop
vertex 0.9957224306869052 0.0 0.0006200217522744633
vertex 0.9903926402016152 0.0 0.001387770872870664
vertex 0.9903926402016152 -0.4 0.001387770872870664
endloop
endfacet
facet normal 0 0 0
outer loop
vertex 0.9957224306869052 0.0 0.0006200217522744633
vertex 0.9903926402016152 -0.4 0.001387770872870664
vertex 0.9957224306869052 -0.4 0.0006200217522744633
endloop
endfacet
facet normal 0 0 0
outer loop
vertex 0.9903926402016152 0.0 0.001387770872870664
vertex 0.9829629131445341 0.0 0.0024492511580229024
vertex 0.9829629131445341 -0.4 0.0024492511580229024
endloop
endfacet
facet normal 0 0 0
outer loop
vertex 0.9903926402016152 0.0 0.001387770872870664
vertex 0.9829629131445341 -0.4 0.0024492511580229024
vertex 0.9903926402016152 -0.4 0.001387770872870664
endloop
endfacet
facet normal 0 0 0
outer loop
vertex 0.9829629131445341 0.0 0.0024492511580229024
vertex 0.9734650647475528 0.0 0.003791568163800854
vertex 0.9734650647475528 -0.4 0.003791568163800854
endloop
endfacet
facet normal 0 0 0
outer loop
vertex 0.9829629131445341 0.0 0.0024492511580229024
vertex 0.9734650647475528 -0.4 0.003791568163800854
vertex 0.9829629131445341 -0.4 0.0024492511580229024
endloop
endfacet
facet normal 0 0 0
outer loop
vertex 0.9734650647475528 0.0 0.003791568163800854
vertex 0.9619397662556434 0.0 0.005398784513679219
vertex 0.9619397662556434 -0.4 0.005398784513679219
endloop
endfacet
facet normal 0 0 0
outer loop
vertex 0.9734650647475528 0.0 0.003791568163800854
vertex 0.9619397662556434 -0.4 0.005398784513679219
vertex 0.9734650647475528 -0.4 0.003791568163800854
endloop
endfacet
facet normal 0 0 0
outer loop
vertex 0.9619397662556434 0.0 0.005398784513679219
vertex 0.9484363707663441 0.0 0.007252340729863562
vertex 0.9484363707663441 -0.4 0.007252340729863562
endloop
endfacet
facet normal 0 0 0
outer loop
vertex 0.9619397662556434 0.0 0.005398784513679219
vertex 0.9484363707663441 -0.4 0.007252340729863562
vertex 0.9619397662556434 -0.4 0.005398784513679219
endloop
endfacet
facet normal 0 0 0
outer loop
vertex 0.9484363707663441 0.0 0.007252340729863562
vertex 0.9330127018922192 0.0 0.009331508505708802
vertex 0.9330127018922192 -0.4 0.009331508505708802
endloop
endfacet
facet normal 0 0 0
outer loop
vertex 0.9484363707663441 0.0 0.007252340729863562
vertex 0.9330127018922192 -0.4 0.009331508505708802
vertex 0.9484363707663441 -0.4 0.007252340729863562
endloop
endfacet
facet normal 0 0 0
outer loop
vertex 0.9330127018922192 0.0 0.009331508505708802
vertex 0.9157348061512725 0.0 0.011613847211967487
vertex 0.9157348061512725 -0.4 0.011613847211967487
endloop
endfacet
facet normal 0 0 0
outer loop
vertex 0.9330127018922192 0.0 0.009331508505708802
vertex 0.9157348061512725 -0.4 0.011613847211967487
vertex 0.9330127018922192 -0.4 0.009331508505708802
endloop
endfacet
facet normal 0 0 0
outer loop
vertex 0.9157348061512725 0.0 0.011613847211967487
vertex 0.8966766701456175 0.0 0.01407563512442207
vertex 0.8966766701456175 -0.4 0.01407563512442207
endloop
endfacet
facet normal 0 0 0
outer loop
vertex 0.9157348061512725 0.0 0.011613847211967487
vertex 0.8966766701456175 -0.4 0.01407563512442207
vertex 0.9157348061512725 -0.4 0.011613847211967487
endloop
endfacet
facet normal 0 0 0
outer loop
vertex 0.8966766701456175 0.0 0.01407563512442207
vertex 0.8759199037394887 0.0 0.016692249742856526
vertex 0.8759199037394887 -0.4 0.016692249742856526
endloop
endfacet
facet normal 0 0 0
outer loop
vertex 0.8966766701456175 0.0 0.01407563512442207
vertex 0.8759199037394887 -0.4 0.016692249742856526
vertex 0.8966766701456175 -0.4 0.01407563512442207
endloop
endfacet
facet normal 0 0 0
outer loop
vertex 0.8759199037394887 0.0 0.016692249742856526
vertex 0.8535533905932737 0.0 0.019438476440169234
vertex 0.8535533905932737 -0.4 0.019438476440169234
endloop
endfacet
facet normal 0 0 0
outer loop
vertex 0.8759199037394887 0.0 0.016692249742856526
vertex 0.8535533905932737 -0.4 0.019438476440169234
vertex 0.8759199037394887 -0.4 0.016692249742856526
endloop
endfacet
facet normal 0 0 0
outer loop
vertex 0.8535533905932737 0.0 0.019438476440169234
vertex 0.8296729075500342 0.0 0.02228873118478469
vertex 0.8296729075500342 -0.4 0.02228873118478469
endloop
endfacet
facet normal 0 0 0
outer loop
vertex 0.8535533905932737 0.0 0.019438476440169234
vertex 0.8296729075500342 -0.4 0.02228873118478469
vertex 0.8535533905932737 -0.4 0.019438476440169234
endloop
endfacet
facet normal 0 0 0
outer loop
vertex 0.8296729075500342 0.0 0.02228873118478469
vertex 0.8043807145043602 0.0 0.025217190742879054
vertex 0.8043807145043602 -0.4 0.025217190742879054
endloop
endfacet
facet normal 0 0 0
outer loop
vertex 0.8296729075500342 0.0 0.02228873118478469
vertex 0.8043807145043602 -0.4 0.025217190742879054
vertex 0.8296729075500342 -0.4 0.02228873118478469
endloop
endfacet
facet normal 0 0 0
outer loop
vertex 0.8043807145043602 0.0 0.025217190742879054
vertex 0.777785116509801 0.0 0.028197832020626604
vertex 0.777785116509801 -0.4 0.028197832020626604
endloop
endfacet
facet normal 0 0 0
outer loop
vertex 0.8043807145043602 0.0 0.025217190742879054
vertex 0.777785116509801 -0.4 0.028197832020626604
vertex 0.8043807145043602 -0.4 0.025217190742879054
endloop
endfacet
facet normal 0 0 0
outer loop
vertex 0.777785116509801 0.0 0.028197832020626604
vertex 0.7499999999999999 0.0 0.031204390430159917
vertex 0.7499999999999999 -0.4 0.031204390430159917
endloop
endfacet
facet normal 0 0 0
outer loop
vertex 0.777785116509801 0.0 0.028197832020626604
vertex 0.7499999999999999 -0.4 0.031204390430159917
vertex 0.777785116509801 -0.4 0.028197832020626604
endloop
endfacet
facet normal 0 0 0
outer loop
vertex 0.7499999999999999 0.0 0.031204390430159917
vertex 0.7211443451095005 0.0 0.034210254728183835
vertex 0.7211443451095005 -0.4 0.034210254728183835
endloop
endfacet
facet normal 0 0 0
outer loop
vertex 0.7499999999999999 0.0 0.031204390430159917
vertex 0.7211443451095005 -0.4 0.034210254728183835
vertex 0.7499999999999999 -0.4 0.031204390430159917
endloop
endfacet
facet normal 0 0 0
outer loop
vertex 0.7211443451095005 0.0 0.034210254728183835
vertex 0.6913417161825448 0.0 0.03718832209301556
vertex 0.6913417161825448 -0.4 0.03718832209301556
endloop
endfacet
facet normal 0 0 0
outer loop
vertex 0.7211443451095005 0.0 0.034210254728183835
vertex 0.6913417161825448 -0.4 0.03718832209301556
vertex 0.7211443451095005 -0.4 0.034210254728183835
endloop
endfacet
facet normal 0 0 0
outer loop
vertex 0.6913417161825448 0.0 0.03718832209301556
vertex 0.6607197326515807 0.0 0.04011084176505622
vertex 0.6607197326515807 -0.4 0.04011084176505622
endloop
endfacet
facet normal 0 0 0
outer loop
vertex 0.6913417161825448 0.0 0.03718832209301556
vertex 0.6607197326515807 -0.4 0.04011084176505622
vertex 0.6913417161825448 -0.4 0.03718832209301556
endloop
endfacet
facet normal 0 0 0
outer loop
vertex 0.6607197326515807 0.0 0.04011084176505622
vertex 0.6294095225512604 0.0 0.04294927798703397
vertex 0.6294095225512604 -0.4 0.04294927798703397
endloop
endfacet
facet normal 0 0 0
outer loop
vertex 0.6607197326515807 0.0 0.04011084176505622
vertex 0.6294095225512604 -0.4 0.04294927798703397
vertex 0.6607197326515807 -0.4 0.04011084176505622
endloop
endfacet
facet normal 0 0 0
outer loop
vertex 0.6294095225512604 0.0 0.04294927798703397
vertex 0.597545161008064 0.0 0.04567422300226117
vertex 0.597545161008064 -0.4 0.04567422300226117
endloop
endfacet
facet normal 0 0 0
outer loop
vertex 0.6294095225512604 0.0 0.04294927798703397
vertex 0.597545161008064 -0.4 0.04567422300226117
vertex 0.6294095225512604 -0.4 0.04294927798703397
endloop
endfacet
facet normal 0 0 0
outer loop
vertex 0.597545161008064 0.0 0.04567422300226117
vertex 0.5652630961100257 0.0 0.04825538842864665
vertex 0.5652630961100257 -0.4 0.04825538842864665
endloop
endfacet
facet normal 0 0 0
outer loop
vertex 0.597545161008064 0.0 0.04567422300226117
vertex 0.5652630961100257 -0.4 0.04825538842864665
vertex 0.597545161008064 -0.4 0.04567422300226117
endloop
endfacet
facet normal 0 0 0
outer loop
vertex 0.5652630961100257 0.0 0.04825538842864665
vertex 0.5327015646150715 0.0 0.050661698527007235
vertex 0.5327015646150715 -0.4 0.050661698527007235
endloop
endfacet
facet normal 0 0 0
outer loop
vertex 0.5652630961100257 0.0 0.04825538842864665
vertex 0.5327015646150715 -0.4 0.050661698527007235
vertex 0.5652630961100257 -0.4 0.04825538842864665
endloop
endfacet
facet normal 0 0 0
outer loop
vertex 0.5327015646150715 0.0 0.050661698527007235
vertex 0.49999999999999994 0.0 0.05286150200057158
vertex 0.49999999999999994 -0.4 0.05286150200057158
endloop
endfacet
facet normal 0 0 0
outer loop
vertex 0.5327015646150715 0.0 0.050661698527007235
vertex 0.49999999999999994 -0.4 0.05286150200057158
vertex 0.5327015646150715 -0.4 0.050661698527007235
endloop
endfacet
facet normal 0 0 0
outer loop
vertex 0.49999999999999994 0.0 0.05286150200057158
vertex 0.4672984353849284 0.0 0.054822910430942555
vertex 0.4672984353849284 -0.4 0.054822910430942555
endloop
endfacet
facet normal 0 0 0
outer loop
vertex 0.49999999999999994 0.0 0.05286150200057158
vertex 0.4672984353849284 -0.4 0.054822910430942555
vertex 0.49999999999999994 -0.4 0.05286150200057158
endloop
endfacet
facet normal 0 0 0
outer loop
vertex 0.4672984353849284 0.0 0.054822910430942555
vertex 0.43473690388997416 0.0 0.0565142618354297
vertex 0.43473690388997416 -0.4 0.0565142618354297
endloop
endfacet
facet normal 0 0 0
outer loop
vertex 0.4672984353849284 0.0 0.054822910430942555
vertex 0.43473690388997416 -0.4 0.0565142618354297
vertex 0.4672984353849284 -0.4 0.054822910430942555
endloop
endfacet
facet normal 0 0 0
outer loop
vertex 0.43473690388997416 0.0 0.0565142618354297
vertex 0.40245483899193585 0.0 0.05790469777483515
vertex 0.40245483899193585 -0.4 0.05790469777483515
endloop
endfacet
facet normal 0 0 0
outer loop
vertex 0.43473690388997416 0.0 0.0565142618354297
vertex 0.40245483899193585 -0.4 0.05790469777483515
vertex 0.43473690388997416 -0.4 0.0565142618354297
endloop
endfacet
facet normal 0 0 0
outer loop
vertex 0.40245483899193585 0.0 0.05790469777483515
vertex 0.3705904774487395 0.0 0.05896483265098817
vertex 0.3705904774487395 -0.4 0.05896483265098817
endloop
endfacet
facet normal 0 0 0
outer loop
vertex 0.40245483899193585 0.0 0.05790469777483515
vertex 0.3705904774487395 -0.4 0.05896483265098817
vertex 0.40245483899193585 -0.4 0.05790469777483515
endloop
endfacet
facet normal 0 0 0
outer loop
vertex 0.3705904774487395 0.0 0.05896483265098817
vertex 0.33928026734841915 0.0 0.05966748501166886
vertex 0.33928026734841915 -0.4 0.05966748501166886
endloop
endfacet
facet normal 0 0 0
outer loop
vertex 0.3705904774487395 0.0 0.05896483265098817
vertex 0.33928026734841915 -0.4 0.05966748501166886
vertex 0.3705904774487395 -0.4 0.05896483265098817
endloop
endfacet
facet normal 0 0 0
outer loop
vertex 0.33928026734841915 0.0 0.05966748501166886
vertex 0.3086582838174551 0.0 0.05998843348126799
vertex 0.3086582838174551 -0.4 0.05998843348126799
endloop
endfacet
facet normal 0 0 0
outer loop
vertex 0.33928026734841915 0.0 0.05966748501166886
vertex 0.3086582838174551 -0.4 0.05998843348126799
vertex 0.33928026734841915 -0.4 0.05966748501166886
endloop
endfacet
facet normal 0 0 0
outer loop
vertex 0.3086582838174551 0.0 0.05998843348126799
vertex 0.27885565489049924 0.0 0.05990715491907005
vertex 0.27885565489049924 -0.4 0.05990715491907005
endloop
endfacet
facet normal 0 0 0
outer loop
vertex 0.3086582838174551 0.0 0.05998843348126799
vertex 0.27885565489049924 -0.4 0.05990715491907005
vertex 0.3086582838174551 -0.4 0.05998843348126799
endloop
endfacet
facet normal 0 0 0
outer loop
vertex 0.27885565489049924 0.0 0.05990715491907005
vertex 0.24999999999999994 0.0 0.05940749999999998
vertex 0.24999999999999994 -0.4 0.05940749999999998
endloop
endfacet
facet normal 0 0 0
outer loop
vertex 0.27885565489049924 0.0 0.05990715491907005
vertex 0.24999999999999994 -0.4 0.05940749999999998
vertex 0.27885565489049924 -0.4 0.05990715491907005
endloop
endfacet
facet normal 0 0 0
outer loop
vertex 0.24999999999999994 0.0 0.05940749999999998
vertex 0.2222148834901988 0.0 0.05847826187608956
vertex 0.2222148834901988 -0.4 0.05847826187608956
endloop
endfacet
facet normal 0 0 0
outer loop
vertex 0.24999999999999994 0.0 0.05940749999999998
vertex 0.2222148834901988 -0.4 0.05847826187608956
vertex 0.24999999999999994 -0.4 0.05940749999999998
endloop
endfacet
facet normal 0 0 0
outer loop
vertex 0.2222148834901988 0.0 0.05847826187608956
vertex 0.19561928549563967 0.0 0.05711359698546706
vertex 0.19561928549563967 -0.4 0.05711359698546706
endloop
endfacet
facet normal 0 0 0
outer loop
vertex 0.2222148834901988 0.0 0.05847826187608956
vertex 0.19561928549563967 -0.4 0.05711359698546706
vertex 0.2222148834901988 -0.4 0.05847826187608956
endloop
endfacet
facet normal 0 0 0
outer loop
vertex 0.19561928549563967 0.0 0.05711359698546706
vertex 0.17032709244996552 0.0 0.05531326330908538
vertex 0.17032709244996552 -0.4 0.05531326330908538
endloop
endfacet
facet normal 0 0 0
outer loop
vertex 0.19561928549563967 0.0 0.05711359698546706
vertex 0.17032709244996552 -0.4 0.05531326330908538
vertex 0.19561928549563967 -0.4 0.05711359698546706
endloop
endfacet
facet normal 0 0 0
outer loop
vertex 0.17032709244996552 0.0 0.05531326330908538
vertex 0.1464466094067262 0.0 0.05308265012290848
vertex 0.1464466094067262 -0.4 0.05308265012290848
endloop
endfacet
facet normal 0 0 0
outer loop
vertex 0.17032709244996552 0.0 0.05531326330908538
vertex 0.1464466094067262 -0.4 0.05308265012290848
vertex 0.17032709244996552 -0.4 0.05531326330908538
endloop
endfacet
facet normal 0 0 0
outer loop
vertex 0.1464466094067262 0.0 0.05308265012290848
vertex 0.12408009626051131 0.0 0.05043258407089161
vertex 0.12408009626051131 -0.4 0.05043258407089161
endloop
endfacet
facet normal 0 0 0
outer loop
vertex 0.1464466094067262 0.0 0.05308265012290848
vertex 0.12408009626051131 -0.4 0.05043258407089161
vertex 0.1464466094067262 -0.4 0.05308265012290848
endloop
endfacet
facet normal 0 0 0
outer loop
vertex 0.12408009626051131 0.0 0.05043258407089161
vertex 0.10332332985438236 0.0 0.047378908563692375
vertex 0.10332332985438236 -0.4 0.047378908563692375
endloop
endfacet
facet normal 0 0 0
outer loop
vertex 0.12408009626051131 0.0 0.05043258407089161
vertex 0.10332332985438236 -0.4 0.047378908563692375
vertex 0.12408009626051131 -0.4 0.05043258407089161
endloop
endfacet
facet normal 0 0 0
outer loop
vertex 0.10332332985438236 0.0 0.047378908563692375
vertex 0.08426519384872738 0.0 0.04394184635641601
vertex 0.08426519384872738 -0.4 0.04394184635641601
endloop
endfacet
facet normal 0 0 0
outer loop
vertex 0.10332332985438236 0.0 0.047378908563692375
vertex 0.08426519384872738 -0.4 0.04394184635641601
vertex 0.10332332985438236 -0.4 0.047378908563692375
endloop
endfacet
facet normal 0 0 0
outer loop
vertex 0.08426519384872738 0.0 0.04394184635641601
vertex 0.06698729810778065 0.0 0.04014516788398887
vertex 0.06698729810778065 -0.4 0.04014516788398887
endloop
endfacet
facet normal 0 0 0
outer loop
vertex 0.08426519384872738 0.0 0.04394184635641601
vertex 0.06698729810778065 -0.4 0.04014516788398887
vertex 0.08426519384872738 -0.4 0.04394184635641601
endloop
endfacet
facet normal 0 0 0
outer loop
vertex 0.06698729810778065 0.0 0.04014516788398887
vertex 0.05156362923365582 0.0 0.03601519973540295
vertex 0.05156362923365582 -0.4 0.03601519973540295
endloop
endfacet
facet normal 0 0 0
outer loop
vertex 0.06698729810778065 0.0 0.04014516788398887
vertex 0.05156362923365582 -0.4 0.03601519973540295
vertex 0.06698729810778065 -0.4 0.04014516788398887
endloop
endfacet
facet normal 0 0 0
outer loop
vertex 0.05156362923365582 0.0 0.03601519973540295
vertex 0.03806023374435663 0.0 0.031579717772709154
vertex 0.03806023374435663 -0.4 0.031579717772709154
endloop
endfacet
facet normal 0 0 0
outer loop
vertex 0.05156362923365582 0.0 0.03601519973540295
vertex 0.03806023374435663 -0.4 0.031579717772709154
vertex 0.05156362923365582 -0.4 0.03601519973540295
endloop
endfacet
facet normal 0 0 0
outer loop
vertex 0.03806023374435663 0.0 0.031579717772709154
vertex 0.026534935252447156 0.0 0.026866777185655433
vertex 0.026534935252447156 -0.4 0.026866777185655433
endloop
endfacet
facet normal 0 0 0
outer loop
vertex 0.03806023374435663 0.0 0.031579717772709154
vertex 0.026534935252447156 -0.4 0.026866777185655433
vertex 0.03806023374435663 -0.4 0.031579717772709154
endloop
endfacet
facet normal 0 0 0
outer loop
vertex 0.026534935252447156 0.0 0.026866777185655433
vertex 0.017037086855465844 0.0 0.021903536694259613
vertex 0.017037086855465844 -0.4 0.021903536694259613
endloop
endfacet
facet normal 0 0 0
outer loop
vertex 0.026534935252447156 0.0 0.026866777185655433
vertex 0.017037086855465844 -0.4 0.021903536694259613
vertex 0.026534935252447156 -0.4 0.026866777185655433
endloop
endfacet
facet normal 0 0 0
outer loop
vertex 0.017037086855465844 0.0 0.021903536694259613
vertex 0.009607359798384785 0.0 0.016715135818221018
vertex 0.009607359798384785 -0.4 0.016715135818221018
endloop
endfacet
facet normal 0 0 0
outer loop
vertex 0.017037086855465844 0.0 0.021903536694259613
vertex 0.009607359798384785 -0.4 0.016715135818221018
vertex 0.017037086855465844 -0.4 0.021903536694259613
endloop
endfacet
facet normal 0 0 0
outer loop
vertex 0.009607359798384785 0.0 0.016715135818221018
vertex 0.004277569313094809 0.0 0.011323682469811717
vertex 0.004277569313094809 -0.4 0.011323682469811717
endloop
endfacet
facet normal 0 0 0
outer loop
vertex 0.009607359798384785 0.0 0.016715135818221018
vertex 0.004277569313094809 -0.4 0.011323682469811717
vertex 0.009607359798384785 -0.4 0.016715135818221018
endloop
endfacet
facet normal 0 0 0
outer loop
vertex 0.004277569313094809 0.0 0.011323682469811717
vertex 0.0010705383806982605 0.0 0.005747403150272752
vertex 0.0010705383806982605 -0.4 0.005747403150272752
endloop
endfacet
facet normal 0 0 0
outer loop
vertex 0.004277569313094809 0.0 0.011323682469811717
vertex 0.0010705383806982605 -0.4 0.005747403150272752
vertex 0.004277569313094809 -0.4 0.011323682469811717
endloop
endfacet
facet normal 0 0 0
outer loop
vertex 0.0010705383806982605 0.0 0.005747403150272752
vertex 0.0 0.0 0.0
vertex 0.0 -0.4 0.0
endloop
endfacet
facet normal 0 0 0
outer loop
vertex 0.0010705383806982605 0.0 0.005747403150272752
vertex 0.0 -0.4 0.0
vertex 0.0010705383806982605 -0.4 0.005747403150272752
endloop
endfacet
facet normal 0 0 0
outer loop
vertex 0.0 0.0 0.0
vertex 0.0010705383806982605 0.0 -0.005747403150272752
vertex 0.0010705383806982605 -0.4 -0.005747403150272752
endloop
endfacet
facet normal 0 0 0
outer loop
vertex 0.0 0.0 0.0
vertex 0.0010705383806982605 -0.4 -0.005747403150272752
vertex 0.0 -0.4 0.0
endloop
endfacet
facet normal 0 0 0
outer loop
vertex 0.0010705383806982605 0.0 -0.005747403150272752
vertex 0.004277569313094809 0.0 -0.011323682469811717
vertex 0.004277569313094809 -0.4 -0.011323682469811717
endloop
endfacet
facet normal 0 0 0
outer loop
vertex 0.0010705383806982605 0.0 -0.005747403150272752
vertex 0.004277569313094809 -0.4 -0.011323682469811717
vertex 0.0010705383806982605 -0.4 -0.005747403150272752
endloop
endfacet
facet normal 0 0 0
outer loop
vertex 0.004277569313094809 0.0 -0.011323682469811717
vertex 0.009607359798384785 0.0 -0.016715135818221018
vertex 0.009607359798384785 -0.4 -0.016715135818221018
endloop
endfacet
facet normal 0 0 0
outer loop
vertex 0.004277569313094809 0.0 -0.011323682469811717
vertex 0.009607359798384785 -0.4 -0.016715135818221018
vertex 0.004277569313094809 -0.4 -0.011323682469811717
endloop
endfacet
facet normal 0 0 0
outer loop
vertex 0.009607359798384785 0.0 -0.016715135818221018
vertex 0.017037086855465844 0.0 -0.021903536694259613
vertex 0.017037086855465844 -0.4 -0.021903536694259613
endloop
endfacet
facet normal 0 0 0
outer loop
vertex 0.009607359798384785 0.0 -0.016715135818221018
vertex 0.017037086855465844 -0.4 -0.021903536694259613
vertex 0.009607359798384785 -0.4 -0.016715135818221018
endloop
endfacet
facet normal 0 0 0
outer loop
vertex 0.017037086855465844 0.0 -0.021903536694259613
vertex 0.026534935252447156 0.0 -0.026866777185655433
vertex 0.026534935252447156 -0.4 -0.026866777185655433
endloop
endfacet
facet normal 0 0 0
outer loop
vertex 0.017037086855465844 0.0 -0.021903536694259613
vertex 0.026534935252447156 -0.4 -0.026866777185655433
vertex 0.017037086855465844 -0.4 -0.021903536694259613
endloop
endfacet
facet normal 0 0 0
outer loop
vertex 0.026534935252447156 0.0 -0.026866777185655433
vertex 0.03806023374435663 0.0 -0.031579717772709154
vertex 0.03806023374435663 -0.4 -0.031579717772709154
endloop
endfacet
facet normal 0 0 0
outer loop
vertex 0.026534935252447156 0.0 -0.026866777185655433
vertex 0.03806023374435663 -0.4 -0.031579717772709154
vertex 0.026534935252447156 -0.4 -0.026866777185655433
endloop
endfacet
facet normal 0 0 0
outer loop
vertex 0.03806023374435663 0.0 -0.031579717772709154
vertex 0.05156362923365582 0.0 -0.03601519973540295
vertex 0.05156362923365582 -0.4 -0.03601519973540295
endloop
endfacet
facet normal 0 0 0
outer loop
vertex 0.03806023374435663 0.0 -0.031579717772709154
vertex 0.05156362923365582 -0.4 -0.03601519973540295
vertex 0.03806023374435663 -0.4 -0.031579717772709154
endloop
endfacet
facet normal 0 0 0
outer loop
vertex 0.05156362923365582 0.0 -0.03601519973540295
vertex 0.06698729810778065 0.0 -0.04014516788398887
vertex 0.06698729810778065 -0.4 -0.04014516788398887
endloop
endfacet
facet normal 0 0 0
outer loop
vertex 0.05156362923365582 0.0 -0.03601519973540295
vertex 0.06698729810778065 -0.4 -0.04014516788398887
vertex 0.05156362923365582 -0.4 -0.03601519973540295
endloop
endfacet
facet normal 0 0 0
outer loop
vertex 0.06698729810778065 0.0 -0.04014516788398887
vertex 0.08426519384872738 0.0 -0.04394184635641601
vertex 0.08426519384872738 -0.4 -0.04394184635641601
endloop
endfacet
facet normal 0 0 0
outer loop
vertex 0.06698729810778065 0.0 -0.04014516788398887
vertex 0.08426519384872738 -0.4 -0.04394184635641601
vertex 0.06698729810778065 -0.4 -0.04014516788398887
endloop
endfacet
facet normal 0 0 0
outer loop
vertex 0.08426519384872738 0.0 -0.04394184635641601
vertex 0.10332332985438236 0.0 -0.047378908563692375
vertex 0.10332332985438236 -0.4 -0.047378908563692375
endloop
endfacet
facet normal 0 0 0
outer loop
vertex 0.08426519384872738 0.0 -0.04394184635641601
vertex 0.10332332985438236 -0.4 -0.047378908563692375
vertex 0.08426519384872738 -0.4 -0.04394184635641601
endloop
endfacet
facet normal 0 0 0
outer loop
vertex 0.10332332985438236 0.0 -0.047378908563692375
vertex 0.12408009626051131 0.0 -0.05043258407089161
vertex 0.12408009626051131 -0.4 -0.05043258407089161
endloop
endfacet
facet normal 0 0 0
outer loop
vertex 0.10332332985438236 0.0 -0.047378908563692375
vertex 0.12408009626051131 -0.4 -0.05043258407089161
vertex 0.10332332985438236 -0.4 -0.047378908563692375
endloop
endfacet
facet normal 0 0 0
outer loop
vertex 0.12408009626051131 0.0 -0.05043258407089161
vertex 0.1464466094067262 0.0 -0.05308265012290848
vertex 0.1464466094067262 -0.4 -0.05308265012290848
endloop
endfacet
facet normal 0 0 0
outer loop
vertex 0.12408009626051131 0.0 -0.05043258407089161
vertex 0.1464466094067262 -0.4 -0.05308265012290848
vertex 0.12408009626051131 -0.4 -0.05043258407089161
endloop
endfacet
facet normal 0 0 0
outer loop
vertex 0.1464466094067262 0.0 -0.05308265012290848
vertex 0.17032709244996552 0.0 -0.05531326330908538
vertex 0.17032709244996552 -0.4 -0.05531326330908538
endloop
endfacet
facet normal 0 0 0
outer loop
vertex 0.1464466094067262 0.0 -0.05308265012290848
vertex 0.17032709244996552 -0.4 -0.05531326330908538
vertex 0.1464466094067262 -0.4 -0.05308265012290848
endloop
endfacet
facet normal 0 0 0
outer loop
vertex 0.17032709244996552 0.0 -0.05531326330908538
vertex 0.19561928549563967 0.0 -0.05711359698546706
vertex 0.19561928549563967 -0.4 -0.05711359698546706
endloop
endfacet
facet normal 0 0 0
outer loop
vertex 0.17032709244996552 0.0 -0.05531326330908538
vertex 0.19561928549563967 -0.4 -0.05711359698546706
vertex 0.17032709244996552 -0.4 -0.05531326330908538
endloop
endfacet
facet normal 0 0 0
outer loop
vertex 0.19561928549563967 0.0 -0.05711359698546706
vertex 0.2222148834901988 0.0 -0.05847826187608956
vertex 0.2222148834901988 -0.4 -0.05847826187608956
endloop
endfacet
facet normal 0 0 0
outer loop
vertex 0.19561928549563967 0.0 -0.05711359698546706
vertex 0.2222148834901988 -0.4 -0.05847826187608956
vertex 0.19561928549563967 -0.4 -0.05711359698546706
endloop
endfacet
facet normal 0 0 0
outer loop
vertex 0.2222148834901988 0.0 -0.05847826187608956
vertex 0.24999999999999994 0.0 -0.05940749999999998
vertex 0.24999999999999994 -0.4 -0.05940749999999998
endloop
endfacet
facet normal 0 0 0
outer loop
vertex 0.2222148834901988 0.0 -0.05847826187608956
vertex 0.24999999999999994 -0.4 -0.05940749999999998
vertex 0.2222148834901988 -0.4 -0.05847826187608956
endloop
endfacet
facet normal 0 0 0
outer loop
vertex 0.24999999999999994 0.0 -0.05940749999999998
vertex 0.27885565489049924 0.0 -0.05990715491907005
vertex 0.27885565489049924 -0.4 -0.05990715491907005
endloop
endfacet
facet normal 0 0 0
outer loop
vertex 0.24999999999999994 0.0 -0.05940749999999998
vertex 0.27885565489049924 -0.4 -0.05990715491907005
vertex 0.24999999999999994 -0.4 -0.05940749999999998
endloop
endfacet
facet normal 0 0 0
outer loop
vertex 0.27885565489049924 0.0 -0.05990715491907005
vertex 0.3086582838174551 0.0 -0.05998843348126799
vertex 0.3086582838174551 -0.4 -0.05998843348126799
endloop
endfacet
facet normal 0 0 0
outer loop
vertex 0.27885565489049924 0.0 -0.05990715491907005
vertex 0.3086582838174551 -0.4 -0.05998843348126799
vertex 0.27885565489049924 -0.4 -0.05990715491907005
endloop
endfacet
facet normal 0 0 0
outer loop
vertex 0.3086582838174551 0.0 -0.05998843348126799
vertex 0.33928026734841915 0.0 -0.05966748501166886
vertex 0.33928026734841915 -0.4 -0.05966748501166886
endloop
endfacet
facet normal 0 0 0
outer loop
vertex 0.3086582838174551 0.0 -0.05998843348126799
vertex 0.33928026734841915 -0.4 -0.05966748501166886
vertex 0.3086582838174551 -0.4 -0.05998843348126799
endloop
endfacet
facet normal 0 0 0
outer loop
vertex 0.33928026734841915 0.0 -0.05966748501166886
vertex 0.3705904774487395 0.0 -0.05896483265098817
vertex 0.3705904774487395 -0.4 -0.05896483265098817
endloop
endfacet
facet normal 0 0 0
outer loop
vertex 0.33928026734841915 0.0 -0.05966748501166886
vertex 0.3705904774487395 -0.4 -0.05896483265098817
vertex 0.33928026734841915 -0.4 -0.05966748501166886
endloop
endfacet
facet normal 0 0 0
outer loop
vertex 0.3705904774487395 0.0 -0.05896483265098817
vertex 0.40245483899193585 0.0 -0.05790469777483515
vertex 0.40245483899193585 -0.4 -0.05790469777483515
endloop
endfacet
facet normal 0 0 0
outer loop
vertex 0.3705904774487395 0.0 -0.05896483265098817
vertex 0.40245483899193585 -0.4 -0.05790469777483515
vertex 0.3705904774487395 -0.4 -0.05896483265098817
endloop
endfacet
facet normal 0 0 0
outer loop
vertex 0.40245483899193585 0.0 -0.05790469777483515
vertex 0.43473690388997416 0.0 -0.0565142618354297
vertex 0.43473690388997416 -0.4 -0.0565142618354297
endloop
endfacet
facet normal 0 0 0
outer loop
vertex 0.40245483899193585 0.0 -0.05790469777483515
vertex 0.43473690388997416 -0.4 -0.0565142618354297
vertex 0.40245483899193585 -0.4 -0.05790469777483515
endloop
endfacet
facet normal 0 0 0
outer loop
vertex 0.43473690388997416 0.0 -0.0565142618354297
vertex 0.4672984353849284 0.0 -0.054822910430942555
vertex 0.4672984353849284 -0.4 -0.054822910430942555
endloop
endfacet
facet normal 0 0 0
outer loop
vertex 0.43473690388997416 0.0 -0.0565142618354297
vertex 0.4672984353849284 -0.4 -0.054822910430942555
vertex 0.43473690388997416 -0.4 -0.0565142618354297
endloop
endfacet
facet normal 0 0 0
outer loop
vertex 0.4672984353849284 0.0 -0.054822910430942555
vertex 0.49999999999999994 0.0 -0.05286150200057158
vertex 0.49999999999999994 -0.4 -0.05286150200057158
endloop
endfacet
facet normal 0 0 0
outer loop
vertex 0.4672984353849284 0.0 -0.054822910430942555
vertex 0.49999999999999994 -0.4 -0.05286150200057158
vertex 0.4672984353849284 -0.4 -0.054822910430942555
endloop
endfacet
facet normal 0 0 0
outer loop
vertex 0.49999999999999994 0.0 -0.05286150200057158
vertex 0.5327015646150715 0.0 -0.050661698527007235
vertex 0.5327015646150715 -0.4 -0.050661698527007235
endloop
endfacet
facet normal 0 0 0
outer loop
vertex 0.49999999999999994 0.0 -0.05286150200057158
vertex 0.5327015646150715 -0.4 -0.050661698527007235
vertex 0.49999999999999994 -0.4 -0.05286150200057158
endloop
endfacet
facet normal 0 0 0
outer loop
vertex 0.5327015646150715 0.0 -0.050661698527007235
vertex 0.5652630961100257 0.0 -0.04825538842864665
vertex 0.5652630961100257 -0.4 -0.04825538842864665
endloop
endfacet
facet normal 0 0 0
outer loop
vertex 0.5327015646150715 0.0 -0.050661698527007235
vertex 0.5652630961100257 -0.4 -0.04825538842864665
vertex 0.5327015646150715 -0.4 -0.050661698527007235
endloop
endfacet
facet normal 0 0 0
outer loop
vertex 0.5652630961100257 0.0 -0.04825538842864665
vertex 0.597545161008064 0.0 -0.04567422300226117
vertex 0.597545161008064 -0.4 -0.04567422300226117
endloop
endfacet
facet normal 0 0 0
outer loop
vertex 0.5652630961100257 0.0 -0.04825538842864665
vertex 0.597545161008064 -0.4 -0.04567422300226117
vertex 0.5652630961100257 -0.4 -0.04825538842864665
endloop
endfacet
facet normal 0 0 0
outer loop
vertex 0.597545161008064 0.0 -0.04567422300226117
vertex 0.6294095225512604 0.0 -0.04294927798703397
vertex 0.6294095225512604 -0.4 -0.04294927798703397
endloop
endfacet
facet normal 0 0 0
outer loop
vertex 0.597545161008064 0.0 -0.04567422300226117
vertex 0.6294095225512604 -0.4 -0.04294927798703397
vertex 0.597545161008064 -0.4 -0.04567422300226117
endloop
endfacet
facet normal 0 0 0
outer loop
vertex 0.6294095225512604 0.0 -0.04294927798703397
vertex 0.6607197326515807 0.0 -0.04011084176505622
vertex 0.6607197326515807 -0.4 -0.04011084176505622
endloop
endfacet
facet normal 0 0 0
outer loop
vertex 0.6294095225512604 0.0 -0.04294927798703397
vertex 0.6607197326515807 -0.4 -0.04011084176505622
vertex 0.6294095225512604 -0.4 -0.04294927798703397
endloop
endfacet
facet normal 0 0 0
outer loop
vertex 0.6607197326515807 0.0 -0.04011084176505622
vertex 0.6913417161825448 0.0 -0.03718832209301556
vertex 0.6913417161825448 -0.4 -0.03718832209301556
endloop
endfacet
facet normal 0 0 0
outer loop
vertex 0.6607197326515807 0.0 -0.04011084176505622
vertex 0.6913417161825448 -0.4 -0.03718832209301556
vertex 0.6607197326515807 -0.4 -0.04011084176505622
endloop
endfacet
facet normal 0 0 0
outer loop
vertex 0.6913417161825448 0.0 -0.03718832209301556
vertex 0.7211443451095005 0.0 -0.034210254728183835
vertex 0.7211443451095005 -0.4 -0.034210254728183835
endloop
endfacet
facet normal 0 0 0
outer loop
vertex 0.6913417161825448 0.0 -0.03718832209301556
vertex 0.7211443451095005 -0.4 -0.034210254728183835
vertex 0.6913417161825448 -0.4 -0.03718832209301556
endloop
endfacet
facet normal 0 0 0
outer loop
vertex 0.7211443451095005 0.0 -0.034210254728183835
vertex 0.7499999999999999 0.0 -0.031204390430159917
vertex 0.7499999999999999 -0.4 -0.031204390430159917
endloop
endfacet
facet normal 0 0 0
outer loop
vertex 0.7211443451095005 0.0 -0.034210254728183835
vertex 0.7499999999999999 -0.4 -0.031204390430159917
vertex 0.7211443451095005 -0.4 -0.034210254728183835
endloop
endfacet
facet normal 0 0 0
outer loop
vertex 0.7499999999999999 0.0 -0.031204390430159917
vertex 0.777785116509801 0.0 -0.028197832020626604
vertex 0.777785116509801 -0.4 -0.028197832020626604
endloop
endfacet
facet normal 0 0 0
outer loop
vertex 0.7499999999999999 0.0 -0.031204390430159917
vertex 0.777785116509801 -0.4 -0.028197832020626604
vertex 0.7499999999999999 -0.4 -0.031204390430159917
endloop
endfacet
facet normal 0 0 0
outer loop
vertex 0.777785116509801 0.0 -0.028197832020626604
vertex 0.8043807145043602 0.0 -0.025217190742879054
vertex 0.8043807145043602 -0.4 -0.025217190742879054
endloop
endfacet
facet normal 0 0 0
outer loop
vertex 0.777785116509801 0.0 -0.028197832020626604
vertex 0.8043807145043602 -0.4 -0.025217190742879054
vertex 0.777785116509801 -0.4 -0.028197832020626604
endloop
endfacet
facet normal 0 0 0
outer loop
vertex 0.8043807145043602 0.0 -0.025217190742879054
vertex 0.8296729075500342 0.0 -0.02228873118478469
vertex 0.8296729075500342 -0.4 -0.02228873118478469
endloop
endfacet
facet normal 0 0 0
outer loop
vertex 0.8043807145043602 0.0 -0.025217190742879054
vertex 0.8296729075500342 -0.4 -0.02228873118478469
vertex 0.8043807145043602 -0.4 -0.025217190742879054
endloop
endfacet
facet normal 0 0 0
outer loop
vertex 0.8296729075500342 0.0 -0.02228873118478469
vertex 0.8535533905932737 0.0 -0.019438476440169234
vertex 0.8535533905932737 -0.4 -0.019438476440169234
endloop
endfacet
facet normal 0 0 0
outer loop
vertex 0.8296729075500342 0.0 -0.02228873118478469
vertex 0.8535533905932737 -0.4 -0.019438476440169234
vertex 0.8296729075500342 -0.4 -0.02228873118478469
endloop
endfacet
facet normal 0 0 0
outer loop
vertex 0.8535533905932737 0.0 -0.019438476440169234
vertex 0.8759199037394887 0.0 -0.016692249742856526
vertex 0.8759199037394887 -0.4 -0.016692249742856526
endloop
endfacet
facet normal 0 0 0
outer loop
vertex 0.8535533905932737 0.0 -0.019438476440169234
vertex 0.8759199037394887 -0.4 -0.016692249742856526
vertex 0.8535533905932737 -0.4 -0.019438476440169234
endloop
endfacet
facet normal 0 0 0
outer loop
vertex 0.8759199037394887 0.0 -0.016692249742856526
vertex 0.8966766701456175 0.0 -0.01407563512442207
vertex 0.8966766701456175 -0.4 -0.01407563512442207
endloop
endfacet
facet normal 0 0 0
outer loop
vertex 0.8759199037394887 0.0 -0.016692249742856526
vertex 0.8966766701456175 -0.4 -0.01407563512442207
vertex 0.8759199037394887 -0.4 -0.016692249742856526
endloop
endfacet
facet normal 0 0 0
outer loop
vertex 0.8966766701456175 0.0 -0.01407563512442207
vertex 0.9157348061512725 0.0 -0.011613847211967487
vertex 0.9157348061512725 -0.4 -0.011613847211967487
endloop
endfacet
facet normal 0 0 0
outer loop
vertex 0.8966766701456175 0.0 -0.01407563512442207
vertex 0.9157348061512725 -0.4 -0.011613847211967487
vertex 0.8966766701456175 -0.4 -0.01407563512442207
endloop
endfacet
facet normal 0 0 0
outer loop
vertex 0.9157348061512725 0.0 -0.011613847211967487
vertex 0.9330127018922192 0.0 -0.009331508505708802
vertex 0.9330127018922192 -0.4 -0.009331508505708802
endloop
endfacet
facet normal 0 0 0
outer loop
vertex 0.9157348061512725 0.0 -0.011613847211967487
vertex 0.9330127018922192 -0.4 -0.009331508505708802
vertex 0.9157348061512725 -0.4 -0.011613847211967487
endloop
endfacet
facet normal 0 0 0
outer loop
vertex 0.9330127018922192 0.0 -0.009331508505708802
vertex 0.9484363707663441 0.0 -0.007252340729863562
vertex 0.9484363707663441 -0.4 -0.007252340729863562
endloop
endfacet
facet normal 0 0 0
outer loop
vertex 0.9330127018922192 0.0 -0.009331508505708802
vertex 0.9484363707663441 -0.4 -0.007252340729863562
vertex 0.9330127018922192 -0.4 -0.009331508505708802
endloop
endfacet
facet normal 0 0 0
outer loop
vertex 0.9484363707663441 0.0 -0.007252340729863562
vertex 0.9619397662556434 0.0 -0.005398784513679219
vertex 0.9619397662556434 -0.4 -0.005398784513679219
endloop
endfacet
facet normal 0 0 0
outer loop
vertex 0.9484363707663441 0.0 -0.007252340729863562
vertex 0.9619397662556434 -0.4 -0.005398784513679219
vertex 0.9484363707663441 -0.4 -0.007252340729863562
endloop
endfacet
facet normal 0 0 0
outer loop
vertex 0.9619397662556434 0.0 -0.005398784513679219
vertex 0.9734650647475528 0.0 -0.003791568163800854
vertex 0.9734650647475528 -0.4 -0.003791568163800854
endloop
endfacet
facet normal 0 0 0
outer loop
vertex 0.9619397662556434 0.0 -0.005398784513679219
vertex 0.9734650647475528 -0.4 -0.003791568163800854
vertex 0.9619397662556434 -0.4 -0.005398784513679219
endloop
endfacet
facet normal 0 0 0
outer loop
vertex 0.9734650647475528 0.0 -0.003791568163800854
vertex 0.9829629131445341 0.0 -0.0024492511580229024
vertex 0.9829629131445341 -0.4 -0.0024492511580229024
endloop
endfacet
facet normal 0 0 0
outer loop
vertex 0.9734650647475528 0.0 -0.003791568163800854
vertex 0.9829629131445341 -0.4 -0.0024492511580229024
vertex 0.9734650647475528 -0.4 -0.003791568163800854
endloop
endfacet
facet normal 0 0 0
outer loop
vertex 0.9829629131445341 0.0 -0.0024492511580229024
vertex 0.9903926402016152 0.0 -0.001387770872870664
vertex 0.9903926402016152 -0.4 -0.001387770872870664
endloop
endfacet
facet normal 0 0 0
outer loop
vertex 0.9829629131445341 0.0 -0.0024492511580229024
vertex 0.9903926402016152 -0.4 -0.001387770872870664
vertex 0.9829629131445341 -0.4 -0.0024492511580229024
endloop
endfacet
facet normal 0 0 0
outer loop
vertex 0.9903926402016152 0.0 -0.001387770872870664
vertex 0.9957224306869052 0.0 -0.0006200217522744633
vertex 0.9957224306869052 -0.4 -0.0006200217522744633
endloop
endfacet
facet normal 0 0 0
outer loop
vertex 0.9903926402016152 0.0 -0.001387770872870664
vertex 0.9957224306869052 -0.4 -0.0006200217522744633
vertex 0.9903926402016152 -0.4 -0.001387770872870664
endloop
endfacet
facet normal 0 0 0
outer loop
vertex 0.9957224306869052 0.0 -0.0006200217522744633
vertex 0.9989294616193017 0.0 -0.0001554945938687019
vertex 0.9989294616193017 -0.4 -0.0001554945938687019
endloop
endfacet
facet normal 0 0 0
outer loop
vertex 0.9957224306869052 0.0 -0.0006200217522744633
vertex 0.9989294616193017 -0.4 -0.0001554945938687019
vertex 0.9957224306869052 -0.4 -0.0006200217522744633
endloop
endfacet
facet normal 0 0 0
outer loop
vertex 0.9989294616193017 0.0 -0.0001554945938687019
vertex 1.0 0.0 1.6653345369377347e-17
vertex 1.0 -0.4 1.6653345369377347e-17
endloop
endfacet
facet normal 0 0 0
outer loop
vertex 0.9989294616193017 0.0 -0.0001554945938687019
vertex 1.0 -0.4 1.6653345369377347e-17
vertex 0.9989294616193017 -0.4 -0.0001554945938687019
endloop
endfacet
facet normal 0 0 0
outer loop
vertex 1.0 0.4 -1.6653345369377347e-17
vertex 0.9989294616193017 0.4 0.0001554945938687019
vertex 0.9989294616193017 0.0 0.0001554945938687019
endloop
endfacet
facet normal 0 0 0
outer loop
vertex 1.0 0.4 -1.6653345369377347e-17
vertex 0.9989294616193017 0.0 0.0001554945938687019
vertex 1.0 0.0 -1.6653345369377347e-17
endloop
endfacet
facet normal 0 0 0
outer loop
vertex 0.9989294616193017 0.4 0.0001554945938687019
vertex 0.9957224306869052 0.4 0.0006200217522744633
vertex 0.9957224306869052 0.0 0.0006200217522744633
endloop
endfacet
facet normal 0 0 0
outer loop
vertex 0.9989294616193017 0.4 0.0001554945938687019
vertex 0.9957224306869052 0.0 0.0006200217522744633
vertex 0.9989294616193017 0.0 0.0001554945938687019
endloop
endfacet
facet normal 0 0 0
outer loop
vertex 0.9957224306869052 0.4 0.0006200217522744633
vertex 0.9903926402016152 0.4 0.001387770872870664
vertex 0.9903926402016152 0.0 0.001387770872870664
endloop
endfacet
facet normal 0 0 0
outer loop
vertex 0.9957224306869052 0.4 0.0006200217522744633
vertex 0.9903926402016152 0.0 0.001387770872870664
vertex 0.9957224306869052 0.0 0.0006200217522744633
endloop
endfacet
facet normal 0 0 0
outer loop
vertex 0.9903926402016152 0.4 0.001387770872870664
vertex 0.9829629131445341 0.4 0.0024492511580229024
vertex 0.9829629131445341 0.0 0.0024492511580229024
endloop
endfacet
facet normal 0 0 0
outer loop
vertex 0.9903926402016152 0.4 0.001387770872870664
vertex 0.9829629131445341 0.0 0.0024492511580229024
vertex 0.9903926402016152 0.0 0.001387770872870664
endloop
endfacet
facet normal 0 0 0
outer loop
vertex 0.9829629131445341 0.4 0.0024492511580229024
vertex 0.9734650647475528 0.4 0.003791568163800854
vertex 0.9734650647475528 0.0 0.003791568163800854
endloop
endfacet
facet normal 0 0 0
outer loop
vertex 0.9829629131445341 0.4 0.0024492511580229024
vertex 0.9734650647475528 0.0 0.003791568163800854
vertex 0.9829629131445341 0.0 0.0024492511580229024
endloop
endfacet
facet normal 0 0 0
outer loop
vertex 0.9734650647475528 0.4 0.003791568163800854
vertex 0.9619397662556434 0.4 0.005398784513679219
vertex 0.9619397662556434 0.0 0.005398784513679219
endloop
endfacet
facet normal 0 0 0
outer loop
vertex 0.9734650647475528 0.4 0.003791568163800854
vertex 0.9619397662556434 0.0 0.005398784513679219
vertex 0.9734650647475528 0.0 0.003791568163800854
endloop
endfacet
facet normal 0 0 0
outer loop
vertex 0.9619397662556434 0.4 0.005398784513679219
vertex 0.9484363707663441 0.4 0.007252340729863562
vertex 0.9484363707663441 0.0 0.007252340729863562
endloop
endfacet
facet normal 0 0 0
outer loop
vertex 0.9619397662556434 0.4 0.005398784513679219
vertex 0.9484363707663441 0.0 0.007252340729863562
vertex 0.9619397662556434 0.0 0.005398784513679219
endloop
endfacet
facet normal 0 0 0
outer loop
vertex 0.9484363707663441 0.4 0.007252340729863562
vertex 0.9330127018922192 0.4 0.009331508505708802
vertex 0.9330127018922192 0.0 0.009331508505708802
endloop
endfacet
facet normal 0 0 0
outer loop
vertex 0.9484363707663441 0.4 0.007252340729863562
vertex 0.9330127018922192 0.0 0.009331508505708802
vertex 0.9484363707663441 0.0 0.007252340729863562
endloop
endfacet
facet normal 0 0 0
outer loop
vertex 0.9330127018922192 0.4 0.009331508505708802
vertex 0.9157348061512725 0.4 0.011613847211967487
vertex 0.9157348061512725 0.0 0.011613847211967487
endloop
endfacet
facet normal 0 0 0
outer loop
vertex 0.9330127018922192 0.4 0.009331508505708802
vertex 0.9157348061512725 0.0 0.011613847211967487
vertex 0.9330127018922192 0.0 0.009331508505708802
endloop
endfacet
facet normal 0 0 0
outer loop
vertex 0.9157348061512725 0.4 0.011613847211967487
vertex 0.8966766701456175 0.4 0.01407563512442207
vertex 0.8966766701456175 0.0 0.01407563512442207
endloop
endfacet
facet normal 0 0 0
outer loop
vertex 0.9157348061512725 0.4 0.011613847211967487
vertex 0.8966766701456175 0.0 0.01407563512442207
vertex 0.9157348061512725 0.0 0.011613847211967487
endloop
endfacet
facet normal 0 0 0
outer loop
vertex 0.8966766701456175 0.4 0.01407563512442207
vertex 0.8759199037394887 0.4 0.016692249742856526
vertex 0.8759199037394887 0.0 0.016692249742856526
endloop
endfacet
facet normal 0 0 0
outer loop
vertex 0.8966766701456175 0.4 0.01407563512442207
vertex 0.8759199037394887 0.0 0.016692249742856526
vertex 0.8966766701456175 0.0 0.01407563512442207
endloop
endfacet
facet normal 0 0 0
outer loop
vertex 0.8759199037394887 0.4 0.016692249742856526
vertex 0.8535533905932737 0.4 0.019438476440169234
vertex 0.8535533905932737 0.0 0.019438476440169234
endloop
endfacet
facet normal 0 0 0
outer loop
vertex 0.8759199037394887 0.4 0.016692249742856526
vertex 0.8535533905932737 0.0 0.019438476440169234
vertex 0.8759199037394887 0.0 0.016692249742856526
endloop
endfacet
facet normal 0 0 0
outer loop
vertex 0.8535533905932737 0.4 0.019438476440169234
vertex 0.8296729075500342 0.4 0.02228873118478469
vertex 0.8296729075500342 0.0 0.02228873118478469
endloop
endfacet
facet normal 0 0 0
outer loop
vertex 0.8535533905932737 0.4 0.019438476440169234
vertex 0.8296729075500342 0.0 0.02228873118478469
vertex 0.8535533905932737 0.0 0.019438476440169234
endloop
endfacet
facet normal 0 0 0
outer loop
vertex 0.8296729075500342 0.4 0.02228873118478469
vertex 0.8043807145043602 0.4 0.025217190742879054
vertex 0.8043807145043602 0.0 0.025217190742879054
endloop
endfacet
facet normal 0 0 0
outer loop
vertex 0.8296729075500342 0.4 0.02228873118478469
vertex 0.8043807145043602 0.0 0.025217190742879054
vertex 0.8296729075500342 0.0 0.02228873118478469
endloop
endfacet
facet normal 0 0 0
outer loop
vertex 0.8043807145043602 0.4 0.025217190742879054
vertex 0.777785116509801 0.4 0.028197832020626604
vertex 0.777785116509801 0.0 0.028197832020626604
endloop
endfacet
facet normal 0 0 0
outer loop
vertex 0.8043807145043602 0.4 0.025217190742879054
vertex 0.777785116509801 0.0 0.028197832020626604
vertex 0.8043807145043602 0.0 0.025217190742879054
endloop
endfacet
facet normal 0 0 0
outer loop
vertex 0.777785116509801 0.4 0.028197832020626604
vertex 0.7499999999999999 0.4 0.031204390430159917
vertex 0.7499999999999999 0.0 0.031204390430159917
endloop
endfacet
facet normal 0 0 0
outer loop
vertex 0.777785116509801 0.4 0.028197832020626604
vertex 0.7499999999999999 0.0 0.031204390430159917
vertex 0.777785116509801 0.0 0.028197832020626604
endloop
endfacet
facet normal 0 0 0
outer loop
vertex 0.7499999999999999 0.4 0.031204390430159917
vertex 0.7211443451095005 0.4 0.034210254728183835
vertex 0.7211443451095005 0.0 0.034210254728183835
endloop
endfacet
facet normal 0 0 0
outer loop
vertex 0.7499999999999999 0.4 0.031204390430159917
vertex 0.7211443451095005 0.0 0.034210254728183835
vertex 0.7499999999999999 0.0 0.031204390430159917
endloop
endfacet
facet normal 0 0 0
outer loop
vertex 0.7211443451095005 0.4 0.034210254728183835
vertex 0.6913417161825448 0.4 0.03718832209301556
vertex 0.6913417161825448 0.0 0.03718832209301556
endloop
endfacet
facet normal 0 0 0
outer loop
vertex 0.7211443451095005 0.4 0.034210254728183835
vertex 0.6913417161825448 0.0 0.03718832209301556
vertex 0.7211443451095005 0.0 0.034210254728183835
endloop
endfacet
facet normal 0 0 0
outer loop
vertex 0.6913417161825448 0.4 0.03718832209301556
vertex 0.6607197326515807 0.4 0.04011084176505622
vertex 0.6607197326515807 0.0 0.04011084176505622
endloop
endfacet
facet normal 0 0 0
outer loop
vertex 0.6913417161825448 0.4 0.03718832209301556
vertex 0.6607197326515807 0.0 0.04011084176505622
vertex 0.6913417161825448 0.0 0.03718832209301556
endloop
endfacet
facet normal 0 0 0
outer loop
vertex 0.6607197326515807 0.4 0.04011084176505622
vertex 0.6294095225512604 0.4 0.04294927798703397
vertex 0.6294095225512604 0.0 0.04294927798703397
endloop
endfacet
facet normal 0 0 0
outer loop
vertex 0.6607197326515807 0.4 0.04011084176505622
vertex 0.6294095225512604 0.0 0.04294927798703397
vertex 0.6607197326515807 0.0 0.04011084176505622
endloop
endfacet
facet normal 0 0 0
outer loop
vertex 0.6294095225512604 0.4 0.04294927798703397
vertex 0.597545161008064 0.4 0.04567422300226117
vertex 0.597545161008064 0.0 0.04567422300226117
endloop
endfacet
facet normal 0 0 0
outer loop
vertex 0.6294095225512604 0.4 0.04294927798703397
vertex 0.597545161008064 0.0 0.04567422300226117
vertex 0.6294095225512604 0.0 0.04294927798703397
endloop
endfacet
facet normal 0 0 0
outer loop
vertex 0.597545161008064 0.4 0.04567422300226117
vertex 0.5652630961100257 0.4 0.04825538842864665
vertex 0.5652630961100257 0.0 0.04825538842864665
endloop
endfacet
facet normal 0 0 0
outer loop
vertex 0.597545161008064 0.4 0.04567422300226117
vertex 0.5652630961100257 0.0 0.04825538842864665
vertex 0.597545161008064 0.0 0.04567422300226117
endloop
endfacet
facet normal 0 0 0
outer loop
vertex 0.5652630961100257 0.4 0.04825538842864665
vertex 0.5327015646150715 0.4 0.050661698527007235
vertex 0.5327015646150715 0.0 0.050661698527007235
endloop
endfacet
facet normal 0 0 0
outer loop
vertex 0.5652630961100257 0.4 0.04825538842864665
vertex 0.5327015646150715 0.0 0.050661698527007235
vertex 0.5652630961100257 0.0 0.04825538842864665
endloop
endfacet
facet normal 0 0 0
outer loop
vertex 0.5327015646150715 0.4 0.050661698527007235
vertex 0.49999999999999994 0.4 0.05286150200057158
vertex 0.49999999999999994 0.0 0.05286150200057158
endloop
endfacet
facet normal 0 0 0
outer loop
vertex 0.5327015646150715 0.4 0.050661698527007235
vertex 0.49999999999999994 0.0 0.05286150200057158
vertex 0.5327015646150715 0.0 0.050661698527007235
endloop
endfacet
facet normal 0 0 0
outer loop
vertex 0.49999999999999994 0.4 0.05286150200057158
vertex 0.4672984353849284 0.4 0.054822910430942555
vertex 0.4672984353849284 0.0 0.054822910430942555
endloop
endfacet
facet normal 0 0 0
outer loop
vertex 0.49999999999999994 0.4 0.05286150200057158
vertex 0.4672984353849284 0.0 0.054822910430942555
vertex 0.49999999999999994 0.0 0.05286150200057158
endloop
endfacet
facet normal 0 0 0
outer loop
vertex 0.4672984353849284 0.4 0.054822910430942555
vertex 0.43473690388997416 0.4 0.0565142618354297
vertex 0.43473690388997416 0.0 0.0565142618354297
endloop
endfacet
facet normal 0 0 0
outer loop
vertex 0.4672984353849284 0.4 0.054822910430942555
vertex 0.43473690388997416 0.0 0.0565142618354297
vertex 0.4672984353849284 0.0 0.054822910430942555
endloop
endfacet
facet normal 0 0 0
outer loop
vertex 0.43473690388997416 0.4 0.0565142618354297
vertex 0.40245483899193585 0.4 0.05790469777483515
vertex 0.40245483899193585 0.0 0.05790469777483515
endloop
endfacet
facet normal 0 0 0
outer loop
vertex 0.43473690388997416 0.4 0.0565142618354297
vertex 0.40245483899193585 0.0 0.05790469777483515
vertex 0.43473690388997416 0.0 0.0565142618354297
endloop
endfacet
facet normal 0 0 0
outer loop
vertex 0.40245483899193585 0.4 0.05790469777483515
vertex 0.3705904774487395 0.4 0.05896483265098817
vertex 0.3705904774487395 0.0 0.05896483265098817
endloop
endfacet
facet normal 0 0 0
outer loop
vertex 0.40245483899193585 0.4 0.05790469777483515
vertex 0.3705904774487395 0.0 0.05896483265098817
vertex 0.40245483899193585 0.0 0.05790469777483515
endloop
endfacet
facet normal 0 0 0
outer loop
vertex 0.3705904774487395 0.4 0.05896483265098817
vertex 0.33928026734841915 0.4 0.05966748501166886
vertex 0.33928026734841915 0.0 0.05966748501166886
endloop
endfacet
facet normal 0 0 0
outer loop
vertex 0.3705904774487395 0.4 0.05896483265098817
vertex 0.33928026734841915 0.0 0.05966748501166886
vertex 0.3705904774487395 0.0 0.05896483265098817
endloop
endfacet
facet normal 0 0 0
outer loop
vertex 0.33928026734841915 0.4 0.05966748501166886
vertex 0.3086582838174551 0.4 0.05998843348126799
vertex 0.3086582838174551 0.0 0.05998843348126799
endloop
endfacet
facet normal 0 0 0
outer loop
vertex 0.33928026734841915 0.4 0.05966748501166886
vertex 0.3086582838174551 0.0 0.05998843348126799
vertex 0.33928026734841915 0.0 0.05966748501166886
endloop
endfacet
facet normal 0 0 0
outer loop
vertex 0.3086582838174551 0.4 0.05998843348126799
vertex 0.27885565489049924 0.4 0.05990715491907005
vertex 0.27885565489049924 0.0 0.05990715491907005
endloop
endfacet
facet normal 0 0 0
outer loop
vertex 0.3086582838174551 0.4 0.05998843348126799
vertex 0.27885565489049924 0.0 0.05990715491907005
vertex 0.3086582838174551 0.0 0.05998843348126799
endloop
endfacet
facet normal 0 0 0
outer loop
vertex 0.27885565489049924 0.4 0.05990715491907005
vertex 0.24999999999999994 0.4 0.05940749999999998
vertex 0.24999999999999994 0.0 0.05940749999999998
endloop
endfacet
facet normal 0 0 0
outer loop
vertex 0.27885565489049924 0.4 0.05990715491907005
vertex 0.24999999999999994 0.0 0.05940749999999998
vertex 0.27885565489049924 0.0 0.05990715491907005
endloop
endfacet
facet normal 0 0 0
outer loop
vertex 0.24999999999999994 0.4 0.05940749999999998
vertex 0.2222148834901988 0.4 0.05847826187608956
vertex 0.2222148834901988 0.0 0.05847826187608956
endloop
endfacet
facet normal 0 0 0
outer loop
vertex 0.24999999999999994 0.4 0.05940749999999998
vertex 0.2222148834901988 0.0 0.05847826187608956
vertex 0.24999999999999994 0.0 0.05940749999999998
endloop
endfacet
facet normal 0 0 0
outer loop
vertex 0.2222148834901988 0.4 0.05847826187608956
vertex 0.19561928549563967 0.4 0.05711359698546706
vertex 0.19561928549563967 0.0 0.05711359698546706
endloop
endfacet
facet normal 0 0 0
outer loop
vertex 0.2222148834901988 0.4 0.05847826187608956
vertex 0.19561928549563967 0.0 0.05711359698546706
vertex 0.2222148834901988 0.0 0.05847826187608956
endloop
endfacet
facet normal 0 0 0
outer loop
vertex 0.19561928549563967 0.4 0.05711359698546706
vertex 0.17032709244996552 0.4 0.05531326330908538
vertex 0.17032709244996552 0.0 0.05531326330908538
endloop
endfacet
facet normal 0 0 0
outer loop
vertex 0.19561928549563967 0.4 0.05711359698546706
vertex 0.17032709244996552 0.0 0.05531326330908538
vertex 0.19561928549563967 0.0 0.05711359698546706
endloop
endfacet
facet normal 0 0 0
outer loop
vertex 0.17032709244996552 0.4 0.05531326330908538
vertex 0.1464466094067262 0.4 0.05308265012290848
vertex 0.1464466094067262 0.0 0.05308265012290848
endloop
endfacet
facet normal 0 0 0
outer loop
vertex 0.17032709244996552 0.4 0.05531326330908538
vertex 0.1464466094067262 0.0 0.05308265012290848
vertex 0.17032709244996552 0.0 0.05531326330908538
endloop
endfacet
facet normal 0 0 0
outer loop
vertex 0.1464466094067262 0.4 0.05308265012290848
vertex 0.12408009626051131 0.4 0.05043258407089161
vertex 0.12408009626051131 0.0 0.05043258407089161
endloop
endfacet
facet normal 0 0 0
outer loop
vertex 0.1464466094067262 0.4 0.05308265012290848
vertex 0.12408009626051131 0.0 0.05043258407089161
vertex 0.1464466094067262 0.0 0.05308265012290848
endloop
endfacet
facet normal 0 0 0
outer loop
vertex 0.12408009626051131 0.4 0.05043258407089161
vertex 0.10332332985438236 0.4 0.047378908563692375
vertex 0.10332332985438236 0.0 0.047378908563692375
endloop
endfacet
facet normal 0 0 0
outer loop
vertex 0.12408009626051131 0.4 0.05043258407089161
vertex 0.10332332985438236 0.0 0.047378908563692375
vertex 0.12408009626051131 0.0 0.05043258407089161
endloop
endfacet
facet normal 0 0 0
outer loop
vertex 0.10332332985438236 0.4 0.047378908563692375
vertex 0.08426519384872738 0.4 0.04394184635641601
vertex 0.08426519384872738 0.0 0.04394184635641601
endloop
endfacet
facet normal 0 0 0
outer loop
vertex 0.10332332985438236 0.4 0.047378908563692375
vertex 0.08426519384872738 0.0 0.04394184635641601
vertex 0.10332332985438236 0.0 0.047378908563692375
endloop
endfacet
facet normal 0 0 0
outer loop
vertex 0.08426519384872738 0.4 0.04394184635641601
vertex 0.06698729810778065 0.4 0.04014516788398887
vertex 0.06698729810778065 0.0 0.04014516788398887
endloop
endfacet
facet normal 0 0 0
outer loop
vertex 0.08426519384872738 0.4 0.04394184635641601
vertex 0.06698729810778065 0.0 0.04014516788398887
vertex 0.08426519384872738 0.0 0.04394184635641601
endloop
endfacet
facet normal 0 0 0
outer loop
vertex 0.06698729810778065 0.4 0.04014516788398887
vertex 0.05156362923365582 0.4 0.03601519973540295
vertex 0.05156362923365582 0.0 0.03601519973540295
endloop
endfacet
facet normal 0 0 0
outer loop
vertex 0.06698729810778065 0.4 0.04014516788398887
vertex 0.05156362923365582 0.0 0.03601519973540295
vertex 0.06698729810778065 0.0 0.04014516788398887
endloop
endfacet
facet normal 0 0 0
outer loop
vertex 0.05156362923365582 0.4 0.03601519973540295
vertex 0.03806023374435663 0.4 0.031579717772709154
vertex 0.03806023374435663 0.0 0.031579717772709154
endloop
endfacet
facet normal 0 0 0
outer loop
vertex 0.05156362923365582 0.4 0.03601519973540295
vertex 0.03806023374435663 0.0 0.031579717772709154
vertex 0.05156362923365582 0.0 0.03601519973540295
endloop
endfacet
facet normal 0 0 0
outer loop
vertex 0.03806023374435663 0.4 0.031579717772709154
vertex 0.026534935252447156 0.4 0.026866777185655433
vertex 0.026534935252447156 0.0 0.026866777185655433
endloop
endfacet
facet normal 0 0 0
outer loop
vertex 0.03806023374435663 0.4 0.031579717772709154
vertex 0.026534935252447156 0.0 0.026866777185655433
vertex 0.03806023374435663 0.0 0.031579717772709154
endloop
endfacet
facet normal 0 0 0
outer loop
vertex 0.026534935252447156 0.4 0.026866777185655433
vertex 0.017037086855465844 0.4 0.021903536694259613
vertex 0.017037086855465844 0.0 0.021903536694259613
endloop
endfacet
facet normal 0 0 0
outer loop
vertex 0.026534935252447156 0.4 0.026866777185655433
vertex 0.017037086855465844 0.0 0.021903536694259613
vertex 0.026534935252447156 0.0 0.026866777185655433
endloop
endfacet
facet normal 0 0 0
outer loop
vertex 0.017037086855465844 0.4 0.021903536694259613
vertex 0.009607359798384785 0.4 0.016715135818221018
vertex 0.009607359798384785 0.0 0.016715135818221018
endloop
endfacet
facet normal 0 0 0
outer loop
vertex 0.017037086855465844 0.4 0.021903536694259613
vertex 0.009607359798384785 0.0 0.016715135818221018
vertex 0.017037086855465844 0.0 0.021903536694259613
endloop
endfacet
facet normal 0 0 0
outer loop
vertex 0.009607359798384785 0.4 0.016715135818221018
vertex 0.004277569313094809 0.4 0.011323682469811717
vertex 0.004277569313094809 0.0 0.011323682469811717
endloop
endfacet
facet normal 0 0 0
outer loop
vertex 0.009607359798384785 0.4 0.016715135818221018
vertex 0.004277569313094809 0.0 0.011323682469811717
vertex 0.009607359798384785 0.0 0.016715135818221018
endloop
endfacet
facet normal 0 0 0
outer loop
vertex 0.004277569313094809 0.4 0.011323682469811717
vertex 0.0010705383806982605 0.4 0.005747403150272752
vertex 0.0010705383806982605 0.0 0.005747403150272752
endloop
endfacet
facet normal 0 0 0
outer loop
vertex 0.004277569313094809 0.4 0.011323682469811717
vertex 0.0010705383806982605 0.0 0.005747403150272752
vertex 0.004277569313094809 0.0 0.011323682469811717
endloop
endfacet
facet normal 0 0 0
outer loop
vertex 0.0010705383806982605 0.4 0.005747403150272752
vertex 0.0 0.4 0.0
vertex 0.0 0.0 0.0
endloop
endfacet
facet normal 0 0 0
outer loop
vertex 0.0010705383806982605 0.4 0.005747403150272752
vertex 0.0 0.0 0.0
vertex 0.0010705383806982605 0.0 0.005747403150272752
endloop
endfacet
facet normal 0 0 0
outer loop
vertex 0.0 0.4 0.0
vertex 0.0010705383806982605 0.4 -0.005747403150272752
vertex 0.0010705383806982605 0.0 -0.005747403150272752
endloop
endfacet
facet normal 0 0 0
outer loop
vertex 0.0 0.4 0.0
vertex 0.0010705383806982605 0.0 -0.005747403150272752
vertex 0.0 0.0 0.0
endloop
endfacet
facet normal 0 0 0
outer loop
vertex 0.0010705383806982605 0.4 -0.005747403150272752
vertex 0.004277569313094809 0.4 -0.011323682469811717
vertex 0.004277569313094809 0.0 -0.011323682469811717
endloop
endfacet
facet normal 0 0 0
outer loop
vertex 0.0010705383806982605 0.4 -0.005747403150272752
vertex 0.004277569313094809 0.0 -0.011323682469811717
vertex 0.0010705383806982605 0.0 -0.005747403150272752
endloop
endfacet
facet normal 0 0 0
outer loop
vertex 0.004277569313094809 0.4 -0.011323682469811717
vertex 0.009607359798384785 0.4 -0.016715135818221018
vertex 0.009607359798384785 0.0 -0.016715135818221018
endloop
endfacet
facet normal 0 0 0
outer loop
vertex 0.004277569313094809 0.4 -0.011323682469811717
vertex 0.009607359798384785 0.0 -0.016715135818221018
vertex 0.004277569313094809 0.0 -0.011323682469811717
endloop
endfacet
facet normal 0 0 0
outer loop
vertex 0.009607359798384785 0.4 -0.016715135818221018
vertex 0.017037086855465844 0.4 -0.021903536694259613
vertex 0.017037086855465844 0.0 -0.021903536694259613
endloop
endfacet
facet normal 0 0 0
outer loop
vertex 0.009607359798384785 0.4 -0.016715135818221018
vertex 0.017037086855465844 0.0 -0.021903536694259613
vertex 0.009607359798384785 0.0 -0.016715135818221018
endloop
endfacet
facet normal 0 0 0
outer loop
vertex 0.017037086855465844 0.4 -0.021903536694259613
vertex 0.026534935252447156 0.4 -0.026866777185655433
vertex 0.026534935252447156 0.0 -0.026866777185655433
endloop
endfacet
facet normal 0 0 0
outer loop
vertex 0.017037086855465844 0.4 -0.021903536694259613
vertex 0.026534935252447156 0.0 -0.026866777185655433
vertex 0.017037086855465844 0.0 -0.021903536694259613
endloop
endfacet
facet normal 0 0 0
outer loop
vertex 0.026534935252447156 0.4 -0.026866777185655433
vertex 0.03806023374435663 0.4 -0.031579717772709154
vertex 0.03806023374435663 0.0 -0.031579717772709154
endloop
endfacet
facet normal 0 0 0
outer loop
vertex 0.026534935252447156 0.4 -0.026866777185655433
vertex 0.03806023374435663 0.0 -0.031579717772709154
vertex 0.026534935252447156 0.0 -0.026866777185655433
endloop
endfacet
facet normal 0 0 0
outer loop
vertex 0.03806023374435663 0.4 -0.031579717772709154
vertex 0.05156362923365582 0.4 -0.03601519973540295
vertex 0.05156362923365582 0.0 -0.03601519973540295
endloop
endfacet
facet normal 0 0 0
outer loop
vertex 0.03806023374435663 0.4 -0.031579717772709154
vertex 0.05156362923365582 0.0 -0.03601519973540295
vertex 0.03806023374435663 0.0 -0.031579717772709154
endloop
endfacet
facet normal 0 0 0
outer loop
vertex 0.05156362923365582 0.4 -0.03601519973540295
vertex 0.06698729810778065 0.4 -0.04014516788398887
vertex 0.06698729810778065 0.0 -0.04014516788398887
endloop
endfacet
facet normal 0 0 0
outer loop
vertex 0.05156362923365582 0.4 -0.03601519973540295
vertex 0.06698729810778065 0.0 -0.04014516788398887
vertex 0.05156362923365582 0.0 -0.03601519973540295
endloop
endfacet
facet normal 0 0 0
outer loop
vertex 0.06698729810778065 0.4 -0.04014516788398887
vertex 0.08426519384872738 0.4 -0.04394184635641601
vertex 0.08426519384872738 0.0 -0.04394184635641601
endloop
endfacet
facet normal 0 0 0
outer loop
vertex 0.06698729810778065 0.4 -0.04014516788398887
vertex 0.08426519384872738 0.0 -0.04394184635641601
vertex 0.06698729810778065 0.0 -0.04014516788398887
endloop
endfacet
facet normal 0 0 0
outer loop
vertex 0.08426519384872738 0.4 -0.04394184635641601
vertex 0.10332332985438236 0.4 -0.047378908563692375
vertex 0.10332332985438236 0.0 -0.047378908563692375
endloop
endfacet
facet normal 0 0 0
outer loop
vertex 0.08426519384872738 0.4 -0.04394184635641601
vertex 0.10332332985438236 0.0 -0.047378908563692375
vertex 0.08426519384872738 0.0 -0.04394184635641601
endloop
endfacet
facet normal 0 0 0
outer loop
vertex 0.10332332985438236 0.4 -0.047378908563692375
vertex 0.12408009626051131 0.4 -0.05043258407089161
vertex 0.12408009626051131 0.0 -0.05043258407089161
endloop
endfacet
facet normal 0 0 0
outer loop
vertex 0.10332332985438236 0.4 -0.047378908563692375
vertex 0.12408009626051131 0.0 -0.05043258407089161
vertex 0.10332332985438236 0.0 -0.047378908563692375
endloop
endfacet
facet normal 0 0 0
outer loop
vertex 0.12408009626051131 0.4 -0.05043258407089161
vertex 0.1464466094067262 0.4 -0.05308265012290848
vertex 0.1464466094067262 0.0 -0.05308265012290848
endloop
endfacet
facet normal 0 0 0
outer loop
vertex 0.12408009626051131 0.4 -0.05043258407089161
vertex 0.1464466094067262 0.0 -0.05308265012290848
vertex 0.12408009626051131 0.0 -0.05043258407089161
endloop
endfacet
facet normal 0 0 0
outer loop
vertex 0.1464466094067262 0.4 -0.05308265012290848
vertex 0.17032709244996552 0.4 -0.05531326330908538
vertex 0.17032709244996552 0.0 -0.05531326330908538
endloop
endfacet
facet normal 0 0 0
outer loop
vertex 0.1464466094067262 0.4 -0.05308265012290848
vertex 0.17032709244996552 0.0 -0.05531326330908538
vertex 0.1464466094067262 0.0 -0.05308265012290848
endloop
endfacet
facet normal 0 0 0
outer loop
vertex 0.17032709244996552 0.4 -0.05531326330908538
vertex 0.19561928549563967 0.4 -0.05711359698546706
vertex 0.19561928549563967 0.0 -0.05711359698546706
endloop
endfacet
facet normal 0 0 0
outer loop
vertex 0.17032709244996552 0.4 -0.05531326330908538
vertex 0.19561928549563967 0.0 -0.05711359698546706
vertex 0.17032709244996552 0.0 -0.05531326330908538
endloop
endfacet
facet normal 0 0 0
outer loop
vertex 0.19561928549563967 0.4 -0.05711359698546706
vertex 0.2222148834901988 0.4 -0.05847826187608956
vertex 0.2222148834901988 0.0 -0.05847826187608956
endloop
endfacet
facet normal 0 0 0
outer loop
vertex 0.19561928549563967 0.4 -0.05711359698546706
vertex 0.2222148834901988 0.0 -0.05847826187608956
vertex 0.19561928549563967 0.0 -0.05711359698546706
endloop
endfacet
facet normal 0 0 0
outer loop
vertex 0.2222148834901988 0.4 -0.05847826187608956
vertex 0.24999999999999994 0.4 -0.05940749999999998
vertex 0.24999999999999994 0.0 -0.05940749999999998
endloop
endfacet
facet normal 0 0 0
outer loop
vertex 0.2222148834901988 0.4 -0.05847826187608956
vertex 0.24999999999999994 0.0 -0.05940749999999998
vertex 0.2222148834901988 0.0 -0.05847826187608956
endloop
endfacet
facet normal 0 0 0
outer loop
vertex 0.24999999999999994 0.4 -0.05940749999999998
vertex 0.27885565489049924 0.4 -0.05990715491907005
vertex 0.27885565489049924 0.0 -0.05990715491907005
endloop
endfacet
facet normal 0 0 0
outer loop
vertex 0.24999999999999994 0.4 -0.05940749999999998
vertex 0.27885565489049924 0.0 -0.05990715491907005
vertex 0.24999999999999994 0.0 -0.05940749999999998
endloop
endfacet
facet normal 0 0 0
outer loop
vertex 0.27885565489049924 0.4 -0.05990715491907005
vertex 0.3086582838174551 0.4 -0.05998843348126799
vertex 0.3086582838174551 0.0 -0.05998843348126799
endloop
endfacet
facet normal 0 0 0
outer loop
vertex 0.27885565489049924 0.4 -0.05990715491907005
vertex 0.3086582838174551 0.0 -0.05998843348126799
vertex 0.27885565489049924 0.0 -0.05990715491907005
endloop
endfacet
facet normal 0 0 0
outer loop
vertex 0.3086582838174551 0.4 -0.05998843348126799
vertex 0.33928026734841915 0.4 -0.05966748501166886
vertex 0.33928026734841915 0.0 -0.05966748501166886
endloop
endfacet
facet normal 0 0 0
outer loop
vertex 0.3086582838174551 0.4 -0.05998843348126799
vertex 0.33928026734841915 0.0 -0.05966748501166886
vertex 0.3086582838174551 0.0 -0.05998843348126799
endloop
endfacet
facet normal 0 0 0
outer loop
vertex 0.33928026734841915 0.4 -0.05966748501166886
vertex 0.3705904774487395 0.4 -0.05896483265098817
vertex 0.3705904774487395 0.0 -0.05896483265098817
endloop
endfacet
facet normal 0 0 0
outer loop
vertex 0.33928026734841915 0.4 -0.05966748501166886
vertex 0.3705904774487395 0.0 -0.05896483265098817
vertex 0.33928026734841915 0.0 -0.05966748501166886
endloop
endfacet
facet normal 0 0 0
outer loop
vertex 0.3705904774487395 0.4 -0.05896483265098817
vertex 0.40245483899193585 0.4 -0.05790469777483515
vertex 0.40245483899193585 0.0 -0.05790469777483515
endloop
endfacet
facet normal 0 0 0
outer loop
vertex 0.3705904774487395 0.4 -0.05896483265098817
vertex 0.40245483899193585 0.0 -0.05790469777483515
vertex 0.3705904774487395 0.0 -0.05896483265098817
endloop
endfacet
facet normal 0 0 0
outer loop
vertex 0.40245483899193585 0.4 -0.05790469777483515
vertex 0.43473690388997416 0.4 -0.0565142618354297
vertex 0.43473690388997416 0.0 -0.0565142618354297
endloop
endfacet
facet normal 0 0 0
outer loop
vertex 0.40245483899193585 0.4 -0.05790469777483515
vertex 0.43473690388997416 0.0 -0.0565142618354297
vertex 0.40245483899193585 0.0 -0.05790469777483515
endloop
endfacet
facet normal 0 0 0
outer loop
vertex 0.43473690388997416 0.4 -0.0565142618354297
vertex 0.4672984353849284 0.4 -0.054822910430942555
vertex 0.4672984353849284 0.0 -0.054822910430942555
endloop
endfacet
facet normal 0 0 0
outer loop
vertex 0.43473690388997416 0.4 -0.0565142618354297
vertex 0.4672984353849284 0.0 -0.054822910430942555
vertex 0.43473690388997416 0.0 -0.0565142618354297
endloop
endfacet
facet normal 0 0 0
outer loop
vertex 0.4672984353849284 0.4 -0.054822910430942555
vertex 0.49999999999999994 0.4 -0.05286150200057158
vertex 0.49999999999999994 0.0 -0.05286150200057158
endloop
endfacet
facet normal 0 0 0
outer loop
vertex 0.4672984353849284 0.4 -0.054822910430942555
vertex 0.49999999999999994 0.0 -0.05286150200057158
vertex 0.4672984353849284 0.0 -0.054822910430942555
endloop
endfacet
facet normal 0 0 0
outer loop
vertex 0.49999999999999994 0.4 -0.05286150200057158
vertex 0.5327015646150715 0.4 -0.050661698527007235
vertex 0.5327015646150715 0.0 -0.050661698527007235
endloop
endfacet
facet normal 0 0 0
outer loop
vertex 0.49999999999999994 0.4 -0.05286150200057158
vertex 0.5327015646150715 0.0 -0.050661698527007235
vertex 0.49999999999999994 0.0 -0.05286150200057158
endloop
endfacet
facet normal 0 0 0
outer loop
vertex 0.5327015646150715 0.4 -0.050661698527007235
vertex 0.5652630961100257 0.4 -0.04825538842864665
vertex 0.5652630961100257 0.0 -0.04825538842864665
endloop
endfacet
facet normal 0 0 0
outer loop
vertex 0.5327015646150715 0.4 -0.050661698527007235
vertex 0.5652630961100257 0.0 -0.04825538842864665
vertex 0.5327015646150715 0.0 -0.050661698527007235
endloop
endfacet
facet normal 0 0 0
outer loop
vertex 0.5652630961100257 0.4 -0.04825538842864665
vertex 0.597545161008064 0.4 -0.04567422300226117
vertex 0.597545161008064 0.0 -0.04567422300226117
endloop
endfacet
facet normal 0 0 0
outer loop
vertex 0.5652630961100257 0.4 -0.04825538842864665
vertex 0.597545161008064 0.0 -0.04567422300226117
vertex 0.5652630961100257 0.0 -0.04825538842864665
endloop
endfacet
facet normal 0 0 0
outer loop
vertex 0.597545161008064 0.4 -0.04567422300226117
vertex 0.6294095225512604 0.4 -0.04294927798703397
vertex 0.6294095225512604 0.0 -0.04294927798703397
endloop
endfacet
facet normal 0 0 0
outer loop
vertex 0.597545161008064 0.4 -0.04567422300226117
vertex 0.6294095225512604 0.0 -0.04294927798703397
vertex 0.597545161008064 0.0 -0.04567422300226117
endloop
endfacet
facet normal 0 0 0
outer loop
vertex 0.6294095225512604 0.4 -0.04294927798703397
vertex 0.6607197326515807 0.4 -0.04011084176505622
vertex 0.6607197326515807 0.0 -0.04011084176505622
endloop
endfacet
facet normal 0 0 0
outer loop
vertex 0.6294095225512604 0.4 -0.04294927798703397
vertex 0.6607197326515807 0.0 -0.04011084176505622
vertex 0.6294095225512604 0.0 -0.04294927798703397
endloop
endfacet
facet normal 0 0 0
outer loop
vertex 0.6607197326515807 0.4 -0.04011084176505622
vertex 0.6913417161825448 0.4 -0.03718832209301556
vertex 0.6913417161825448 0.0 -0.03718832209301556
endloop
endfacet
facet normal 0 0 0
outer loop
vertex 0.6607197326515807 0.4 -0.04011084176505622
vertex 0.6913417161825448 0.0 -0.03718832209301556
vertex 0.6607197326515807 0.0 -0.04011084176505622
endloop
endfacet
facet normal 0 0 0
outer loop
vertex 0.6913417161825448 0.4 -0.03718832209301556
vertex 0.7211443451095005 0.4 -0.034210254728183835
vertex 0.7211443451095005 0.0 -0.034210254728183835
endloop
endfacet
facet normal 0 0 0
outer loop
vertex 0.6913417161825448 0.4 -0.03718832209301556
vertex 0.7211443451095005 0.0 -0.034210254728183835
vertex 0.6913417161825448 0.0 -0.03718832209301556
endloop
endfacet
facet normal 0 0 0
outer loop
vertex 0.7211443451095005 0.4 -0.034210254728183835
vertex 0.7499999999999999 0.4 -0.031204390430159917
vertex 0.7499999999999999 0.0 -0.031204390430159917
endloop
endfacet
facet normal 0 0 0
outer loop
vertex 0.7211443451095005 0.4 -0.034210254728183835
vertex 0.7499999999999999 0.0 -0.031204390430159917
vertex 0.7211443451095005 0.0 -0.034210254728183835
endloop
endfacet
facet normal 0 0 0
outer loop
vertex 0.7499999999999999 0.4 -0.031204390430159917
vertex 0.777785116509801 0.4 -0.028197832020626604
vertex 0.777785116509801 0.0 -0.028197832020626604
endloop
endfacet
facet normal 0 0 0
outer loop
vertex 0.7499999999999999 0.4 -0.031204390430159917
vertex 0.777785116509801 0.0 -0.028197832020626604
vertex 0.7499999999999999 0.0 -0.031204390430159917
endloop
endfacet
facet normal 0 0 0
outer loop
vertex 0.777785116509801 0.4 -0.028197832020626604
vertex 0.8043807145043602 0.4 -0.025217190742879054
vertex 0.8043807145043602 0.0 -0.025217190742879054
endloop
endfacet
facet normal 0 0 0
outer loop
vertex 0.777785116509801 0.4 -0.028197832020626604
vertex 0.8043807145043602 0.0 -0.025217190742879054
vertex 0.777785116509801 0.0 -0.028197832020626604
endloop
endfacet
facet normal 0 0 0
outer loop
vertex 0.8043807145043602 0.4 -0.025217190742879054
vertex 0.8296729075500342 0.4 -0.02228873118478469
vertex 0.8296729075500342 0.0 -0.02228873118478469
endloop
endfacet
facet normal 0 0 0
outer loop
vertex 0.8043807145043602 0.4 -0.025217190742879054
vertex 0.8296729075500342 0.0 -0.02228873118478469
vertex 0.8043807145043602 0.0 -0.025217190742879054
endloop
endfacet
facet normal 0 0 0
outer loop
vertex 0.8296729075500342 0.4 -0.02228873118478469
vertex 0.8535533905932737 0.4 -0.019438476440169234
vertex 0.8535533905932737 0.0 -0.019438476440169234
endloop
endfacet
facet normal 0 0 0
outer loop
vertex 0.8296729075500342 0.4 -0.02228873118478469
vertex 0.8535533905932737 0.0 -0.019438476440169234
vertex 0.8296729075500342 0.0 -0.02228873118478469
endloop
endfacet
facet normal 0 0 0
outer loop
vertex 0.8535533905932737 0.4 -0.019438476440169234
vertex 0.8759199037394887 0.4 -0.016692249742856526
vertex 0.8759199037394887 0.0 -0.016692249742856526
endloop
endfacet
facet normal 0 0 0
outer loop
vertex 0.8535533905932737 0.4 -0.019438476440169234
vertex 0.8759199037394887 0.0 -0.016692249742856526
vertex 0.8535533905932737 0.0 -0.019438476440169234
endloop
endfacet
facet normal 0 0 0
outer loop
vertex 0.8759199037394887 0.4 -0.016692249742856526
vertex 0.8966766701456175 0.4 -0.01407563512442207
vertex 0.8966766701456175 0.0 -0.01407563512442207
endloop
endfacet
facet normal 0 0 0
outer loop
vertex 0.8759199037394887 0.4 -0.016692249742856526
vertex 0.8966766701456175 0.0 -0.01407563512442207
vertex 0.8759199037394887 0.0 -0.016692249742856526
endloop
endfacet
facet normal 0 0 0
outer loop
vertex 0.8966766701456175 0.4 -0.01407563512442207
vertex 0.9157348061512725 0.4 -0.011613847211967487
vertex 0.9157348061512725 0.0 -0.011613847211967487
endloop
endfacet
facet normal 0 0 0
outer loop
vertex 0.8966766701456175 0.4 -0.01407563512442207
vertex 0.9157348061512725 0.0 -0.011613847211967487
vertex 0.8966766701456175 0.0 -0.01407563512442207
endloop
endfacet
facet normal 0 0 0
outer loop
vertex 0.9157348061512725 0.4 -0.011613847211967487
vertex 0.9330127018922192 0.4 -0.009331508505708802
vertex 0.9330127018922192 0.0 -0.009331508505708802
endloop
endfacet
facet normal 0 0 0
outer loop
vertex 0.9157348061512725 0.4 -0.011613847211967487
vertex 0.9330127018922192 0.0 -0.009331508505708802
vertex 0.9157348061512725 0.0 -0.011613847211967487
endloop
endfacet
facet normal 0 0 0
outer loop
vertex 0.9330127018922192 0.4 -0.009331508505708802
vertex 0.9484363707663441 0.4 -0.007252340729863562
vertex 0.9484363707663441 0.0 -0.007252340729863562
endloop
endfacet
facet normal 0 0 0
outer loop
vertex 0.9330127018922192 0.4 -0.009331508505708802
vertex 0.9484363707663441 0.0 -0.007252340729863562
vertex 0.9330127018922192 0.0 -0.009331508505708802
endloop
endfacet
facet normal 0 0 0
outer loop
vertex 0.9484363707663441 0.4 -0.007252340729863562
vertex 0.9619397662556434 0.4 -0.005398784513679219
vertex 0.9619397662556434 0.0 -0.005398784513679219
endloop
endfacet
facet normal 0 0 0
outer loop
vertex 0.9484363707663441 0.4 -0.007252340729863562
vertex 0.9619397662556434 0.0 -0.005398784513679219
vertex 0.9484363707663441 0.0 -0.007252340729863562
endloop
endfacet
facet normal 0 0 0
outer loop
vertex 0.9619397662556434 0.4 -0.005398784513679219
vertex 0.9734650647475528 0.4 -0.003791568163800854
vertex 0.9734650647475528 0.0 -0.003791568163800854
endloop
endfacet
facet normal 0 0 0
outer loop
vertex 0.9619397662556434 0.4 -0.005398784513679219
vertex 0.9734650647475528 0.0 -0.003791568163800854
vertex 0.9619397662556434 0.0 -0.005398784513679219
endloop
endfacet
facet normal 0 0 0
outer loop
vertex 0.9734650647475528 0.4 -0.003791568163800854
vertex 0.9829629131445341 0.4 -0.0024492511580229024
vertex 0.9829629131445341 0.0 -0.0024492511580229024
endloop
endfacet
facet normal 0 0 0
outer loop
vertex 0.9734650647475528 0.4 -0.003791568163800854
vertex 0.9829629131445341 0.0 -0.0024492511580229024
vertex 0.9734650647475528 0.0 -0.003791568163800854
endloop
endfacet
facet normal 0 0 0
outer loop
vertex 0.9829629131445341 0.4 -0.0024492511580229024
vertex 0.9903926402016152 0.4 -0.001387770872870664
vertex 0.9903926402016152 0.0 -0.001387770872870664
endloop
endfacet
facet normal 0 0 0
outer loop
vertex 0.9829629131445341 0.4 -0.0024492511580229024
vertex 0.9903926402016152 0.0 -0.001387770872870664
vertex 0.9829629131445341 0.0 -0.0024492511580229024
endloop
endfacet
facet normal 0 0 0
outer loop
vertex 0.9903926402016152 0.4 -0.001387770872870664
vertex 0.9957224306869052 0.4 -0.0006200217522744633
vertex 0.9957224306869052 0.0 -0.0006200217522744633
endloop
endfacet
facet normal 0 0 0
outer loop
vertex 0.9903926402016152 0.4 -0.001387770872870664
vertex 0.9957224306869052 0.0 -0.0006200217522744633
vertex 0.9903926402016152 0.0 -0.001387770872870664
endloop
endfacet
facet normal 0 0 0
outer loop
vertex 0.9957224306869052 0.4 -0.0006200217522744633
vertex 0.9989294616193017 0.4 -0.0001554945938687019
vertex 0.9989294616193017 0.0 -0.0001554945938687019
endloop
endfacet
facet normal 0 0 0
outer loop
vertex 0.9957224306869052 0.4 -0.0006200217522744633
vertex 0.9989294616193017 0.0 -0.0001554945938687019
vertex 0.9957224306869052 0.0 -0.0006200217522744633
endloop
endfacet
facet normal 0 0 0
outer loop
vertex 0.9989294616193017 0.4 -0.0001554945938687019
vertex 1.0 0.4 1.6653345369377347e-17
vertex 1.0 0.0 1.6653345369377347e-17
endloop
endfacet
facet normal 0 0 0
outer loop
vertex 0.9989294616193017 0.4 -0.0001554945938687019
vertex 1.0 0.0 1.6653345369377347e-17
vertex 0.9989294616193017 0.0 -0.0001554945938687019
endloop
endfacet
facet normal 0 0 0
outer loop
vertex 1.0 0.8 -1.6653345369377347e-17
vertex 0.9989294616193017 0.8 0.0001554945938687019
vertex 0.9989294616193017 0.4 0.0001554945938687019
endloop
endfacet
facet normal 0 0 0
outer loop
vertex 1.0 0.8 -1.6653345369377347e-17
vertex 0.9989294616193017 0.4 0.0001554945938687019
vertex 1.0 0.4 -1.6653345369377347e-17
endloop
endfacet
facet normal 0 0 0
outer loop
vertex 0.9989294616193017 0.8 0.0001554945938687019
vertex 0.9957224306869052 0.8 0.0006200217522744633
vertex 0.9957224306869052 0.4 0.0006200217522744633
endloop
endfacet
facet normal 0 0 0
outer loop
vertex 0.9989294616193017 0.8 0.0001554945938687019
vertex 0.9957224306869052 0.4 0.0006200217522744633
vertex 0.9989294616193017 0.4 0.0001554945938687019
endloop
endfacet
facet normal 0 0 0
outer loop
vertex 0.9957224306869052 0.8 0.0006200217522744633
vertex 0.9903926402016152 0.8 0.001387770872870664
vertex 0.9903926402016152 0.4 0.001387770872870664
endloop
endfacet
facet normal 0 0 0
outer loop
vertex 0.9957224306869052 0.8 0.0006200217522744633
vertex 0.9903926402016152 0.4 0.001387770872870664
vertex 0.9957224306869052 0.4 0.0006200217522744633
endloop
endfacet
facet normal 0 0 0
outer loop
vertex 0.9903926402016152 0.8 0.001387770872870664
vertex 0.9829629131445341 0.8 0.0024492511580229024
vertex 0.9829629131445341 0.4 0.0024492511580229024
endloop
endfacet
facet normal 0 0 0
outer loop
vertex 0.9903926402016152 0.8 0.001387770872870664
vertex 0.9829629131445341 0.4 0.0024492511580229024
vertex 0.9903926402016152 0.4 0.001387770872870664
endloop
endfacet
facet normal 0 0 0
outer loop
vertex 0.9829629131445341 0.8 0.0024492511580229024
vertex 0.9734650647475528 0.8 0.003791568163800854
vertex 0.9734650647475528 0.4 0.003791568163800854
endloop
endfacet
facet normal 0 0 0
outer loop
vertex 0.9829629131445341 0.8 0.0024492511580229024
vertex 0.9734650647475528 0.4 0.003791568163800854
vertex 0.9829629131445341 0.4 0.0024492511580229024
endloop
endfacet
facet normal 0 0 0
outer loop
vertex 0.9734650647475528 0.8 0.003791568163800854
vertex 0.9619397662556434 0.8 0.005398784513679219
vertex 0.9619397662556434 0.4 0.005398784513679219
endloop
endfacet
facet normal 0 0 0
outer loop
vertex 0.9734650647475528 0.8 0.003791568163800854
vertex 0.9619397662556434 0.4 0.005398784513679219
vertex 0.9734650647475528 0.4 0.003791568163800854
endloop
endfacet
facet normal 0 0 0
outer loop
vertex 0.9619397662556434 0.8 0.005398784513679219
vertex 0.9484363707663441 0.8 0.007252340729863562
vertex 0.9484363707663441 0.4 0.007252340729863562
endloop
endfacet
facet normal 0 0 0
outer loop
vertex 0.9619397662556434 0.8 0.005398784513679219
vertex 0.9484363707663441 0.4 0.007252340729863562
vertex 0.9619397662556434 0.4 0.005398784513679219
endloop
endfacet
facet normal 0 0 0
outer loop
vertex 0.9484363707663441 0.8 0.007252340729863562
vertex 0.9330127018922192 0.8 0.009331508505708802
vertex 0.9330127018922192 0.4 0.009331508505708802
endloop
endfacet
facet normal 0 0 0
outer loop
vertex 0.9484363707663441 0.8 0.007252340729863562
vertex 0.9330127018922192 0.4 0.009331508505708802
vertex 0.9484363707663441 0.4 0.007252340729863562
endloop
endfacet
facet normal 0 0 0
outer loop
vertex 0.9330127018922192 0.8 0.009331508505708802
vertex 0.9157348061512725 0.8 0.011613847211967487
vertex 0.9157348061512725 0.4 0.011613847211967487
endloop
endfacet
facet normal 0 0 0
outer loop
vertex 0.9330127018922192 0.8 0.009331508505708802
vertex 0.9157348061512725 0.4 0.011613847211967487
vertex 0.9330127018922192 0.4 0.009331508505708802
endloop
endfacet
facet normal 0 0 0
outer loop
vertex 0.9157348061512725 0.8 0.011613847211967487
vertex 0.8966766701456175 0.8 0.01407563512442207
vertex 0.8966766701456175 0.4 0.01407563512442207
endloop
endfacet
facet normal 0 0 0
outer loop
vertex 0.9157348061512725 0.8 0.011613847211967487
vertex 0.8966766701456175 0.4 0.01407563512442207
vertex 0.9157348061512725 0.4 0.011613847211967487
endloop
endfacet
facet normal 0 0 0
outer loop
vertex 0.8966766701456175 0.8 0.01407563512442207
vertex 0.8759199037394887 0.8 0.016692249742856526
vertex 0.8759199037394887 0.4 0.016692249742856526
endloop
endfacet
facet normal 0 0 0
outer loop
vertex 0.8966766701456175 0.8 0.01407563512442207
vertex 0.8759199037394887 0.4 0.016692249742856526
vertex 0.8966766701456175 0.4 0.01407563512442207
endloop
endfacet
facet normal 0 0 0
outer loop
vertex 0.8759199037394887 0.8 0.016692249742856526
vertex 0.8535533905932737 0.8 0.019438476440169234
vertex 0.8535533905932737 0.4 0.019438476440169234
endloop
endfacet
facet normal 0 0 0
outer loop
vertex 0.8759199037394887 0.8 0.016692249742856526
vertex 0.8535533905932737 0.4 0.019438476440169234
vertex 0.8759199037394887 0.4 0.016692249742856526
endloop
endfacet
facet normal 0 0 0
outer loop
vertex 0.8535533905932737 0.8 0.019438476440169234
vertex 0.8296729075500342 0.8 0.02228873118478469
vertex 0.8296729075500342 0.4 0.02228873118478469
endloop
endfacet
facet normal 0 0 0
outer loop
vertex 0.8535533905932737 0.8 0.019438476440169234
vertex 0.8296729075500342 0.4 0.02228873118478469
vertex 0.8535533905932737 0.4 0.019438476440169234
endloop
endfacet
facet normal 0 0 0
outer loop
vertex 0.8296729075500342 0.8 0.02228873118478469
vertex 0.8043807145043602 0.8 0.025217190742879054
vertex 0.8043807145043602 0.4 0.025217190742879054
endloop
endfacet
facet normal 0 0 0
outer loop
vertex 0.8296729075500342 0.8 0.02228873118478469
vertex 0.8043807145043602 0.4 0.025217190742879054
vertex 0.8296729075500342 0.4 0.02228873118478469
endloop
endfacet
facet normal 0 0 0
outer loop
vertex 0.8043807145043602 0.8 0.025217190742879054
vertex 0.777785116509801 0.8 0.028197832020626604
vertex 0.777785116509801 0.4 0.028197832020626604
endloop
endfacet
facet normal 0 0 0
outer loop
vertex 0.8043807145043602 0.8 0.025217190742879054
vertex 0.777785116509801 0.4 0.028197832020626604
vertex 0.8043807145043602 0.4 0.025217190742879054
endloop
endfacet
facet normal 0 0 0
outer loop
vertex 0.777785116509801 0.8 0.028197832020626604
vertex 0.7499999999999999 0.8 0.031204390430159917
vertex 0.7499999999999999 0.4 0.031204390430159917
endloop
endfacet
facet normal 0 0 0
outer loop
vertex 0.777785116509801 0.8 0.028197832020626604
vertex 0.7499999999999999 0.4 0.031204390430159917
vertex 0.777785116509801 0.4 0.028197832020626604
endloop
endfacet
facet normal 0 0 0
outer loop
vertex 0.7499999999999999 0.8 0.031204390430159917
vertex 0.7211443451095005 0.8 0.034210254728183835
vertex 0.7211443451095005 0.4 0.034210254728183835
endloop
endfacet
facet normal 0 0 0
outer loop
vertex 0.7499999999999999 0.8 0.031204390430159917
vertex 0.7211443451095005 0.4 0.034210254728183835
vertex 0.7499999999999999 0.4 0.031204390430159917
endloop
endfacet
facet normal 0 0 0
outer loop
vertex 0.7211443451095005 0.8 0.034210254728183835
vertex 0.6913417161825448 0.8 0.03718832209301556
vertex 0.6913417161825448 0.4 0.03718832209301556
endloop
endfacet
facet normal 0 0 0
outer loop
vertex 0.7211443451095005 0.8 0.034210254728183835
vertex 0.6913417161825448 0.4 0.03718832209301556
vertex 0.7211443451095005 0.4 0.034210254728183835
endloop
endfacet
facet normal 0 0 0
outer loop
vertex 0.6913417161825448 0.8 0.03718832209301556
vertex 0.6607197326515807 0.8 0.04011084176505622
vertex 0.6607197326515807 0.4 0.04011084176505622
endloop
endfacet
facet normal 0 0 0
outer loop
vertex 0.6913417161825448 0.8 0.03718832209301556
vertex 0.6607197326515807 0.4 0.04011084176505622
vertex 0.6913417161825448 0.4 0.03718832209301556
endloop
endfacet
facet normal 0 0 0
outer loop
vertex 0.6607197326515807 0.8 0.04011084176505622
vertex 0.6294095225512604 0.8 0.04294927798703397
vertex 0.6294095225512604 0.4 0.04294927798703397
endloop
endfacet
facet normal 0 0 0
outer loop
vertex 0.6607197326515807 0.8 0.04011084176505622
vertex 0.6294095225512604 0.4 0.04294927798703397
vertex 0.6607197326515807 0.4 0.04011084176505622
endloop
endfacet
facet normal 0 0 0
outer loop
vertex 0.6294095225512604 0.8 0.04294927798703397
vertex 0.597545161008064 0.8 0.04567422300226117
vertex 0.597545161008064 0.4 0.04567422300226117
endloop
endfacet
facet normal 0 0 0
outer loop
vertex 0.6294095225512604 0.8 0.04294927798703397
vertex 0.597545161008064 0.4 0.04567422300226117
vertex 0.6294095225512604 0.4 0.04294927798703397
endloop
endfacet
facet normal 0 0 0
outer loop
vertex 0.597545161008064 0.8 0.04567422300226117
vertex 0.5652630961100257 0.8 0.04825538842864665
vertex 0.5652630961100257 0.4 0.04825538842864665
endloop
endfacet
facet normal 0 0 0
outer loop
vertex 0.597545161008064 0.8 0.04567422300226117
vertex 0.5652630961100257 0.4 0.04825538842864665
vertex 0.597545161008064 0.4 0.04567422300226117
endloop
endfacet
facet normal 0 0 0
outer loop
vertex 0.5652630961100257 0.8 0.04825538842864665
vertex 0.5327015646150715 0.8 0.050661698527007235
vertex 0.5327015646150715 0.4 0.050661698527007235
endloop
endfacet
facet normal 0 0 0
outer loop
vertex 0.5652630961100257 0.8 0.04825538842864665
vertex 0.5327015646150715 0.4 0.050661698527007235
vertex 0.5652630961100257 0.4 0.04825538842864665
endloop
endfacet
facet normal 0 0 0
outer loop
vertex 0.5327015646150715 0.8 0.050661698527007235
vertex 0.49999999999999994 0.8 0.05286150200057158
vertex 0.49999999999999994 0.4 0.05286150200057158
endloop
endfacet
facet normal 0 0 0
outer loop
vertex 0.5327015646150715 0.8 0.050661698527007235
vertex 0.49999999999999994 0.4 0.05286150200057158
vertex 0.5327015646150715 0.4 0.050661698527007235
endloop
endfacet
facet normal 0 0 0
outer loop
vertex 0.49999999999999994 0.8 0.05286150200057158
vertex 0.4672984353849284 0.8 0.054822910430942555
vertex 0.4672984353849284 0.4 0.054822910430942555
endloop
endfacet
facet normal 0 0 0
outer loop
vertex 0.49999999999999994 0.8 0.05286150200057158
vertex 0.4672984353849284 0.4 0.054822910430942555
vertex 0.49999999999999994 0.4 0.05286150200057158
endloop
endfacet
facet normal 0 0 0
outer loop
vertex 0.4672984353849284 0.8 0.054822910430942555
vertex 0.43473690388997416 0.8 0.0565142618354297
vertex 0.43473690388997416 0.4 0.0565142618354297
endloop
endfacet
facet normal 0 0 0
outer loop
vertex 0.4672984353849284 0.8 0.054822910430942555
vertex 0.43473690388997416 0.4 0.0565142618354297
vertex 0.4672984353849284 0.4 0.054822910430942555
endloop
endfacet
facet normal 0 0 0
outer loop
vertex 0.43473690388997416 0.8 0.0565142618354297
vertex 0.40245483899193585 0.8 0.05790469777483515
vertex 0.40245483899193585 0.4 0.05790469777483515
endloop
endfacet
facet normal 0 0 0
outer loop
vertex 0.43473690388997416 0.8 0.0565142618354297
vertex 0.40245483899193585 0.4 0.05790469777483515
vertex 0.43473690388997416 0.4 0.0565142618354297
endloop
endfacet
facet normal 0 0 0
outer loop
vertex 0.40245483899193585 0.8 0.05790469777483515
vertex 0.3705904774487395 0.8 0.05896483265098817
vertex 0.3705904774487395 0.4 0.05896483265098817
endloop
endfacet
facet normal 0 0 0
outer loop
vertex 0.40245483899193585 0.8 0.05790469777483515
vertex 0.3705904774487395 0.4 0.05896483265098817
vertex 0.40245483899193585 0.4 0.05790469777483515
endloop
endfacet
facet normal 0 0 0
outer loop
vertex 0.3705904774487395 0.8 0.05896483265098817
vertex 0.33928026734841915 0.8 0.05966748501166886
vertex 0.33928026734841915 0.4 0.05966748501166886
endloop
endfacet
facet normal 0 0 0
outer loop
vertex 0.3705904774487395 0.8 0.05896483265098817
vertex 0.33928026734841915 0.4 0.05966748501166886
vertex 0.3705904774487395 0.4 0.05896483265098817
endloop
endfacet
facet normal 0 0 0
outer loop
vertex 0.33928026734841915 0.8 0.05966748501166886
vertex 0.3086582838174551 0.8 0.05998843348126799
vertex 0.3086582838174551 0.4 0.05998843348126799
endloop
endfacet
facet normal 0 0 0
outer loop
vertex 0.33928026734841915 0.8 0.05966748501166886
vertex 0.3086582838174551 0.4 0.05998843348126799
vertex 0.33928026734841915 0.4 0.05966748501166886
endloop
endfacet
facet normal 0 0 0
outer loop
vertex 0.3086582838174551 0.8 0.05998843348126799
vertex 0.27885565489049924 0.8 0.05990715491907005
vertex 0.27885565489049924 0.4 0.05990715491907005
endloop
endfacet
facet normal 0 0 0
outer loop
vertex 0.3086582838174551 0.8 0.05998843348126799
vertex 0.27885565489049924 0.4 0.05990715491907005
vertex 0.3086582838174551 0.4 0.05998843348126799
endloop
endfacet
facet normal 0 0 0
outer loop
vertex 0.27885565489049924 0.8 0.05990715491907005
vertex 0.24999999999999994 0.8 0.05940749999999998
vertex 0.24999999999999994 0.4 0.05940749999999998
endloop
endfacet
facet normal 0 0 0
outer loop
vertex 0.27885565489049924 0.8 0.05990715491907005
vertex 0.24999999999999994 0.4 0.05940749999999998
vertex 0.27885565489049924 0.4 0.05990715491907005
endloop
endfacet
facet normal 0 0 0
outer loop
vertex 0.24999999999999994 0.8 0.05940749999999998
vertex 0.2222148834901988 0.8 0.05847826187608956
vertex 0.2222148834901988 0.4 0.05847826187608956
endloop
endfacet
facet normal 0 0 0
outer loop
vertex 0.24999999999999994 0.8 0.05940749999999998
vertex 0.2222148834901988 0.4 0.05847826187608956
vertex 0.24999999999999994 0.4 0.05940749999999998
endloop
endfacet
facet normal 0 0 0
outer loop
vertex 0.2222148834901988 0.8 0.05847826187608956
vertex 0.19561928549563967 0.8 0.05711359698546706
vertex 0.19561928549563967 0.4 0.05711359698546706
endloop
endfacet
facet normal 0 0 0
outer loop
vertex 0.2222148834901988 0.8 0.05847826187608956
vertex 0.19561928549563967 0.4 0.05711359698546706
vertex 0.2222148834901988 0.4 0.05847826187608956
endloop
endfacet
facet normal 0 0 0
outer loop
vertex 0.19561928549563967 0.8 0.05711359698546706
vertex 0.17032709244996552 0.8 0.05531326330908538
vertex 0.17032709244996552 0.4 0.05531326330908538
endloop
endfacet
facet normal 0 0 0
outer loop
vertex 0.19561928549563967 0.8 0.05711359698546706
vertex 0.17032709244996552 0.4 0.05531326330908538
vertex 0.19561928549563967 0.4 0.05711359698546706
endloop
endfacet
facet normal 0 0 0
outer loop
vertex 0.17032709244996552 0.8 0.05531326330908538
vertex 0.1464466094067262 0.8 0.05308265012290848
vertex 0.1464466094067262 0.4 0.05308265012290848
endloop
endfacet
facet normal 0 0 0
outer loop
vertex 0.17032709244996552 0.8 0.05531326330908538
vertex 0.1464466094067262 0.4 0.05308265012290848
vertex 0.17032709244996552 0.4 0.05531326330908538
endloop
endfacet
facet normal 0 0 0
outer loop
vertex 0.1464466094067262 0.8 0.05308265012290848
vertex 0.12408009626051131 0.8 0.05043258407089161
vertex 0.12408009626051131 0.4 0.05043258407089161
endloop
endfacet
facet normal 0 0 0
outer loop
vertex 0.1464466094067262 0.8 0.05308265012290848
vertex 0.12408009626051131 0.4 0.05043258407089161
vertex 0.1464466094067262 0.4 0.05308265012290848
endloop
endfacet
facet normal 0 0 0
outer loop
vertex 0.12408009626051131 0.8 0.05043258407089161
vertex 0.10332332985438236 0.8 0.047378908563692375
vertex 0.10332332985438236 0.4 0.047378908563692375
endloop
endfacet
facet normal 0 0 0
outer loop
vertex 0.12408009626051131 0.8 0.05043258407089161
vertex 0.10332332985438236 0.4 0.047378908563692375
vertex 0.12408009626051131 0.4 0.05043258407089161
endloop
endfacet
facet normal 0 0 0
outer loop
vertex 0.10332332985438236 0.8 0.047378908563692375
vertex 0.08426519384872738 0.8 0.04394184635641601
vertex 0.08426519384872738 0.4 0.04394184635641601
endloop
endfacet
facet normal 0 0 0
outer loop
vertex 0.10332332985438236 0.8 0.047378908563692375
vertex 0.08426519384872738 0.4 0.04394184635641601
vertex 0.10332332985438236 0.4 0.047378908563692375
endloop
endfacet
facet normal 0 0 0
outer loop
vertex 0.08426519384872738 0.8 0.04394184635641601
vertex 0.06698729810778065 0.8 0.04014516788398887
vertex 0.06698729810778065 0.4 0.04014516788398887
endloop
endfacet
facet normal 0 0 0
outer loop
vertex 0.08426519384872738 0.8 0.04394184635641601
vertex 0.06698729810778065 0.4 0.04014516788398887
vertex 0.08426519384872738 0.4 0.04394184635641601
endloop
endfacet
facet normal 0 0 0
outer loop
vertex 0.06698729810778065 0.8 0.04014516788398887
vertex 0.05156362923365582 0.8 0.03601519973540295
vertex 0.05156362923365582 0.4 0.03601519973540295
endloop
endfacet
facet normal 0 0 0
outer loop
vertex 0.06698729810778065 0.8 0.04014516788398887
vertex 0.05156362923365582 0.4 0.03601519973540295
vertex 0.06698729810778065 0.4 0.04014516788398887
endloop
endfacet
facet normal 0 0 0
outer loop
vertex 0.05156362923365582 0.8 0.03601519973540295
vertex 0.03806023374435663 0.8 0.031579717772709154
vertex 0.03806023374435663 0.4 0.031579717772709154
endloop
endfacet
facet normal 0 0 0
outer loop
vertex 0.05156362923365582 0.8 0.03601519973540295
vertex 0.03806023374435663 0.4 0.031579717772709154
vertex 0.05156362923365582 0.4 0.03601519973540295
endloop
endfacet
facet normal 0 0 0
outer loop
vertex 0.03806023374435663 0.8 0.031579717772709154
vertex 0.026534935252447156 0.8 0.026866777185655433
vertex 0.026534935252447156 0.4 0.026866777185655433
endloop
endfacet
facet normal 0 0 0
outer loop
vertex 0.03806023374435663 0.8 0.031579717772709154
vertex 0.026534935252447156 0.4 0.026866777185655433
vertex 0.03806023374435663 0.4 0.031579717772709154
endloop
endfacet
facet normal 0 0 0
outer loop
vertex 0.026534935252447156 0.8 0.026866777185655433
vertex 0.017037086855465844 0.8 0.021903536694259613
vertex 0.017037086855465844 0.4 0.021903536694259613
endloop
endfacet
facet normal 0 0 0
outer loop
vertex 0.026534935252447156 0.8 0.026866777185655433
vertex 0.017037086855465844 0.4 0.021903536694259613
vertex 0.026534935252447156 0.4 0.026866777185655433
endloop
endfacet
facet normal 0 0 0
outer loop
vertex 0.017037086855465844 0.8 0.021903536694259613
vertex 0.009607359798384785 0.8 0.016715135818221018
vertex 0.009607359798384785 0.4 0.016715135818221018
endloop
endfacet
facet normal 0 0 0
outer loop
vertex 0.017037086855465844 0.8 0.021903536694259613
vertex 0.009607359798384785 0.4 0.016715135818221018
vertex 0.017037086855465844 0.4 0.021903536694259613
endloop
endfacet
facet normal 0 0 0
outer loop
vertex 0.009607359798384785 0.8 0.016715135818221018
vertex 0.004277569313094809 0.8 0.011323682469811717
vertex 0.004277569313094809 0.4 0.011323682469811717
endloop
endfacet
facet normal 0 0 0
outer loop
vertex 0.009607359798384785 0.8 0.016715135818221018
vertex 0.004277569313094809 0.4 0.011323682469811717
vertex 0.009607359798384785 0.4 0.016715135818221018
endloop
endfacet
facet normal 0 0 0
outer loop
vertex 0.004277569313094809 0.8 0.011323682469811717
vertex 0.0010705383806982605 0.8 0.005747403150272752
vertex 0.0010705383806982605 0.4 0.005747403150272752
endloop
endfacet
facet normal 0 0 0
outer loop
vertex 0.004277569313094809 0.8 0.011323682469811717
vertex 0.0010705383806982605 0.4 0.005747403150272752
vertex 0.004277569313094809 0.4 0.011323682469811717
endloop
endfacet
facet normal 0 0 0
outer loop
vertex 0.0010705383806982605 0.8 0.005747403150272752
vertex 0.0 0.8 0.0
vertex 0.0 0.4 0.0
endloop
endfacet
facet normal 0 0 0
outer loop
vertex 0.0010705383806982605 0.8 0.005747403150272752
vertex 0.0 0.4 0.0
vertex 0.0010705383806982605 0.4 0.005747403150272752
endloop
endfacet
facet normal 0 0 0
outer loop
vertex 0.0 0.8 0.0
vertex 0.0010705383806982605 0.8 -0.005747403150272752
vertex 0.0010705383806982605 0.4 -0.005747403150272752
endloop
endfacet
facet normal 0 0 0
outer loop
vertex 0.0 0.8 0.0
vertex 0.0010705383806982605 0.4 -0.005747403150272752
vertex 0.0 0.4 0.0
endloop
endfacet
facet normal 0 0 0
outer loop
vertex 0.0010705383806982605 0.8 -0.005747403150272752
vertex 0.004277569313094809 0.8 -0.011323682469811717
vertex 0.004277569313094809 0.4 -0.011323682469811717
endloop
endfacet
facet normal 0 0 0
outer loop
vertex 0.0010705383806982605 0.8 -0.005747403150272752
vertex 0.004277569313094809 0.4 -0.011323682469811717
vertex 0.0010705383806982605 0.4 -0.005747403150272752
endloop
endfacet
facet normal 0 0 0
outer loop
vertex 0.004277569313094809 0.8 -0.011323682469811717
vertex 0.009607359798384785 0.8 -0.016715135818221018
vertex 0.009607359798384785 0.4 -0.016715135818221018
endloop
endfacet
facet normal 0 0 0
outer loop
vertex 0.004277569313094809 0.8 -0.011323682469811717
vertex 0.009607359798384785 0.4 -0.016715135818221018
vertex 0.004277569313094809 0.4 -0.011323682469811717
endloop
endfacet
facet normal 0 0 0
outer loop
vertex 0.009607359798384785 0.8 -0.016715135818221018
vertex 0.017037086855465844 0.8 -0.021903536694259613
vertex 0.017037086855465844 0.4 -0.021903536694259613
endloop
endfacet
facet normal 0 0 0
outer loop
vertex 0.009607359798384785 0.8 -0.016715135818221018
vertex 0.017037086855465844 0.4 -0.021903536694259613
vertex 0.009607359798384785 0.4 -0.016715135818221018
endloop
endfacet
facet normal 0 0 0
outer loop
vertex 0.017037086855465844 0.8 -0.021903536694259613
vertex 0.026534935252447156 0.8 -0.026866777185655433
vertex 0.026534935252447156 0.4 -0.026866777185655433
endloop
endfacet
facet normal 0 0 0
outer loop
vertex 0.017037086855465844 0.8 -0.021903536694259613
vertex 0.026534935252447156 0.4 -0.026866777185655433
vertex 0.017037086855465844 0.4 -0.021903536694259613
endloop
endfacet
facet normal 0 0 0
outer loop
vertex 0.026534935252447156 0.8 -0.026866777185655433
vertex 0.03806023374435663 0.8 -0.031579717772709154
vertex 0.03806023374435663 0.4 -0.031579717772709154
endloop
endfacet
facet normal 0 0 0
outer loop
vertex 0.026534935252447156 0.8 -0.026866777185655433
vertex 0.03806023374435663 0.4 -0.031579717772709154
vertex 0.026534935252447156 0.4 -0.026866777185655433
endloop
endfacet
facet normal 0 0 0
outer loop
vertex 0.03806023374435663 0.8 -0.031579717772709154
vertex 0.05156362923365582 0.8 -0.03601519973540295
vertex 0.05156362923365582 0.4 -0.03601519973540295
endloop
endfacet
facet normal 0 0 0
outer loop
vertex 0.03806023374435663 0.8 -0.031579717772709154
vertex 0.05156362923365582 0.4 -0.03601519973540295
vertex 0.03806023374435663 0.4 -0.031579717772709154
endloop
endfacet
facet normal 0 0 0
outer loop
vertex 0.05156362923365582 0.8 -0.03601519973540295
vertex 0.06698729810778065 0.8 -0.04014516788398887
vertex 0.06698729810778065 0.4 -0.04014516788398887
endloop
endfacet
facet normal 0 0 0
outer loop
vertex 0.05156362923365582 0.8 -0.03601519973540295
vertex 0.06698729810778065 0.4 -0.04014516788398887
vertex 0.05156362923365582 0.4 -0.03601519973540295
endloop
endfacet
facet normal 0 0 0
outer loop
vertex 0.06698729810778065 0.8 -0.04014516788398887
vertex 0.08426519384872738 0.8 -0.04394184635641601
vertex 0.08426519384872738 0.4 -0.04394184635641601
endloop
endfacet
facet normal 0 0 0
outer loop
vertex 0.06698729810778065 0.8 -0.04014516788398887
vertex 0.08426519384872738 0.4 -0.04394184635641601
vertex 0.06698729810778065 0.4 -0.04014516788398887
endloop
endfacet
facet normal 0 0 0
outer loop
vertex 0.08426519384872738 0.8 -0.04394184635641601
vertex 0.10332332985438236 0.8 -0.047378908563692375
vertex 0.10332332985438236 0.4 -0.047378908563692375
endloop
endfacet
facet normal 0 0 0
outer loop
vertex 0.08426519384872738 0.8 -0.04394184635641601
vertex 0.10332332985438236 0.4 -0.047378908563692375
vertex 0.08426519384872738 0.4 -0.04394184635641601
endloop
endfacet
facet normal 0 0 0
outer loop
vertex 0.10332332985438236 0.8 -0.047378908563692375
vertex 0.12408009626051131 0.8 -0.05043258407089161
vertex 0.12408009626051131 0.4 -0.05043258407089161
endloop
endfacet
facet normal 0 0 0
outer loop
vertex 0.10332332985438236 0.8 -0.047378908563692375
vertex 0.12408009626051131 0.4 -0.05043258407089161
vertex 0.10332332985438236 0.4 -0.047378908563692375
endloop
endfacet
facet normal 0 0 0
outer loop
vertex 0.12408009626051131 0.8 -0.05043258407089161
vertex 0.1464466094067262 0.8 -0.05308265012290848
vertex 0.1464466094067262 0.4 -0.05308265012290848
endloop
endfacet
facet normal 0 0 0
outer loop
vertex 0.12408009626051131 0.8 -0.05043258407089161
vertex 0.1464466094067262 0.4 -0.05308265012290848
vertex 0.12408009626051131 0.4 -0.05043258407089161
endloop
endfacet
facet normal 0 0 0
outer loop
vertex 0.1464466094067262 0.8 -0.05308265012290848
vertex 0.17032709244996552 0.8 -0.05531326330908538
vertex 0.17032709244996552 0.4 -0.05531326330908538
endloop
endfacet
facet normal 0 0 0
outer loop
vertex 0.1464466094067262 0.8 -0.05308265012290848
vertex 0.17032709244996552 0.4 -0.05531326330908538
vertex 0.1464466094067262 0.4 -0.05308265012290848
endloop
endfacet
facet normal 0 0 0
outer loop
vertex 0.17032709244996552 0.8 -0.05531326330908538
vertex 0.19561928549563967 0.8 -0.05711359698546706
vertex 0.19561928549563967 0.4 -0.05711359698546706
endloop
endfacet
facet normal 0 0 0
outer loop
vertex 0.17032709244996552 0.8 -0.05531326330908538
vertex 0.19561928549563967 0.4 -0.05711359698546706
vertex 0.17032709244996552 0.4 -0.05531326330908538
endloop
endfacet
facet normal 0 0 0
outer loop
vertex 0.19561928549563967 0.8 -0.05711359698546706
vertex 0.2222148834901988 0.8 -0.05847826187608956
vertex 0.2222148834901988 0.4 -0.05847826187608956
endloop
endfacet
facet normal 0 0 0
outer loop
vertex 0.19561928549563967 0.8 -0.05711359698546706
vertex 0.2222148834901988 0.4 -0.05847826187608956
vertex 0.19561928549563967 0.4 -0.05711359698546706
endloop
endfacet
facet normal 0 0 0
outer loop
vertex 0.2222148834901988 0.8 -0.05847826187608956
vertex 0.24999999999999994 0.8 -0.05940749999999998
vertex 0.24999999999999994 0.4 -0.05940749999999998
endloop
endfacet
facet normal 0 0 0
outer loop
vertex 0.2222148834901988 0.8 -0.05847826187608956
vertex 0.24999999999999994 0.4 -0.05940749999999998
vertex 0.2222148834901988 0.4 -0.05847826187608956
endloop
endfacet
facet normal 0 0 0
outer loop
vertex 0.24999999999999994 0.8 -0.05940749999999998
vertex 0.27885565489049924 0.8 -0.05990715491907005
vertex 0.27885565489049924 0.4 -0.05990715491907005
endloop
endfacet
facet normal 0 0 0
outer loop
vertex 0.24999999999999994 0.8 -0.05940749999999998
vertex 0.27885565489049924 0.4 -0.05990715491907005
vertex 0.24999999999999994 0.4 -0.05940749999999998
endloop
endfacet
facet normal 0 0 0
outer loop
vertex 0.27885565489049924 0.8 -0.05990715491907005
vertex 0.3086582838174551 0.8 -0.05998843348126799
vertex 0.3086582838174551 0.4 -0.05998843348126799
endloop
endfacet
facet normal 0 0 0
outer loop
vertex 0.27885565489049924 0.8 -0.05990715491907005
vertex 0.3086582838174551 0.4 -0.05998843348126799
vertex 0.27885565489049924 0.4 -0.05990715491907005
endloop
endfacet
facet normal 0 0 0
outer loop
vertex 0.3086582838174551 0.8 -0.05998843348126799
vertex 0.33928026734841915 0.8 -0.05966748501166886
vertex 0.33928026734841915 0.4 -0.05966748501166886
endloop
endfacet
facet normal 0 0 0
outer loop
vertex 0.3086582838174551 0.8 -0.05998843348126799
vertex 0.33928026734841915 0.4 -0.05966748501166886
vertex 0.3086582838174551 0.4 -0.05998843348126799
endloop
endfacet
facet normal 0 0 0
outer loop
vertex 0.33928026734841915 0.8 -0.05966748501166886
vertex 0.3705904774487395 0.8 -0.05896483265098817
vertex 0.3705904774487395 0.4 -0.05896483265098817
endloop
endfacet
facet normal 0 0 0
outer loop
vertex 0.33928026734841915 0.8 -0.05966748501166886
vertex 0.3705904774487395 0.4 -0.05896483265098817
vertex 0.33928026734841915 0.4 -0.05966748501166886
endloop
endfacet
facet normal 0 0 0
outer loop
vertex 0.3705904774487395 0.8 -0.05896483265098817
vertex 0.40245483899193585 0.8 -0.05790469777483515
vertex 0.40245483899193585 0.4 -0.05790469777483515
endloop
endfacet
facet normal 0 0 0
outer loop
vertex 0.3705904774487395 0.8 -0.05896483265098817
vertex 0.40245483899193585 0.4 -0.05790469777483515
vertex 0.3705904774487395 0.4 -0.05896483265098817
endloop
endfacet
facet normal 0 0 0
outer loop
vertex 0.40245483899193585 0.8 -0.05790469777483515
vertex 0.43473690388997416 0.8 -0.0565142618354297
vertex 0.43473690388997416 0.4 -0.0565142618354297
endloop
endfacet
facet normal 0 0 0
outer loop
vertex 0.40245483899193585 0.8 -0.05790469777483515
vertex 0.43473690388997416 0.4 -0.0565142618354297
vertex 0.40245483899193585 0.4 -0.05790469777483515
endloop
endfacet
facet normal 0 0 0
outer loop
vertex 0.43473690388997416 0.8 -0.0565142618354297
vertex 0.4672984353849284 0.8 -0.054822910430942555
vertex 0.4672984353849284 0.4 -0.054822910430942555
endloop
endfacet
facet normal 0 0 0
outer loop
vertex 0.43473690388997416 0.8 -0.0565142618354297
vertex 0.4672984353849284 0.4 -0.054822910430942555
vertex 0.43473690388997416 0.4 -0.0565142618354297
endloop
endfacet
facet normal 0 0 0
outer loop
vertex 0.4672984353849284 0.8 -0.054822910430942555
vertex 0.49999999999999994 0.8 -0.05286150200057158
vertex 0.49999999999999994 0.4 -0.05286150200057158
endloop
endfacet
facet normal 0 0 0
outer loop
vertex 0.4672984353849284 0.8 -0.054822910430942555
vertex 0.49999999999999994 0.4 -0.05286150200057158
vertex 0.4672984353849284 0.4 -0.054822910430942555
endloop
endfacet
facet normal 0 0 0
outer loop
vertex 0.49999999999999994 0.8 -0.05286150200057158
vertex 0.5327015646150715 0.8 -0.050661698527007235
vertex 0.5327015646150715 0.4 -0.050661698527007235
endloop
endfacet
facet normal 0 0 0
outer loop
vertex 0.49999999999999994 0.8 -0.05286150200057158
vertex 0.5327015646150715 0.4 -0.050661698527007235
vertex 0.49999999999999994 0.4 -0.05286150200057158
endloop
endfacet
facet normal 0 0 0
outer loop
vertex 0.5327015646150715 0.8 -0.050661698527007235
vertex 0.5652630961100257 0.8 -0.04825538842864665
vertex 0.5652630961100257 0.4 -0.04825538842864665
endloop
endfacet
facet normal 0 0 0
outer loop
vertex 0.5327015646150715 0.8 -0.050661698527007235
vertex 0.5652630961100257 0.4 -0.04825538842864665
vertex 0.5327015646150715 0.4 -0.050661698527007235
endloop
endfacet
facet normal 0 0 0
outer loop
vertex 0.5652630961100257 0.8 -0.04825538842864665
vertex 0.597545161008064 0.8 -0.04567422300226117
vertex 0.597545161008064 0.4 -0.04567422300226117
endloop
endfacet
facet normal 0 0 0
outer loop
vertex 0.5652630961100257 0.8 -0.04825538842864665
vertex 0.597545161008064 0.4 -0.04567422300226117
vertex 0.5652630961100257 0.4 -0.04825538842864665
endloop
endfacet
facet normal 0 0 0
outer loop
vertex 0.597545161008064 0.8 -0.04567422300226117
vertex 0.6294095225512604 0.8 -0.04294927798703397
vertex 0.6294095225512604 0.4 -0.04294927798703397
endloop
endfacet
facet normal 0 0 0
outer loop
vertex 0.597545161008064 0.8 -0.04567422300226117
vertex 0.6294095225512604 0.4 -0.04294927798703397
vertex 0.597545161008064 0.4 -0.04567422300226117
endloop
endfacet
facet normal 0 0 0
outer loop
vertex 0.6294095225512604 0.8 -0.04294927798703397
vertex 0.6607197326515807 0.8 -0.04011084176505622
vertex 0.6607197326515807 0.4 -0.04011084176505622
endloop
endfacet
facet normal 0 0 0
outer loop
vertex 0.6294095225512604 0.8 -0.04294927798703397
vertex 0.6607197326515807 0.4 -0.04011084176505622
vertex 0.6294095225512604 0.4 -0.04294927798703397
endloop
endfacet
facet normal 0 0 0
outer loop
vertex 0.6607197326515807 0.8 -0.04011084176505622
vertex 0.6913417161825448 0.8 -0.03718832209301556
vertex 0.6913417161825448 0.4 -0.03718832209301556
endloop
endfacet
facet normal 0 0 0
outer loop
vertex 0.6607197326515807 0.8 -0.04011084176505622
vertex 0.6913417161825448 0.4 -0.03718832209301556
vertex 0.6607197326515807 0.4 -0.04011084176505622
endloop
endfacet
facet normal 0 0 0
outer loop
vertex 0.6913417161825448 0.8 -0.03718832209301556
vertex 0.7211443451095005 0.8 -0.034210254728183835
vertex 0.7211443451095005 0.4 -0.034210254728183835
endloop
endfacet
facet normal 0 0 0
outer loop
vertex 0.6913417161825448 0.8 -0.03718832209301556
vertex 0.7211443451095005 0.4 -0.034210254728183835
vertex 0.6913417161825448 0.4 -0.03718832209301556
endloop
endfacet
facet normal 0 0 0
outer loop
vertex 0.7211443451095005 0.8 -0.034210254728183835
vertex 0.7499999999999999 0.8 -0.031204390430159917
vertex 0.7499999999999999 0.4 -0.031204390430159917
endloop
endfacet
facet normal 0 0 0
outer loop
vertex 0.7211443451095005 0.8 -0.034210254728183835
vertex 0.7499999999999999 0.4 -0.031204390430159917
vertex 0.7211443451095005 0.4 -0.034210254728183835
endloop
endfacet
facet normal 0 0 0
outer loop
vertex 0.7499999999999999 0.8 -0.031204390430159917
vertex 0.777785116509801 0.8 -0.028197832020626604
vertex 0.777785116509801 0.4 -0.028197832020626604
endloop
endfacet
facet normal 0 0 0
outer loop
vertex 0.7499999999999999 0.8 -0.031204390430159917
vertex 0.777785116509801 0.4 -0.028197832020626604
vertex 0.7499999999999999 0.4 -0.031204390430159917
endloop
endfacet
facet normal 0 0 0
outer loop
vertex 0.777785116509801 0.8 -0.028197832020626604
vertex 0.8043807145043602 0.8 -0.025217190742879054
vertex 0.8043807145043602 0.4 -0.025217190742879054
endloop
endfacet
facet normal 0 0 0
outer loop
vertex 0.777785116509801 0.8 -0.028197832020626604
vertex 0.8043807145043602 0.4 -0.025217190742879054
vertex 0.777785116509801 0.4 -0.028197832020626604
endloop
endfacet
facet normal 0 0 0
outer loop
vertex 0.8043807145043602 0.8 -0.025217190742879054
vertex 0.8296729075500342 0.8 -0.02228873118478469
vertex 0.8296729075500342 0.4 -0.02228873118478469
endloop
endfacet
facet normal 0 0 0
outer loop
vertex 0.8043807145043602 0.8 -0.025217190742879054
vertex 0.8296729075500342 0.4 -0.02228873118478469
vertex 0.8043807145043602 0.4 -0.025217190742879054
endloop
endfacet
facet normal 0 0 0
outer loop
vertex 0.8296729075500342 0.8 -0.02228873118478469
vertex 0.8535533905932737 0.8 -0.019438476440169234
vertex 0.8535533905932737 0.4 -0.019438476440169234
endloop
endfacet
facet normal 0 0 0
outer loop
vertex 0.8296729075500342 0.8 -0.02228873118478469
vertex 0.8535533905932737 0.4 -0.019438476440169234
vertex 0.8296729075500342 0.4 -0.02228873118478469
endloop
endfacet
facet normal 0 0 0
outer loop
vertex 0.8535533905932737 0.8 -0.019438476440169234
vertex 0.8759199037394887 0.8 -0.016692249742856526
vertex 0.8759199037394887 0.4 -0.016692249742856526
endloop
endfacet
facet normal 0 0 0
outer loop
vertex 0.8535533905932737 0.8 -0.019438476440169234
vertex 0.8759199037394887 0.4 -0.016692249742856526
vertex 0.8535533905932737 0.4 -0.019438476440169234
endloop
endfacet
facet normal 0 0 0
outer loop
vertex 0.8759199037394887 0.8 -0.016692249742856526
vertex 0.8966766701456175 0.8 -0.01407563512442207
vertex 0.8966766701456175 0.4 -0.01407563512442207
endloop
endfacet
facet normal 0 0 0
outer loop
vertex 0.8759199037394887 0.8 -0.016692249742856526
vertex 0.8966766701456175 0.4 -0.01407563512442207
vertex 0.8759199037394887 0.4 -0.016692249742856526
endloop
endfacet
facet normal 0 0 0
outer loop
vertex 0.8966766701456175 0.8 -0.01407563512442207
vertex 0.9157348061512725 0.8 -0.011613847211967487
vertex 0.9157348061512725 0.4 -0.011613847211967487
endloop
endfacet
facet normal 0 0 0
outer loop
vertex 0.8966766701456175 0.8 -0.01407563512442207
vertex 0.9157348061512725 0.4 -0.011613847211967487
vertex 0.8966766701456175 0.4 -0.01407563512442207
endloop
endfacet
facet normal 0 0 0
outer loop
vertex 0.9157348061512725 0.8 -0.011613847211967487
vertex 0.9330127018922192 0.8 -0.009331508505708802
vertex 0.9330127018922192 0.4 -0.009331508505708802
endloop
endfacet
facet normal 0 0 0
outer loop
vertex 0.9157348061512725 0.8 -0.011613847211967487
vertex 0.9330127018922192 0.4 -0.009331508505708802
vertex 0.9157348061512725 0.4 -0.011613847211967487
endloop
endfacet
facet normal 0 0 0
outer loop
vertex 0.9330127018922192 0.8 -0.009331508505708802
vertex 0.9484363707663441 0.8 -0.007252340729863562
vertex 0.9484363707663441 0.4 -0.007252340729863562
endloop
endfacet
facet normal 0 0 0
outer loop
vertex 0.9330127018922192 0.8 -0.009331508505708802
vertex 0.9484363707663441 0.4 -0.007252340729863562
vertex 0.9330127018922192 0.4 -0.009331508505708802
endloop
endfacet
facet normal 0 0 0
outer loop
vertex 0.9484363707663441 0.8 -0.007252340729863562
vertex 0.9619397662556434 0.8 -0.005398784513679219
vertex 0.9619397662556434 0.4 -0.005398784513679219
endloop
endfacet
facet normal 0 0 0
outer loop
vertex 0.9484363707663441 0.8 -0.007252340729863562
vertex 0.9619397662556434 0.4 -0.005398784513679219
vertex 0.9484363707663441 0.4 -0.007252340729863562
endloop
endfacet
facet normal 0 0 0
outer loop
vertex 0.9619397662556434 0.8 -0.005398784513679219
vertex 0.9734650647475528 0.8 -0.003791568163800854
vertex 0.9734650647475528 0.4 -0.003791568163800854
endloop
endfacet
facet normal 0 0 0
outer loop
vertex 0.9619397662556434 0.8 -0.005398784513679219
vertex 0.9734650647475528 0.4 -0.003791568163800854
vertex 0.9619397662556434 0.4 -0.005398784513679219
endloop
endfacet
facet normal 0 0 0
outer loop
vertex 0.9734650647475528 0.8 -0.003791568163800854
vertex 0.9829629131445341 0.8 -0.0024492511580229024
vertex 0.9829629131445341 0.4 -0.0024492511580229024
endloop
endfacet
facet normal 0 0 0
outer loop
vertex 0.9734650647475528 0.8 -0.003791568163800854
vertex 0.9829629131445341 0.4 -0.0024492511580229024
vertex 0.9734650647475528 0.4 -0.003791568163800854
endloop
endfacet
facet normal 0 0 0
outer loop
vertex 0.9829629131445341 0.8 -0.0024492511580229024
vertex 0.9903926402016152 0.8 -0.001387770872870664
vertex 0.9903926402016152 0.4 -0.001387770872870664
endloop
endfacet
facet normal 0 0 0
outer loop
vertex 0.9829629131445341 0.8 -0.0024492511580229024
vertex 0.9903926402016152 0.4 -0.001387770872870664
vertex 0.9829629131445341 0.4 -0.0024492511580229024
endloop
endfacet
facet normal 0 0 0
outer loop
vertex 0.9903926402016152 0.8 -0.001387770872870664
vertex 0.9957224306869052 0.8 -0.0006200217522744633
vertex 0.9957224306869052 0.4 -0.0006200217522744633
endloop
endfacet
facet normal 0 0 0
outer loop
vertex 0.9903926402016152 0.8 -0.001387770872870664
vertex 0.9957224306869052 0.4 -0.0006200217522744633
vertex 0.9903926402016152 0.4 -0.001387770872870664
endloop
endfacet
facet normal 0 0 0
outer loop
vertex 0.9957224306869052 0.8 -0.0006200217522744633
vertex 0.9989294616193017 0.8 -0.0001554945938687019
vertex 0.9989294616193017 0.4 -0.0001554945938687019
endloop
endfacet
facet normal 0 0 0
outer loop
vertex 0.9957224306869052 0.8 -0.0006200217522744633
vertex 0.9989294616193017 0.4 -0.0001554945938687019
vertex 0.9957224306869052 0.4 -0.0006200217522744633
endloop
endfacet
facet normal 0 0 0
outer loop
vertex 0.9989294616193017 0.8 -0.0001554945938687019
vertex 1.0 0.8 1.6653345369377347e-17
vertex 1.0 0.4 1.6653345369377347e-17
endloop
endfacet
facet normal 0 0 0
outer loop
vertex 0.9989294616193017 0.8 -0.0001554945938687019
vertex 1.0 0.4 1.6653345369377347e-17
vertex 0.9989294616193017 0.4 -0.0001554945938687019
endloop
endfacet
facet normal 0 0 0
outer loop
vertex 0.5051546391752576 -0.7999999999999985 5.413745590137671e-19
vertex 0.9989294616193017 -0.8 0.0001554945938687019
vertex 1.0 -0.8 -1.6653345369377347e-17
endloop
endfacet
facet normal 0 0 0
outer loop
vertex 0.5051546391752576 -0.7999999999999985 5.413745590137671e-19
vertex 0.9957224306869052 -0.8 0.0006200217522744633
vertex 0.9989294616193017 -0.8 0.0001554945938687019
endloop
endfacet
facet normal 0 0 0
outer loop
vertex 0.5051546391752576 -0.7999999999999985 5.413745590137671e-19
vertex 0.9903926402016152 -0.8 0.001387770872870664
vertex 0.9957224306869052 -0.8 0.0006200217522744633
endloop
endfacet
facet normal 0 0 0
outer loop
vertex 0.5051546391752576 -0.7999999999999985 5.413745590137671e-19
vertex 0.9829629131445341 -0.8 0.0024492511580229024
vertex 0.9903926402016152 -0.8 0.001387770872870664
endloop
endfacet
facet normal 0 0 0
outer loop
vertex 0.5051546391752576 -0.7999999999999985 5.413745590137671e-19
vertex 0.9734650647475528 -0.8 0.003791568163800854
vertex 0.9829629131445341 -0.8 0.0024492511580229024
endloop
endfacet
facet normal 0 0 0
outer loop
vertex 0.5051546391752576 -0.7999999999999985 5.413745590137671e-19
vertex 0.9619397662556434 -0.8 0.005398784513679219
vertex 0.9734650647475528 -0.8 0.003791568163800854
endloop
endfacet
facet normal 0 0 0
outer loop
vertex 0.5051546391752576 -0.7999999999999985 5.413745590137671e-19
vertex 0.9484363707663441 -0.8 0.007252340729863562
vertex 0.9619397662556434 -0.8 0.005398784513679219
endloop
endfacet
facet normal 0 0 0
outer loop
vertex 0.5051546391752576 -0.7999999999999985 5.413745590137671e-19
vertex 0.9330127018922192 -0.8 0.009331508505708802
vertex 0.9484363707663441 -0.8 0.007252340729863562
endloop
endfacet
facet normal 0 0 0
outer loop
vertex 0.5051546391752576 -0.7999999999999985 5.413745590137671e-19
vertex 0.9157348061512725 -0.8 0.011613847211967487
vertex 0.9330127018922192 -0.8 0.009331508505708802
endloop
endfacet
facet normal 0 0 0
outer loop
vertex 0.5051546391752576 -0.7999999999999985 5.413745590137671e-19
vertex 0.8966766701456175 -0.8 0.01407563512442207
vertex 0.9157348061512725 -0.8 0.011613847211967487
endloop
endfacet
facet normal 0 0 0
outer loop
vertex 0.5051546391752576 -0.7999999999999985 5.413745590137671e-19
vertex 0.8759199037394887 -0.8 0.016692249742856526
vertex 0.8966766701456175 -0.8 0.01407563512442207
endloop
endfacet
facet normal 0 0 0
outer loop
vertex 0.5051546391752576 -0.7999999999999985 5.413745590137671e-19
vertex 0.8535533905932737 -0.8 0.019438476440169234
vertex 0.8759199037394887 -0.8 0.016692249742856526
endloop
endfacet
facet normal 0 0 0
outer loop
vertex 0.5051546391752576 -0.7999999999999985 5.413745590137671e-19
vertex 0.8296729075500342 -0.8 0.02228873118478469
vertex 0.8535533905932737 -0.8 0.019438476440169234
endloop
endfacet
facet normal 0 0 0
outer loop
vertex 0.5051546391752576 -0.7999999999999985 5.413745590137671e-19
vertex 0.8043807145043602 -0.8 0.025217190742879054
vertex 0.8296729075500342 -0.8 0.02228873118478469
endloop
endfacet
facet normal 0 0 0
outer loop
vertex 0.5051546391752576 -0.7999999999999985 5.413745590137671e-19
vertex 0.777785116509801 -0.8 0.028197832020626604
vertex 0.8043807145043602 -0.8 0.025217190742879054
endloop
endfacet
facet normal 0 0 0
outer loop
vertex 0.5051546391752576 -0.7999999999999985 5.413745590137671e-19
vertex 0.7499999999999999 -0.8 0.031204390430159917
vertex 0.777785116509801 -0.8 0.028197832020626604
endloop
endfacet
facet normal 0 0 0
outer loop
vertex 0.5051546391752576 -0.7999999999999985 5.413745590137671e-19
vertex 0.7211443451095005 -0.8 0.034210254728183835
vertex 0.7499999999999999 -0.8 0.031204390430159917
endloop
endfacet
facet normal 0 0 0
outer loop
vertex 0.5051546391752576 -0.7999999999999985 5.413745590137671e-19
vertex 0.6913417161825448 -0.8 0.03718832209301556
vertex 0.7211443451095005 -0.8 0.034210254728183835
endloop
endfacet
facet normal 0 0 0
outer loop
vertex 0.5051546391752576 -0.7999999999999985 5.413745590137671e-19
vertex 0.6607197326515807 -0.8 0.04011084176505622
vertex 0.6913417161825448 -0.8 0.03718832209301556
endloop
endfacet
facet normal 0 0 0
outer loop
vertex 0.5051546391752576 -0.7999999999999985 5.413745590137671e-19
vertex 0.6294095225512604 -0.8 0.04294927798703397
vertex 0.6607197326515807 -0.8 0.04011084176505622
endloop
endfacet
facet normal 0 0 0
outer loop
vertex 0.5051546391752576 -0.7999999999999985 5.413745590137671e-19
vertex 0.597545161008064 -0.8 0.04567422300226117
vertex 0.6294095225512604 -0.8 0.04294927798703397
endloop
endfacet
facet normal 0 0 0
outer loop
vertex 0.5051546391752576 -0.7999999999999985 5.413745590137671e-19
vertex 0.5652630961100257 -0.8 0.04825538842864665
vertex 0.597545161008064 -0.8 0.04567422300226117
endloop
endfacet
facet normal 0 0 0
outer loop
vertex 0.5051546391752576 -0.7999999999999985 5.413745590137671e-19
vertex 0.5327015646150715 -0.8 0.050661698527007235
vertex 0.5652630961100257 -0.8 0.04825538842864665
endloop
endfacet
facet normal 0 0 0
outer loop
vertex 0.5051546391752576 -0.7999999999999985 5.413745590137671e-19
vertex 0.49999999999999994 -0.8 0.05286150200057158
vertex 0.5327015646150715 -0.8 0.050661698527007235
endloop
endfacet
facet normal 0 0 0
outer loop
vertex 0.5051546391752576 -0.7999999999999985 5.413745590137671e-19
vertex 0.4672984353849284 -0.8 0.054822910430942555
vertex 0.49999999999999994 -0.8 0.05286150200057158
endloop
endfacet
facet normal 0 0 0
outer loop
vertex 0.5051546391752576 -0.7999999999999985 5.413745590137671e-19
vertex 0.43473690388997416 -0.8 0.0565142618354297
vertex 0.4672984353849284 -0.8 0.054822910430942555
endloop
endfacet
facet normal 0 0 0
outer loop
vertex 0.5051546391752576 -0.7999999999999985 5.413745590137671e-19
vertex 0.40245483899193585 -0.8 0.05790469777483515
vertex 0.43473690388997416 -0.8 0.0565142618354297
endloop
endfacet
facet normal 0 0 0
outer loop
vertex 0.5051546391752576 -0.7999999999999985 5.413745590137671e-19
vertex 0.3705904774487395 -0.8 0.05896483265098817
vertex 0.40245483899193585 -0.8 0.05790469777483515
endloop
endfacet
facet normal 0 0 0
outer loop
vertex 0.5051546391752576 -0.7999999999999985 5.413745590137671e-19
vertex 0.33928026734841915 -0.8 0.05966748501166886
vertex 0.3705904774487395 -0.8 0.05896483265098817
endloop
endfacet
facet normal 0 0 0
outer loop
vertex 0.5051546391752576 -0.7999999999999985 5.413745590137671e-19
vertex 0.3086582838174551 -0.8 0.05998843348126799
vertex 0.33928026734841915 -0.8 0.05966748501166886
endloop
endfacet
facet normal 0 0 0
outer loop
vertex 0.5051546391752576 -0.7999999999999985 5.413745590137671e-19
vertex 0.27885565489049924 -0.8 0.05990715491907005
vertex 0.3086582838174551 -0.8 0.05998843348126799
endloop
endfacet
facet normal 0 0 0
outer loop
vertex 0.5051546391752576 -0.7999999999999985 5.413745590137671e-19
vertex 0.24999999999999994 -0.8 0.05940749999999998
vertex 0.27885565489049924 -0.8 0.05990715491907005
endloop
endfacet
facet normal 0 0 0
outer loop
vertex 0.5051546391752576 -0.7999999999999985 5.413745590137671e-19
vertex 0.2222148834901988 -0.8 0.05847826187608956
vertex 0.24999999999999994 -0.8 0.05940749999999998
endloop
endfacet
facet normal 0 0 0
outer loop
vertex 0.5051546391752576 -0.7999999999999985 5.413745590137671e-19
vertex 0.19561928549563967 -0.8 0.05711359698546706
vertex 0.2222148834901988 -0.8 0.05847826187608956
endloop
endfacet
facet normal 0 0 0
outer loop
vertex 0.5051546391752576 -0.7999999999999985 5.413745590137671e-19
vertex 0.17032709244996552 -0.8 0.05531326330908538
vertex 0.19561928549563967 -0.8 0.05711359698546706
endloop
endfacet
facet normal 0 0 0
outer loop
vertex 0.5051546391752576 -0.7999999999999985 5.413745590137671e-19
vertex 0.1464466094067262 -0.8 0.05308265012290848
vertex 0.17032709244996552 -0.8 0.05531326330908538
endloop
endfacet
facet normal 0 0 0
outer loop
vertex 0.5051546391752576 -0.7999999999999985 5.413745590137671e-19
vertex 0.12408009626051131 -0.8 0.05043258407089161
vertex 0.1464466094067262 -0.8 0.05308265012290848
endloop
endfacet
facet normal 0 0 0
outer loop
vertex 0.5051546391752576 -0.7999999999999985 5.413745590137671e-19
vertex 0.10332332985438236 -0.8 0.047378908563692375
vertex 0.12408009626051131 -0.8 0.05043258407089161
endloop
endfacet
facet normal 0 0 0
outer loop
vertex 0.5051546391752576 -0.7999999999999985 5.413745590137671e-19
vertex 0.08426519384872738 -0.8 0.04394184635641601
vertex 0.10332332985438236 -0.8 0.047378908563692375
endloop
endfacet
facet normal 0 0 0
outer loop
vertex 0.5051546391752576 -0.7999999999999985 5.413745590137671e-19
vertex 0.06698729810778065 -0.8 0.04014516788398887
vertex 0.08426519384872738 -0.8 0.04394184635641601
endloop
endfacet
facet normal 0 0 0
outer loop
vertex 0.5051546391752576 -0.7999999999999985 5.413745590137671e-19
vertex 0.05156362923365582 -0.8 0.03601519973540295
vertex 0.06698729810778065 -0.8 0.04014516788398887
endloop
endfacet
facet normal 0 0 0
outer loop
vertex 0.5051546391752576 -0.7999999999999985 5.413745590137671e-19
vertex 0.03806023374435663 -0.8 0.031579717772709154
vertex 0.05156362923365582 -0.8 0.03601519973540295
endloop
endfacet
facet normal 0 0 0
outer loop
vertex 0.5051546391752576 -0.7999999999999985 5.413745590137671e-19
vertex 0.026534935252447156 -0.8 0.026866777185655433
vertex 0.03806023374435663 -0.8 0.031579717772709154
endloop
endfacet
facet normal 0 0 0
outer loop
vertex 0.5051546391752576 -0.7999999999999985 5.413745590137671e-19
vertex 0.017037086855465844 -0.8 0.021903536694259613
vertex 0.026534935252447156 -0.8 0.026866777185655433
endloop
endfacet
facet normal 0 0 0
outer loop
vertex 0.5051546391752576 -0.7999999999999985 5.413745590137671e-19
vertex 0.009607359798384785 -0.8 0.016715135818221018
vertex 0.017037086855465844 -0.8 0.021903536694259613
endloop
endfacet
facet normal 0 0 0
outer loop
vertex 0.5051546391752576 -0.7999999999999985 5.413745590137671e-19
vertex 0.004277569313094809 -0.8 0.011323682469811717
vertex 0.009607359798384785 -0.8 0.016715135818221018
endloop
endfacet
facet normal 0 0 0
outer loop
vertex 0.5051546391752576 -0.7999999999999985 5.413745590137671e-19
vertex 0.0010705383806982605 -0.8 0.005747403150272752
vertex 0.004277569313094809 -0.8 0.011323682469811717
endloop
endfacet
facet normal 0 0 0
outer loop
vertex 0.5051546391752576 -0.7999999999999985 5.413745590137671e-19
vertex 0.0 -0.8 0.0
vertex 0.0010705383806982605 -0.8 0.005747403150272752
endloop
endfacet
facet normal 0 0 0
outer loop
vertex 0.5051546391752576 -0.7999999999999985 5.413745590137671e-19
vertex 0.0010705383806982605 -0.8 -0.005747403150272752
vertex 0.0 -0.8 0.0
endloop
endfacet
facet normal 0 0 0
outer loop
vertex 0.5051546391752576 -0.7999999999999985 5.413745590137671e-19
vertex 0.004277569313094809 -0.8 -0.011323682469811717
vertex 0.0010705383806982605 -0.8 -0.005747403150272752
endloop
endfacet
facet normal 0 0 0
outer loop
vertex 0.5051546391752576 -0.7999999999999985 5.413745590137671e-19
vertex 0.009607359798384785 -0.8 -0.016715135818221018
vertex 0.004277569313094809 -0.8 -0.011323682469811717
endloop
endfacet
facet normal 0 0 0
outer loop
vertex 0.5051546391752576 -0.7999999999999985 5.413745590137671e-19
vertex 0.017037086855465844 -0.8 -0.021903536694259613
vertex 0.009607359798384785 -0.8 -0.016715135818221018
endloop
endfacet
facet normal 0 0 0
outer loop
vertex 0.5051546391752576 -0.7999999999999985 5.413745590137671e-19
vertex 0.026534935252447156 -0.8 -0.026866777185655433
vertex 0.017037086855465844 -0.8 -0.021903536694259613
endloop
endfacet
facet normal 0 0 0
outer loop
vertex 0.5051546391752576 -0.7999999999999985 5.413745590137671e-19
vertex 0.03806023374435663 -0.8 -0.031579717772709154
vertex 0.026534935252447156 -0.8 -0.026866777185655433
endloop
endfacet
facet normal 0 0 0
outer loop
vertex 0.5051546391752576 -0.7999999999999985 5.413745590137671e-19
vertex 0.05156362923365582 -0.8 -0.03601519973540295
vertex 0.03806023374435663 -0.8 -0.031579717772709154
endloop
endfacet
facet normal 0 0 0
outer loop
vertex 0.5051546391752576 -0.7999999999999985 5.413745590137671e-19
vertex 0.06698729810778065 -0.8 -0.04014516788398887
vertex 0.05156362923365582 -0.8 -0.03601519973540295
endloop
endfacet
facet normal 0 0 0
outer loop
vertex 0.5051546391752576 -0.7999999999999985 5.413745590137671e-19
vertex 0.08426519384872738 -0.8 -0.04394184635641601
vertex 0.06698729810778065 -0.8 -0.04014516788398887
endloop
endfacet
facet normal 0 0 0
outer loop
vertex 0.5051546391752576 -0.7999999999999985 5.413745590137671e-19
vertex 0.10332332985438236 -0.8 -0.047378908563692375
vertex 0.08426519384872738 -0.8 -0.04394184635641601
endloop
endfacet
facet normal 0 0 0
outer loop
vertex 0.5051546391752576 -0.7999999999999985 5.413745590137671e-19
vertex 0.12408009626051131 -0.8 -0.05043258407089161
vertex 0.10332332985438236 -0.8 -0.047378908563692375
endloop
endfacet
facet normal 0 0 0
outer loop
vertex 0.5051546391752576 -0.7999999999999985 5.413745590137671e-19
vertex 0.1464466094067262 -0.8 -0.05308265012290848
vertex 0.12408009626051131 -0.8 -0.05043258407089161
endloop
endfacet
facet normal 0 0 0
outer loop
vertex 0.5051546391752576 -0.7999999999999985 5.413745590137671e-19
vertex 0.17032709244996552 -0.8 -0.05531326330908538
vertex 0.1464466094067262 -0.8 -0.05308265012290848
endloop
endfacet
facet normal 0 0 0
outer loop
vertex 0.5051546391752576 -0.7999999999999985 5.413745590137671e-19
vertex 0.19561928549563967 -0.8 -0.05711359698546706
vertex 0.17032709244996552 -0.8 -0.05531326330908538
endloop
endfacet
facet normal 0 0 0
outer loop
vertex 0.5051546391752576 -0.7999999999999985 5.413745590137671e-19
vertex 0.2222148834901988 -0.8 -0.05847826187608956
vertex 0.19561928549563967 -0.8 -0.05711359698546706
endloop
endfacet
facet normal 0 0 0
outer loop
vertex 0.5051546391752576 -0.7999999999999985 5.413745590137671e-19
vertex 0.24999999999999994 -0.8 -0.05940749999999998
vertex 0.2222148834901988 -0.8 -0.05847826187608956
endloop
endfacet
facet normal 0 0 0
outer loop
vertex 0.5051546391752576 -0.7999999999999985 5.413745590137671e-19
vertex 0.27885565489049924 -0.8 -0.05990715491907005
vertex 0.24999999999999994 -0.8 -0.05940749999999998
endloop
endfacet
facet normal 0 0 0
outer loop
vertex 0.5051546391752576 -0.7999999999999985 5.413745590137671e-19
vertex 0.3086582838174551 -0.8 -0.05998843348126799
vertex 0.27885565489049924 -0.8 -0.05990715491907005
endloop
endfacet
facet normal 0 0 0
outer loop
vertex 0.5051546391752576 -0.7999999999999985 5.413745590137671e-19
vertex 0.33928026734841915 -0.8 -0.05966748501166886
vertex 0.3086582838174551 -0.8 -0.05998843348126799
endloop
endfacet
facet normal 0 0 0
outer loop
vertex 0.5051546391752576 -0.7999999999999985 5.413745590137671e-19
vertex 0.3705904774487395 -0.8 -0.05896483265098817
vertex 0.33928026734841915 -0.8 -0.05966748501166886
endloop
endfacet
facet normal 0 0 0
outer loop
vertex 0.5051546391752576 -0.7999999999999985 5.413745590137671e-19
vertex 0.40245483899193585 -0.8 -0.05790469777483515
vertex 0.3705904774487395 -0.8 -0.05896483265098817
endloop
endfacet
facet normal 0 0 0
outer loop
vertex 0.5051546391752576 -0.7999999999999985 5.413745590137671e-19
vertex 0.43473690388997416 -0.8 -0.0565142618354297
vertex 0.40245483899193585 -0.8 -0.05790469777483515
endloop
endfacet
facet normal 0 0 0
outer loop
vertex 0.5051546391752576 -0.7999999999999985 5.413745590137671e-19
vertex 0.4672984353849284 -0.8 -0.054822910430942555
vertex 0.43473690388997416 -0.8 -0.0565142618354297
endloop
endfacet
facet normal 0 0 0
outer loop
vertex 0.5051546391752576 -0.7999999999999985 5.413745590137671e-19
vertex 0.49999999999999994 -0.8 -0.05286150200057158
vertex 0.4672984353849284 -0.8 -0.054822910430942555
endloop
endfacet
facet normal 0 0 0
outer loop
vertex 0.5051546391752576 -0.7999999999999985 5.413745590137671e-19
vertex 0.5327015646150715 -0.8 -0.050661698527007235
vertex 0.49999999999999994 -0.8 -0.05286150200057158
endloop
endfacet
facet normal 0 0 0
outer loop
vertex 0.5051546391752576 -0.7999999999999985 5.413745590137671e-19
vertex 0.5652630961100257 -0.8 -0.04825538842864665
vertex 0.5327015646150715 -0.8 -0.050661698527007235
endloop
endfacet
facet normal 0 0 0
outer loop
vertex 0.5051546391752576 -0.7999999999999985 5.413745590137671e-19
vertex 0.597545161008064 -0.8 -0.04567422300226117
vertex 0.5652630961100257 -0.8 -0.04825538842864665
endloop
endfacet
facet normal 0 0 0
outer loop
vertex 0.5051546391752576 -0.7999999999999985 5.413745590137671e-19
vertex 0.6294095225512604 -0.8 -0.04294927798703397
vertex 0.597545161008064 -0.8 -0.04567422300226117
endloop
endfacet
facet normal 0 0 0
outer loop
vertex 0.5051546391752576 -0.7999999999999985 5.413745590137671e-19
vertex 0.6607197326515807 -0.8 -0.04011084176505622
vertex 0.6294095225512604 -0.8 -0.04294927798703397
endloop
endfacet
facet normal 0 0 0
outer loop
vertex 0.5051546391752576 -0.7999999999999985 5.413745590137671e-19
vertex 0.6913417161825448 -0.8 -0.03718832209301556
vertex 0.6607197326515807 -0.8 -0.04011084176505622
endloop
endfacet
facet normal 0 0 0
outer loop
vertex 0.5051546391752576 -0.7999999999999985 5.413745590137671e-19
vertex 0.7211443451095005 -0.8 -0.034210254728183835
vertex 0.6913417161825448 -0.8 -0.03718832209301556
endloop
endfacet
facet normal 0 0 0
outer loop
vertex 0.5051546391752576 -0.7999999999999985 5.413745590137671e-19
vertex 0.7499999999999999 -0.8 -0.031204390430159917
vertex 0.7211443451095005 -0.8 -0.034210254728183835
endloop
endfacet
facet normal 0 0 0
outer loop
vertex 0.5051546391752576 -0.7999999999999985 5.413745590137671e-19
vertex 0.777785116509801 -0.8 -0.028197832020626604
vertex 0.7499999999999999 -0.8 -0.031204390430159917
endloop
endfacet
facet normal 0 0 0
outer loop
vertex 0.5051546391752576 -0.7999999999999985 5.413745590137671e-19
vertex 0.8043807145043602 -0.8 -0.025217190742879054
vertex 0.777785116509801 -0.8 -0.028197832020626604
endloop
endfacet
facet normal 0 0 0
outer loop
vertex 0.5051546391752576 -0.7999999999999985 5.413745590137671e-19
vertex 0.8296729075500342 -0.8 -0.02228873118478469
vertex 0.8043807145043602 -0.8 -0.025217190742879054
endloop
endfacet
facet normal 0 0 0
outer loop
vertex 0.5051546391752576 -0.7999999999999985 5.413745590137671e-19
vertex 0.8535533905932737 -0.8 -0.019438476440169234
vertex 0.8296729075500342 -0.8 -0.02228873118478469
endloop
endfacet
facet normal 0 0 0
outer loop
vertex 0.5051546391752576 -0.7999999999999985 5.413745590137671e-19
vertex 0.8759199037394887 -0.8 -0.016692249742856526
vertex 0.8535533905932737 -0.8 -0.019438476440169234
endloop
endfacet
facet normal 0 0 0
outer loop
vertex 0.5051546391752576 -0.7999999999999985 5.413745590137671e-19
vertex 0.8966766701456175 -0.8 -0.01407563512442207
vertex 0.8759199037394887 -0.8 -0.016692249742856526
endloop
endfacet
facet normal 0 0 0
outer loop
vertex 0.5051546391752576 -0.7999999999999985 5.413745590137671e-19
vertex 0.9157348061512725 -0.8 -0.011613847211967487
vertex 0.8966766701456175 -0.8 -0.01407563512442207
endloop
endfacet
facet normal 0 0 0
outer loop
vertex 0.5051546391752576 -0.7999999999999985 5.413745590137671e-19
vertex 0.9330127018922192 -0.8 -0.009331508505708802
vertex 0.9157348061512725 -0.8 -0.011613847211967487
endloop
endfacet
facet normal 0 0 0
outer loop
vertex 0.5051546391752576 -0.7999999999999985 5.413745590137671e-19
vertex 0.9484363707663441 -0.8 -0.007252340729863562
vertex 0.9330127018922192 -0.8 -0.009331508505708802
endloop
endfacet
facet normal 0 0 0
outer loop
vertex 0.5051546391752576 -0.7999999999999985 5.413745590137671e-19
vertex 0.9619397662556434 -0.8 -0.005398784513679219
vertex 0.9484363707663441 -0.8 -0.007252340729863562
endloop
endfacet
facet normal 0 0 0
outer loop
vertex 0.5051546391752576 -0.7999999999999985 5.413745590137671e-19
vertex 0.9734650647475528 -0.8 -0.003791568163800854
vertex 0.9619397662556434 -0.8 -0.005398784513679219
endloop
endfacet
facet normal 0 0 0
outer loop
vertex 0.5051546391752576 -0.7999999999999985 5.413745590137671e-19
vertex 0.9829629131445341 -0.8 -0.0024492511580229024
vertex 0.9734650647475528 -0.8 -0.003791568163800854
endloop
endfacet
facet normal 0 0 0
outer loop
vertex 0.5051546391752576 -0.7999999999999985 5.413745590137671e-19
vertex 0.9903926402016152 -0.8 -0.001387770872870664
vertex 0.9829629131445341 -0.8 -0.0024492511580229024
endloop
endfacet
facet normal 0 0 0
outer loop
vertex 0.5051546391752576 -0.7999999999999985 5.413745590137671e-19
vertex 0.9957224306869052 -0.8 -0.0006200217522744633
vertex 0.9903926402016152 -0.8 -0.001387770872870664
endloop
endfacet
facet normal 0 0 0
outer loop
vertex 0.5051546391752576 -0.7999999999999985 5.413745590137671e-19
vertex 0.9989294616193017 -0.8 -0.0001554945938687019
vertex 0.9957224306869052 -0.8 -0.0006200217522744633
endloop
endfacet
facet normal 0 0 0
outer loop
vertex 0.5051546391752576 -0.7999999999999985 5.413745590137671e-19
vertex 1.0 -0.8 1.6653345369377347e-17
vertex 0.9989294616193017 -0.8 -0.0001554945938687019
endloop
endfacet
facet normal 0 0 0
outer loop
vertex 0.5051546391752576 0.7999999999999985 5.413745590137671e-19
vertex 0.9989294616193017 0.8 0.0001554945938687019
vertex 1.0 0.8 -1.6653345369377347e-17
endloop
endfacet
facet normal 0 0 0
outer loop
vertex 0.5051546391752576 0.7999999999999985 5.413745590137671e-19
vertex 0.9957224306869052 0.8 0.0006200217522744633
vertex 0.9989294616193017 0.8 0.0001554945938687019
endloop
endfacet
facet normal 0 0 0
outer loop
vertex 0.5051546391752576 0.7999999999999985 5.413745590137671e-19
vertex 0.9903926402016152 0.8 0.001387770872870664
vertex 0.9957224306869052 0.8 0.0006200217522744633
endloop
endfacet
facet normal 0 0 0
outer loop
vertex 0.5051546391752576 0.7999999999999985 5.413745590137671e-19
vertex 0.9829629131445341 0.8 0.0024492511580229024
vertex 0.9903926402016152 0.8 0.001387770872870664
endloop
endfacet
facet normal 0 0 0
outer loop
vertex 0.5051546391752576 0.7999999999999985 5.413745590137671e-19
vertex 0.9734650647475528 0.8 0.003791568163800854
vertex 0.9829629131445341 0.8 0.0024492511580229024
endloop
endfacet
facet normal 0 0 0
outer loop
vertex 0.5051546391752576 0.7999999999999985 5.413745590137671e-19
vertex 0.9619397662556434 0.8 0.005398784513679219
vertex 0.9734650647475528 0.8 0.003791568163800854
endloop
endfacet
facet normal 0 0 0
outer loop
vertex 0.5051546391752576 0.7999999999999985 5.413745590137671e-19
vertex 0.9484363707663441 0.8 0.007252340729863562
vertex 0.9619397662556434 0.8 0.005398784513679219
endloop
endfacet
facet normal 0 0 0
outer loop
vertex 0.5051546391752576 0.7999999999999985 5.413745590137671e-19
vertex 0.9330127018922192 0.8 0.009331508505708802
vertex 0.9484363707663441 0.8 0.007252340729863562
endloop
endfacet
facet normal 0 0 0
outer loop
vertex 0.5051546391752576 0.7999999999999985 5.413745590137671e-19
vertex 0.9157348061512725 0.8 0.011613847211967487
vertex 0.9330127018922192 0.8 0.009331508505708802
endloop
endfacet
facet normal 0 0 0
outer loop
vertex 0.5051546391752576 0.7999999999999985 5.413745590137671e-19
vertex 0.8966766701456175 0.8 0.01407563512442207
vertex 0.9157348061512725 0.8 0.011613847211967487
endloop
endfacet
facet normal 0 0 0
outer loop
vertex 0.5051546391752576 0.7999999999999985 5.413745590137671e-19
vertex 0.8759199037394887 0.8 0.016692249742856526
vertex 0.8966766701456175 0.8 0.01407563512442207
endloop
endfacet
facet normal 0 0 0
outer loop
vertex 0.5051546391752576 0.7999999999999985 5.413745590137671e-19
vertex 0.8535533905932737 0.8 0.019438476440169234
vertex 0.8759199037394887 0.8 0.016692249742856526
endloop
endfacet
facet normal 0 0 0
outer loop
vertex 0.5051546391752576 0.7999999999999985 5.413745590137671e-19
vertex 0.8296729075500342 0.8 0.02228873118478469
vertex 0.8535533905932737 0.8 0.019438476440169234
endloop
endfacet
facet normal 0 0 0
outer loop
vertex 0.5051546391752576 0.7999999999999985 5.413745590137671e-19
vertex 0.8043807145043602 0.8 0.025217190742879054
vertex 0.8296729075500342 0.8 0.02228873118478469
endloop
endfacet
facet normal 0 0 0
outer loop
vertex 0.5051546391752576 0.7999999999999985 5.413745590137671e-19
vertex 0.777785116509801 0.8 0.028197832020626604
vertex 0.8043807145043602 0.8 0.025217190742879054
endloop
endfacet
facet normal 0 0 0
outer loop
vertex 0.5051546391752576 0.7999999999999985 5.413745590137671e-19
vertex 0.7499999999999999 0.8 0.031204390430159917
vertex 0.777785116509801 0.8 0.028197832020626604
endloop
endfacet
facet normal 0 0 0
outer loop
vertex 0.5051546391752576 0.7999999999999985 5.413745590137671e-19
vertex 0.7211443451095005 0.8 0.034210254728183835
vertex 0.7499999999999999 0.8 0.031204390430159917
endloop
endfacet
facet normal 0 0 0
outer loop
vertex 0.5051546391752576 0.7999999999999985 5.413745590137671e-19
vertex 0.6913417161825448 0.8 0.03718832209301556
vertex 0.7211443451095005 0.8 0.034210254728183835
endloop
endfacet
facet normal 0 0 0
outer loop
vertex 0.5051546391752576 0.7999999999999985 5.413745590137671e-19
vertex 0.6607197326515807 0.8 0.04011084176505622
vertex 0.6913417161825448 0.8 0.03718832209301556
endloop
endfacet
facet normal 0 0 0
outer loop
vertex 0.5051546391752576 0.7999999999999985 5.413745590137671e-19
vertex 0.6294095225512604 0.8 0.04294927798703397
vertex 0.6607197326515807 0.8 0.04011084176505622
endloop
endfacet
facet normal 0 0 0
outer loop
vertex 0.5051546391752576 0.7999999999999985 5.413745590137671e-19
vertex 0.597545161008064 0.8 0.04567422300226117
vertex 0.6294095225512604 0.8 0.04294927798703397
endloop
endfacet
facet normal 0 0 0
outer loop
vertex 0.5051546391752576 0.7999999999999985 5.413745590137671e-19
vertex 0.5652630961100257 0.8 0.04825538842864665
vertex 0.597545161008064 0.8 0.04567422300226117
endloop
endfacet
facet normal 0 0 0
outer loop
vertex 0.5051546391752576 0.7999999999999985 5.413745590137671e-19
vertex 0.5327015646150715 0.8 0.050661698527007235
vertex 0.5652630961100257 0.8 0.04825538842864665
endloop
endfacet
facet normal 0 0 0
outer loop
vertex 0.5051546391752576 0.7999999999999985 5.413745590137671e-19
vertex 0.49999999999999994 0.8 0.05286150200057158
vertex 0.5327015646150715 0.8 0.050661698527007235
endloop
endfacet
facet normal 0 0 0
outer loop
vertex 0.5051546391752576 0.7999999999999985 5.413745590137671e-19
vertex 0.4672984353849284 0.8 0.054822910430942555
vertex 0.49999999999999994 0.8 0.05286150200057158
endloop
endfacet
facet normal 0 0 0
outer loop
vertex 0.5051546391752576 0.7999999999999985 5.413745590137671e-19
vertex 0.43473690388997416 0.8 0.0565142618354297
vertex 0.4672984353849284 0.8 0.054822910430942555
endloop
endfacet
facet normal 0 0 0
outer loop
vertex 0.5051546391752576 0.7999999999999985 5.413745590137671e-19
vertex 0.40245483899193585 0.8 0.05790469777483515
vertex 0.43473690388997416 0.8 0.0565142618354297
endloop
endfacet
facet normal 0 0 0
outer loop
vertex 0.5051546391752576 0.7999999999999985 5.413745590137671e-19
vertex 0.3705904774487395 0.8 0.05896483265098817
vertex 0.40245483899193585 0.8 0.05790469777483515
endloop
endfacet
facet normal 0 0 0
outer loop
vertex 0.5051546391752576 0.7999999999999985 5.413745590137671e-19
vertex 0.33928026734841915 0.8 0.05966748501166886
vertex 0.3705904774487395 0.8 0.05896483265098817
endloop
endfacet
facet normal 0 0 0
outer loop
vertex 0.5051546391752576 0.7999999999999985 5.413745590137671e-19
vertex 0.3086582838174551 0.8 0.05998843348126799
vertex 0.33928026734841915 0.8 0.05966748501166886
endloop
endfacet
facet normal 0 0 0
outer loop
vertex 0.5051546391752576 0.7999999999999985 5.413745590137671e-19
vertex 0.27885565489049924 0.8 0.05990715491907005
vertex 0.3086582838174551 0.8 0.05998843348126799
endloop
endfacet
facet normal 0 0 0
outer loop
vertex 0.5051546391752576 0.7999999999999985 5.413745590137671e-19
vertex 0.24999999999999994 0.8 0.05940749999999998
vertex 0.27885565489049924 0.8 0.05990715491907005
endloop
endfacet
facet normal 0 0 0
outer loop
vertex 0.5051546391752576 0.7999999999999985 5.413745590137671e-19
vertex 0.2222148834901988 0.8 0.05847826187608956
vertex 0.24999999999999994 0.8 0.05940749999999998
endloop
endfacet
facet normal 0 0 0
outer loop
vertex 0.5051546391752576 0.7999999999999985 5.413745590137671e-19
vertex 0.19561928549563967 0.8 0.05711359698546706
vertex 0.2222148834901988 0.8 0.05847826187608956
endloop
endfacet
facet normal 0 0 0
outer loop
vertex 0.5051546391752576 0.7999999999999985 5.413745590137671e-19
vertex 0.17032709244996552 0.8 0.05531326330908538
vertex 0.19561928549563967 0.8 0.05711359698546706
endloop
endfacet
facet normal 0 0 0
outer loop
vertex 0.5051546391752576 0.7999999999999985 5.413745590137671e-19
vertex 0.1464466094067262 0.8 0.05308265012290848
vertex 0.17032709244996552 0.8 0.05531326330908538
endloop
endfacet
facet normal 0 0 0
outer loop
vertex 0.5051546391752576 0.7999999999999985 5.413745590137671e-19
vertex 0.12408009626051131 0.8 0.05043258407089161
vertex 0.1464466094067262 0.8 0.05308265012290848
endloop
endfacet
facet normal 0 0 0
outer loop
vertex 0.5051546391752576 0.7999999999999985 5.413745590137671e-19
vertex 0.10332332985438236 0.8 0.047378908563692375
vertex 0.12408009626051131 0.8 0.05043258407089161
endloop
endfacet
facet normal 0 0 0
outer loop
vertex 0.5051546391752576 0.7999999999999985 5.413745590137671e-19
vertex 0.08426519384872738 0.8 0.04394184635641601
vertex 0.10332332985438236 0.8 0.047378908563692375
endloop
endfacet
facet normal 0 0 0
outer loop
vertex 0.5051546391752576 0.7999999999999985 5.413745590137671e-19
vertex 0.06698729810778065 0.8 0.04014516788398887
vertex 0.08426519384872738 0.8 0.04394184635641601
endloop
endfacet
facet normal 0 0 0
outer loop
vertex 0.5051546391752576 0.7999999999999985 5.413745590137671e-19
vertex 0.05156362923365582 0.8 0.03601519973540295
vertex 0.06698729810778065 0.8 0.04014516788398887
endloop
endfacet
facet normal 0 0 0
outer loop
vertex 0.5051546391752576 0.7999999999999985 5.413745590137671e-19
vertex 0.03806023374435663 0.8 0.031579717772709154
vertex 0.05156362923365582 0.8 0.03601519973540295
endloop
endfacet
facet normal 0 0 0
outer loop
vertex 0.5051546391752576 0.7999999999999985 5.413745590137671e-19
vertex 0.026534935252447156 0.8 0.026866777185655433
vertex 0.03806023374435663 0.8 0.031579717772709154
endloop
endfacet
facet normal 0 0 0
outer loop
vertex 0.5051546391752576 0.7999999999999985 5.413745590137671e-19
vertex 0.017037086855465844 0.8 0.021903536694259613
vertex 0.026534935252447156 0.8 0.026866777185655433
endloop
endfacet
facet normal 0 0 0
outer loop
vertex 0.5051546391752576 0.7999999999999985 5.413745590137671e-19
vertex 0.009607359798384785 0.8 0.016715135818221018
vertex 0.017037086855465844 0.8 0.021903536694259613
endloop
endfacet
facet normal 0 0 0
outer loop
vertex 0.5051546391752576 0.7999999999999985 5.413745590137671e-19
vertex 0.004277569313094809 0.8 0.011323682469811717
vertex 0.009607359798384785 0.8 0.016715135818221018
endloop
endfacet
facet normal 0 0 0
outer loop
vertex 0.5051546391752576 0.7999999999999985 5.413745590137671e-19
vertex 0.0010705383806982605 0.8 0.005747403150272752
vertex 0.004277569313094809 0.8 0.011323682469811717
endloop
endfacet
facet normal 0 0 0
outer loop
vertex 0.5051546391752576 0.7999999999999985 5.413745590137671e-19
vertex 0.0 0.8 0.0
vertex 0.0010705383806982605 0.8 0.005747403150272752
endloop
endfacet
facet normal 0 0 0
outer loop
vertex 0.5051546391752576 0.7999999999999985 5.413745590137671e-19
vertex 0.0010705383806982605 0.8 -0.005747403150272752
vertex 0.0 0.8 0.0
endloop
endfacet
facet normal 0 0 0
outer loop
vertex 0.5051546391752576 0.7999999999999985 5.413745590137671e-19
vertex 0.004277569313094809 0.8 -0.011323682469811717
vertex 0.0010705383806982605 0.8 -0.005747403150272752
endloop
endfacet
facet normal 0 0 0
outer loop
vertex 0.5051546391752576 0.7999999999999985 5.413745590137671e-19
vertex 0.009607359798384785 0.8 -0.016715135818221018
vertex 0.004277569313094809 0.8 -0.011323682469811717
endloop
endfacet
facet normal 0 0 0
outer loop
vertex 0.5051546391752576 0.7999999999999985 5.413745590137671e-19
vertex 0.017037086855465844 0.8 -0.021903536694259613
vertex 0.009607359798384785 0.8 -0.016715135818221018
endloop
endfacet
facet normal 0 0 0
outer loop
vertex 0.5051546391752576 0.7999999999999985 5.413745590137671e-19
vertex 0.026534935252447156 0.8 -0.026866777185655433
vertex 0.017037086855465844 0.8 -0.021903536694259613
endloop
endfacet
facet normal 0 0 0
outer loop
vertex 0.5051546391752576 0.7999999999999985 5.413745590137671e-19
vertex 0.03806023374435663 0.8 -0.031579717772709154
vertex 0.026534935252447156 0.8 -0.026866777185655433
endloop
endfacet
facet normal 0 0 0
outer loop
vertex 0.5051546391752576 0.7999999999999985 5.413745590137671e-19
vertex 0.05156362923365582 0.8 -0.03601519973540295
vertex 0.03806023374435663 0.8 -0.031579717772709154
endloop
endfacet
facet normal 0 0 0
outer loop
vertex 0.5051546391752576 0.7999999999999985 5.413745590137671e-19
vertex 0.06698729810778065 0.8 -0.04014516788398887
vertex 0.05156362923365582 0.8 -0.03601519973540295
endloop
endfacet
facet normal 0 0 0
outer loop
vertex 0.5051546391752576 0.7999999999999985 5.413745590137671e-19
vertex 0.08426519384872738 0.8 -0.04394184635641601
vertex 0.06698729810778065 0.8 -0.04014516788398887
endloop
endfacet
facet normal 0 0 0
outer loop
vertex 0.5051546391752576 0.7999999999999985 5.413745590137671e-19
vertex 0.10332332985438236 0.8 -0.047378908563692375
vertex 0.08426519384872738 0.8 -0.04394184635641601
endloop
endfacet
facet normal 0 0 0
outer loop
vertex 0.5051546391752576 0.7999999999999985 5.413745590137671e-19
vertex 0.12408009626051131 0.8 -0.05043258407089161
vertex 0.10332332985438236 0.8 -0.047378908563692375
endloop
endfacet
facet normal 0 0 0
outer loop
vertex 0.5051546391752576 0.7999999999999985 5.413745590137671e-19
vertex 0.1464466094067262 0.8 -0.05308265012290848
vertex 0.12408009626051131 0.8 -0.05043258407089161
endloop
endfacet
facet normal 0 0 0
outer loop
vertex 0.5051546391752576 0.7999999999999985 5.413745590137671e-19
vertex 0.17032709244996552 0.8 -0.05531326330908538
vertex 0.1464466094067262 0.8 -0.05308265012290848
endloop
endfacet
facet normal 0 0 0
outer loop
vertex 0.5051546391752576 0.7999999999999985 5.413745590137671e-19
vertex 0.19561928549563967 0.8 -0.05711359698546706
vertex 0.17032709244996552 0.8 -0.05531326330908538
endloop
endfacet
facet normal 0 0 0
outer loop
vertex 0.5051546391752576 0.7999999999999985 5.413745590137671e-19
vertex 0.2222148834901988 0.8 -0.05847826187608956
vertex 0.19561928549563967 0.8 -0.05711359698546706
endloop
endfacet
facet normal 0 0 0
outer loop
vertex 0.5051546391752576 0.7999999999999985 5.413745590137671e-19
vertex 0.24999999999999994 0.8 -0.05940749999999998
vertex 0.2222148834901988 0.8 -0.05847826187608956
endloop
endfacet
facet normal 0 0 0
outer loop
vertex 0.5051546391752576 0.7999999999999985 5.413745590137671e-19
vertex 0.27885565489049924 0.8 -0.05990715491907005
vertex 0.24999999999999994 0.8 -0.05940749999999998
endloop
endfacet
facet normal 0 0 0
outer loop
vertex 0.5051546391752576 0.7999999999999985 5.413745590137671e-19
vertex 0.3086582838174551 0.8 -0.05998843348126799
vertex 0.27885565489049924 0.8 -0.05990715491907005
endloop
endfacet
facet normal 0 0 0
outer loop
vertex 0.5051546391752576 0.7999999999999985 5.413745590137671e-19
vertex 0.33928026734841915 0.8 -0.05966748501166886
vertex 0.3086582838174551 0.8 -0.05998843348126799
endloop
endfacet
facet normal 0 0 0
outer loop
vertex 0.5051546391752576 0.7999999999999985 5.413745590137671e-19
vertex 0.3705904774487395 0.8 -0.05896483265098817
vertex 0.33928026734841915 0.8 -0.05966748501166886
endloop
endfacet
facet normal 0 0 0
outer loop
vertex 0.5051546391752576 0.7999999999999985 5.413745590137671e-19
vertex 0.40245483899193585 0.8 -0.05790469777483515
vertex 0.3705904774487395 0.8 -0.05896483265098817
endloop
endfacet
facet normal 0 0 0
outer loop
vertex 0.5051546391752576 0.7999999999999985 5.413745590137671e-19
vertex 0.43473690388997416 0.8 -0.0565142618354297
vertex 0.40245483899193585 0.8 -0.05790469777483515
endloop
endfacet
facet normal 0 0 0
outer loop
vertex 0.5051546391752576 0.7999999999999985 5.413745590137671e-19
vertex 0.4672984353849284 0.8 -0.054822910430942555
vertex 0.43473690388997416 0.8 -0.0565142618354297
endloop
endfacet
facet normal 0 0 0
outer loop
vertex 0.5051546391752576 0.7999999999999985 5.413745590137671e-19
vertex 0.49999999999999994 0.8 -0.05286150200057158
vertex 0.4672984353849284 0.8 -0.054822910430942555
endloop
endfacet
facet normal 0 0 0
outer loop
vertex 0.5051546391752576 0.7999999999999985 5.413745590137671e-19
vertex 0.5327015646150715 0.8 -0.050661698527007235
vertex 0.49999999999999994 0.8 -0.05286150200057158
endloop
endfacet
facet normal 0 0 0
outer loop
vertex 0.5051546391752576 0.7999999999999985 5.413745590137671e-19
vertex 0.5652630961100257 0.8 -0.04825538842864665
vertex 0.5327015646150715 0.8 -0.050661698527007235
endloop
endfacet
facet normal 0 0 0
outer loop
vertex 0.5051546391752576 0.7999999999999985 5.413745590137671e-19
vertex 0.597545161008064 0.8 -0.04567422300226117
vertex 0.5652630961100257 0.8 -0.04825538842864665
endloop
endfacet
facet normal 0 0 0
outer loop
vertex 0.5051546391752576 0.7999999999999985 5.413745590137671e-19
vertex 0.6294095225512604 0.8 -0.04294927798703397
vertex 0.597545161008064 0.8 -0.04567422300226117
endloop
endfacet
facet normal 0 0 0
outer loop
vertex 0.5051546391752576 0.7999999999999985 5.413745590137671e-19
vertex 0.6607197326515807 0.8 -0.04011084176505622
vertex 0.6294095225512604 0.8 -0.04294927798703397
endloop
endfacet
facet normal 0 0 0
outer loop
vertex 0.5051546391752576 0.7999999999999985 5.413745590137671e-19
vertex 0.6913417161825448 0.8 -0.03718832209301556
vertex 0.6607197326515807 0.8 -0.04011084176505622
endloop
endfacet
facet normal 0 0 0
outer loop
vertex 0.5051546391752576 0.7999999999999985 5.413745590137671e-19
vertex 0.7211443451095005 0.8 -0.034210254728183835
vertex 0.6913417161825448 0.8 -0.03718832209301556
endloop
endfacet
facet normal 0 0 0
outer loop
vertex 0.5051546391752576 0.7999999999999985 5.413745590137671e-19
vertex 0.7499999999999999 0.8 -0.031204390430159917
vertex 0.7211443451095005 0.8 -0.034210254728183835
endloop
endfacet
facet normal 0 0 0
outer loop
vertex 0.5051546391752576 0.7999999999999985 5.413745590137671e-19
vertex 0.777785116509801 0.8 -0.028197832020626604
vertex 0.7499999999999999 0.8 -0.031204390430159917
endloop
endfacet
facet normal 0 0 0
outer loop
vertex 0.5051546391752576 0.7999999999999985 5.413745590137671e-19
vertex 0.8043807145043602 0.8 -0.025217190742879054
vertex 0.777785116509801 0.8 -0.028197832020626604
endloop
endfacet
facet normal 0 0 0
outer loop
vertex 0.5051546391752576 0.7999999999999985 5.413745590137671e-19
vertex 0.8296729075500342 0.8 -0.02228873118478469
vertex 0.8043807145043602 0.8 -0.025217190742879054
endloop
endfacet
facet normal 0 0 0
outer loop
vertex 0.5051546391752576 0.7999999999999985 5.413745590137671e-19
vertex 0.8535533905932737 0.8 -0.019438476440169234
vertex 0.8296729075500342 0.8 -0.02228873118478469
endloop
endfacet
facet normal 0 0 0
outer loop
vertex 0.5051546391752576 0.7999999999999985 5.413745590137671e-19
vertex 0.8759199037394887 0.8 -0.016692249742856526
vertex 0.8535533905932737 0.8 -0.019438476440169234
endloop
endfacet
facet normal 0 0 0
outer loop
vertex 0.5051546391752576 0.7999999999999985 5.413745590137671e-19
vertex 0.8966766701456175 0.8 -0.01407563512442207
vertex 0.8759199037394887 0.8 -0.016692249742856526
endloop
endfacet
facet normal 0 0 0
outer loop
vertex 0.5051546391752576 0.7999999999999985 5.413745590137671e-19
vertex 0.9157348061512725 0.8 -0.011613847211967487
vertex 0.8966766701456175 0.8 -0.01407563512442207
endloop
endfacet
facet normal 0 0 0
outer loop
vertex 0.5051546391752576 0.7999999999999985 5.413745590137671e-19
vertex 0.9330127018922192 0.8 -0.009331508505708802
vertex 0.9157348061512725 0.8 -0.011613847211967487
endloop
endfacet
facet normal 0 0 0
outer loop
vertex 0.5051546391752576 0.7999999999999985 5.413745590137671e-19
vertex 0.9484363707663441 0.8 -0.007252340729863562
vertex 0.9330127018922192 0.8 -0.009331508505708802
endloop
endfacet
facet normal 0 0 0
outer loop
vertex 0.5051546391752576 0.7999999999999985 5.413745590137671e-19
vertex 0.9619397662556434 0.8 -0.005398784513679219
vertex 0.9484363707663441 0.8 -0.007252340729863562
endloop
endfacet
facet normal 0 0 0
outer loop
vertex 0.5051546391752576 0.7999999999999985 5.413745590137671e-19
vertex 0.9734650647475528 0.8 -0.003791568163800854
vertex 0.9619397662556434 0.8 -0.005398784513679219
endloop
endfacet
facet normal 0 0 0
outer loop
vertex 0.5051546391752576 0.7999999999999985 5.413745590137671e-19
vertex 0.9829629131445341 0.8 -0.0024492511580229024
vertex 0.9734650647475528 0.8 -0.003791568163800854
endloop
endfacet
facet normal 0 0 0
outer loop
vertex 0.5051546391752576 0.7999999999999985 5.413745590137671e-19
vertex 0.9903926402016152 0.8 -0.001387770872870664
vertex 0.9829629131445341 0.8 -0.0024492511580229024
endloop
endfacet
facet normal 0 0 0
outer loop
vertex 0.5051546391752576 0.7999999999999985 5.413745590137671e-19
vertex 0.9957224306869052 0.8 -0.0006200217522744633
vertex 0.9903926402016152 0.8 -0.001387770872870664
endloop
endfacet
facet normal 0 0 0
outer loop
vertex 0.5051546391752576 0.7999999999999985 5.413745590137671e-19
vertex 0.9989294616193017 0.8 -0.0001554945938687019
vertex 0.9957224306869052 0.8 -0.0006200217522744633
endloop
endfacet
facet normal 0 0 0
outer loop
vertex 0.5051546391752576 0.7999999999999985 5.413745590137671e-19
vertex 1.0 0.8 1.6653345369377347e-17
vertex 0.9989294616193017 0.8 -0.0001554945938687019
endloop
endfacet
endsolid wing3d
