solid wing3d
facet normal 0 0 0
outer loop
vertex -0.5257311121191336 0.85065080835204 0.0
vertex -0.6040434718285418 0.7938632042573209 0.07009063466413208
vertex -0.49063444264892453 0.863953838921453 0.11340902917961729
endloop
endfacet
facet normal 0 0 0
outer loop
vertex -0.6817183540715489 0.7165669224151787 0.1476209044221631
vertex -0.5685192202902352 0.7991326580327286 0.1953788397604234
vertex -0.6040434718285418 0.7938632042573209 0.07009063466413208
endloop
endfacet
facet normal 0 0 0
outer loop
vertex -0.4428627132664894 0.864187826837342 0.2388556408050596
vertex -0.49063444264892453 0.863953838921453 0.11340902917961729
vertex -0.5685192202902352 0.7991326580327286 0.1953788397604234
endloop
endfacet
facet normal 0 0 0
outer loop
vertex -0.6040434718285418 0.7938632042573209 0.07009063466413208
vertex -0.5685192202902352 0.7991326580327286 0.1953788397604234
vertex -0.49063444264892453 0.863953838921453 0.11340902917961729
endloop
endfacet
facet normal 0 0 0
outer loop
vertex -0.8090169943749475 0.5000000000000001 0.30901699437494745
vertex -0.7099106358522679 0.5991063585226795 0.37026809244319614
vertex -0.7523439028017583 0.6176706970007558 0.2290448907607829
endloop
endfacet
facet normal 0 0 0
outer loop
vertex -0.5877852522924731 0.6881909602355868 0.42532540417601994
vertex -0.6440048006169802 0.7107897965621175 0.28290578270064953
vertex -0.7099106358522679 0.5991063585226795 0.37026809244319614
endloop
endfacet
facet normal 0 0 0
outer loop
vertex -0.6817183540715489 0.7165669224151787 0.1476209044221631
vertex -0.7523439028017583 0.6176706970007558 0.2290448907607829
vertex -0.6440048006169802 0.7107897965621175 0.28290578270064953
endloop
endfacet
facet normal 0 0 0
outer loop
vertex -0.7099106358522679 0.5991063585226795 0.37026809244319614
vertex -0.6440048006169802 0.7107897965621175 0.28290578270064953
vertex -0.7523439028017583 0.6176706970007558 0.2290448907607829
endloop
endfacet
facet normal 0 0 0
outer loop
vertex -0.3090169943749474 0.8090169943749473 0.5
vertex -0.38174148460130475 0.8467155877615387 0.3706024182004535
vertex -0.45044682073866027 0.7594638151136078 0.46937445096587566
endloop
endfacet
facet normal 0 0 0
outer loop
vertex -0.4428627132664894 0.864187826837342 0.2388556408050596
vertex -0.5174854883476929 0.7889830317777986 0.33123185975425573
vertex -0.38174148460130475 0.8467155877615387 0.3706024182004535
endloop
endfacet
facet normal 0 0 0
outer loop
vertex -0.5877852522924731 0.6881909602355868 0.42532540417601994
vertex -0.45044682073866027 0.7594638151136078 0.46937445096587566
vertex -0.5174854883476929 0.7889830317777986 0.33123185975425573
endloop
endfacet
facet normal 0 0 0
outer loop
vertex -0.38174148460130475 0.8467155877615387 0.3706024182004535
vertex -0.5174854883476929 0.7889830317777986 0.33123185975425573
vertex -0.45044682073866027 0.7594638151136078 0.46937445096587566
endloop
endfacet
facet normal 0 0 0
outer loop
vertex -0.6817183540715489 0.7165669224151787 0.1476209044221631
vertex -0.6440048006169802 0.7107897965621175 0.28290578270064953
vertex -0.5685192202902352 0.7991326580327286 0.1953788397604234
endloop
endfacet
facet normal 0 0 0
outer loop
vertex -0.5877852522924731 0.6881909602355868 0.42532540417601994
vertex -0.5174854883476929 0.7889830317777986 0.33123185975425573
vertex -0.6440048006169802 0.7107897965621175 0.28290578270064953
endloop
endfacet
facet normal 0 0 0
outer loop
vertex -0.4428627132664894 0.864187826837342 0.2388556408050596
vertex -0.5685192202902352 0.7991326580327286 0.1953788397604234
vertex -0.5174854883476929 0.7889830317777986 0.33123185975425573
endloop
endfacet
facet normal 0 0 0
outer loop
vertex -0.6440048006169802 0.7107897965621175 0.28290578270064953
vertex -0.5174854883476929 0.7889830317777986 0.33123185975425573
vertex -0.5685192202902352 0.7991326580327286 0.1953788397604234
endloop
endfacet
facet normal 0 0 0
outer loop
vertex -0.85065080835204 0.0 0.5257311121191336
vertex -0.7938632042573209 0.07009063466413208 0.6040434718285418
vertex -0.863953838921453 0.11340902917961729 0.49063444264892453
endloop
endfacet
facet normal 0 0 0
outer loop
vertex -0.7165669224151787 0.1476209044221631 0.6817183540715489
vertex -0.7991326580327285 0.19537883976042336 0.5685192202902352
vertex -0.7938632042573209 0.07009063466413208 0.6040434718285418
endloop
endfacet
facet normal 0 0 0
outer loop
vertex -0.864187826837342 0.2388556408050596 0.4428627132664894
vertex -0.863953838921453 0.11340902917961729 0.49063444264892453
vertex -0.7991326580327285 0.19537883976042336 0.5685192202902352
endloop
endfacet
facet normal 0 0 0
outer loop
vertex -0.7938632042573209 0.07009063466413208 0.6040434718285418
vertex -0.7991326580327285 0.19537883976042336 0.5685192202902352
vertex -0.863953838921453 0.11340902917961729 0.49063444264892453
endloop
endfacet
facet normal 0 0 0
outer loop
vertex -0.5000000000000001 0.30901699437494745 0.8090169943749475
vertex -0.5991063585226795 0.37026809244319614 0.7099106358522679
vertex -0.6176706970007557 0.22904489076078288 0.7523439028017582
endloop
endfacet
facet normal 0 0 0
outer loop
vertex -0.6881909602355868 0.42532540417601994 0.5877852522924731
vertex -0.7107897965621175 0.28290578270064953 0.6440048006169802
vertex -0.5991063585226795 0.37026809244319614 0.7099106358522679
endloop
endfacet
facet normal 0 0 0
outer loop
vertex -0.7165669224151787 0.1476209044221631 0.6817183540715489
vertex -0.6176706970007557 0.22904489076078288 0.7523439028017582
vertex -0.7107897965621175 0.28290578270064953 0.6440048006169802
endloop
endfacet
facet normal 0 0 0
outer loop
vertex -0.5991063585226795 0.37026809244319614 0.7099106358522679
vertex -0.7107897965621175 0.28290578270064953 0.6440048006169802
vertex -0.6176706970007557 0.22904489076078288 0.7523439028017582
endloop
endfacet
facet normal 0 0 0
outer loop
vertex -0.8090169943749475 0.5000000000000001 0.30901699437494745
vertex -0.8467155877615387 0.3706024182004535 0.38174148460130475
vertex -0.7594638151136077 0.4693744509658756 0.4504468207386602
endloop
endfacet
facet normal 0 0 0
outer loop
vertex -0.864187826837342 0.2388556408050596 0.4428627132664894
vertex -0.7889830317777986 0.33123185975425573 0.5174854883476929
vertex -0.8467155877615387 0.3706024182004535 0.38174148460130475
endloop
endfacet
facet normal 0 0 0
outer loop
vertex -0.6881909602355868 0.42532540417601994 0.5877852522924731
vertex -0.7594638151136077 0.4693744509658756 0.4504468207386602
vertex -0.7889830317777986 0.33123185975425573 0.5174854883476929
endloop
endfacet
facet normal 0 0 0
outer loop
vertex -0.8467155877615387 0.3706024182004535 0.38174148460130475
vertex -0.7889830317777986 0.33123185975425573 0.5174854883476929
vertex -0.7594638151136077 0.4693744509658756 0.4504468207386602
endloop
endfacet
facet normal 0 0 0
outer loop
vertex -0.7165669224151787 0.1476209044221631 0.6817183540715489
vertex -0.7107897965621175 0.28290578270064953 0.6440048006169802
vertex -0.7991326580327285 0.19537883976042336 0.5685192202902352
endloop
endfacet
facet normal 0 0 0
outer loop
vertex -0.6881909602355868 0.42532540417601994 0.5877852522924731
vertex -0.7889830317777986 0.33123185975425573 0.5174854883476929
vertex -0.7107897965621175 0.28290578270064953 0.6440048006169802
endloop
endfacet
facet normal 0 0 0
outer loop
vertex -0.864187826837342 0.2388556408050596 0.4428627132664894
vertex -0.7991326580327285 0.19537883976042336 0.5685192202902352
vertex -0.7889830317777986 0.33123185975425573 0.5174854883476929
endloop
endfacet
facet normal 0 0 0
outer loop
vertex -0.7107897965621175 0.28290578270064953 0.6440048006169802
vertex -0.7889830317777986 0.33123185975425573 0.5174854883476929
vertex -0.7991326580327285 0.19537883976042336 0.5685192202902352
endloop
endfacet
facet normal 0 0 0
outer loop
vertex 0.0 0.5257311121191336 0.85065080835204
vertex -0.07009063466413208 0.6040434718285418 0.7938632042573209
vertex -0.11340902917961729 0.49063444264892453 0.863953838921453
endloop
endfacet
facet normal 0 0 0
outer loop
vertex -0.1476209044221631 0.6817183540715489 0.7165669224151787
vertex -0.19537883976042336 0.5685192202902352 0.7991326580327285
vertex -0.07009063466413208 0.6040434718285418 0.7938632042573209
endloop
endfacet
facet normal 0 0 0
outer loop
vertex -0.2388556408050596 0.4428627132664894 0.864187826837342
vertex -0.11340902917961729 0.49063444264892453 0.863953838921453
vertex -0.19537883976042336 0.5685192202902352 0.7991326580327285
endloop
endfacet
facet normal 0 0 0
outer loop
vertex -0.07009063466413208 0.6040434718285418 0.7938632042573209
vertex -0.19537883976042336 0.5685192202902352 0.7991326580327285
vertex -0.11340902917961729 0.49063444264892453 0.863953838921453
endloop
endfacet
facet normal 0 0 0
outer loop
vertex -0.3090169943749474 0.8090169943749473 0.5
vertex -0.37026809244319614 0.7099106358522679 0.5991063585226795
vertex -0.22904489076078288 0.7523439028017582 0.6176706970007557
endloop
endfacet
facet normal 0 0 0
outer loop
vertex -0.42532540417601994 0.5877852522924731 0.6881909602355868
vertex -0.28290578270064953 0.6440048006169802 0.7107897965621175
vertex -0.37026809244319614 0.7099106358522679 0.5991063585226795
endloop
endfacet
facet normal 0 0 0
outer loop
vertex -0.1476209044221631 0.6817183540715489 0.7165669224151787
vertex -0.22904489076078288 0.7523439028017582 0.6176706970007557
vertex -0.28290578270064953 0.6440048006169802 0.7107897965621175
endloop
endfacet
facet normal 0 0 0
outer loop
vertex -0.37026809244319614 0.7099106358522679 0.5991063585226795
vertex -0.28290578270064953 0.6440048006169802 0.7107897965621175
vertex -0.22904489076078288 0.7523439028017582 0.6176706970007557
endloop
endfacet
facet normal 0 0 0
outer loop
vertex -0.5000000000000001 0.30901699437494745 0.8090169943749475
vertex -0.3706024182004535 0.38174148460130475 0.8467155877615387
vertex -0.4693744509658756 0.4504468207386602 0.7594638151136077
endloop
endfacet
facet normal 0 0 0
outer loop
vertex -0.2388556408050596 0.4428627132664894 0.864187826837342
vertex -0.33123185975425573 0.5174854883476929 0.7889830317777986
vertex -0.3706024182004535 0.38174148460130475 0.8467155877615387
endloop
endfacet
facet normal 0 0 0
outer loop
vertex -0.42532540417601994 0.5877852522924731 0.6881909602355868
vertex -0.4693744509658756 0.4504468207386602 0.7594638151136077
vertex -0.33123185975425573 0.5174854883476929 0.7889830317777986
endloop
endfacet
facet normal 0 0 0
outer loop
vertex -0.3706024182004535 0.38174148460130475 0.8467155877615387
vertex -0.33123185975425573 0.5174854883476929 0.7889830317777986
vertex -0.4693744509658756 0.4504468207386602 0.7594638151136077
endloop
endfacet
facet normal 0 0 0
outer loop
vertex -0.1476209044221631 0.6817183540715489 0.7165669224151787
vertex -0.28290578270064953 0.6440048006169802 0.7107897965621175
vertex -0.19537883976042336 0.5685192202902352 0.7991326580327285
endloop
endfacet
facet normal 0 0 0
outer loop
vertex -0.42532540417601994 0.5877852522924731 0.6881909602355868
vertex -0.33123185975425573 0.5174854883476929 0.7889830317777986
vertex -0.28290578270064953 0.6440048006169802 0.7107897965621175
endloop
endfacet
facet normal 0 0 0
outer loop
vertex -0.2388556408050596 0.4428627132664894 0.864187826837342
vertex -0.19537883976042336 0.5685192202902352 0.7991326580327285
vertex -0.33123185975425573 0.5174854883476929 0.7889830317777986
endloop
endfacet
facet normal 0 0 0
outer loop
vertex -0.28290578270064953 0.6440048006169802 0.7107897965621175
vertex -0.33123185975425573 0.5174854883476929 0.7889830317777986
vertex -0.19537883976042336 0.5685192202902352 0.7991326580327285
endloop
endfacet
facet normal 0 0 0
outer loop
vertex -0.8090169943749475 0.5000000000000001 0.30901699437494745
vertex -0.7594638151136077 0.4693744509658756 0.4504468207386602
vertex -0.7099106358522679 0.5991063585226795 0.37026809244319614
endloop
endfacet
facet normal 0 0 0
outer loop
vertex -0.6881909602355868 0.42532540417601994 0.5877852522924731
vertex -0.6465777917977317 0.5642542117657714 0.5133754412304479
vertex -0.7594638151136077 0.4693744509658756 0.4504468207386602
endloop
endfacet
facet normal 0 0 0
outer loop
vertex -0.5877852522924731 0.6881909602355868 0.42532540417601994
vertex -0.7099106358522679 0.5991063585226795 0.37026809244319614
vertex -0.6465777917977317 0.5642542117657714 0.5133754412304479
endloop
endfacet
facet normal 0 0 0
outer loop
vertex -0.7594638151136077 0.4693744509658756 0.4504468207386602
vertex -0.6465777917977317 0.5642542117657714 0.5133754412304479
vertex -0.7099106358522679 0.5991063585226795 0.37026809244319614
endloop
endfacet
facet normal 0 0 0
outer loop
vertex -0.5000000000000001 0.30901699437494745 0.8090169943749475
vertex -0.4693744509658756 0.4504468207386602 0.7594638151136077
vertex -0.5991063585226795 0.37026809244319614 0.7099106358522679
endloop
endfacet
facet normal 0 0 0
outer loop
vertex -0.42532540417601994 0.5877852522924731 0.6881909602355868
vertex -0.5642542117657714 0.5133754412304479 0.6465777917977317
vertex -0.4693744509658756 0.4504468207386602 0.7594638151136077
endloop
endfacet
facet normal 0 0 0
outer loop
vertex -0.6881909602355868 0.42532540417601994 0.5877852522924731
vertex -0.5991063585226795 0.37026809244319614 0.7099106358522679
vertex -0.5642542117657714 0.5133754412304479 0.6465777917977317
endloop
endfacet
facet normal 0 0 0
outer loop
vertex -0.4693744509658756 0.4504468207386602 0.7594638151136077
vertex -0.5642542117657714 0.5133754412304479 0.6465777917977317
vertex -0.5991063585226795 0.37026809244319614 0.7099106358522679
endloop
endfacet
facet normal 0 0 0
outer loop
vertex -0.3090169943749474 0.8090169943749473 0.5
vertex -0.45044682073866027 0.7594638151136078 0.46937445096587566
vertex -0.37026809244319614 0.7099106358522679 0.5991063585226795
endloop
endfacet
facet normal 0 0 0
outer loop
vertex -0.5877852522924731 0.6881909602355868 0.42532540417601994
vertex -0.5133754412304479 0.6465777917977317 0.5642542117657714
vertex -0.45044682073866027 0.7594638151136078 0.46937445096587566
endloop
endfacet
facet normal 0 0 0
outer loop
vertex -0.42532540417601994 0.5877852522924731 0.6881909602355868
vertex -0.37026809244319614 0.7099106358522679 0.5991063585226795
vertex -0.5133754412304479 0.6465777917977317 0.5642542117657714
endloop
endfacet
facet normal 0 0 0
outer loop
vertex -0.45044682073866027 0.7594638151136078 0.46937445096587566
vertex -0.5133754412304479 0.6465777917977317 0.5642542117657714
vertex -0.37026809244319614 0.7099106358522679 0.5991063585226795
endloop
endfacet
facet normal 0 0 0
outer loop
vertex -0.6881909602355868 0.42532540417601994 0.5877852522924731
vertex -0.5642542117657714 0.5133754412304479 0.6465777917977317
vertex -0.6465777917977317 0.5642542117657714 0.5133754412304479
endloop
endfacet
facet normal 0 0 0
outer loop
vertex -0.42532540417601994 0.5877852522924731 0.6881909602355868
vertex -0.5133754412304479 0.6465777917977317 0.5642542117657714
vertex -0.5642542117657714 0.5133754412304479 0.6465777917977317
endloop
endfacet
facet normal 0 0 0
outer loop
vertex -0.5877852522924731 0.6881909602355868 0.42532540417601994
vertex -0.6465777917977317 0.5642542117657714 0.5133754412304479
vertex -0.5133754412304479 0.6465777917977317 0.5642542117657714
endloop
endfacet
facet normal 0 0 0
outer loop
vertex -0.5642542117657714 0.5133754412304479 0.6465777917977317
vertex -0.5133754412304479 0.6465777917977317 0.5642542117657714
vertex -0.6465777917977317 0.5642542117657714 0.5133754412304479
endloop
endfacet
facet normal 0 0 0
outer loop
vertex -0.5257311121191336 0.85065080835204 0.0
vertex -0.49063444264892453 0.863953838921453 0.11340902917961729
vertex -0.4205438079847925 0.9072722334369383 0.0
endloop
endfacet
facet normal 0 0 0
outer loop
vertex -0.4428627132664894 0.864187826837342 0.2388556408050596
vertex -0.3731403805298118 0.9198834216871895 0.12075076365446102
vertex -0.49063444264892453 0.863953838921453 0.11340902917961729
endloop
endfacet
facet normal 0 0 0
outer loop
vertex -0.29524180884432627 0.9554225632202384 0.0
vertex -0.4205438079847925 0.9072722334369383 0.0
vertex -0.3731403805298118 0.9198834216871895 0.12075076365446102
endloop
endfacet
facet normal 0 0 0
outer loop
vertex -0.49063444264892453 0.863953838921453 0.11340902917961729
vertex -0.3731403805298118 0.9198834216871895 0.12075076365446102
vertex -0.4205438079847925 0.9072722334369383 0.0
endloop
endfacet
facet normal 0 0 0
outer loop
vertex -0.3090169943749474 0.8090169943749473 0.5
vertex -0.24053618488639233 0.8891957226704116 0.3891957226704116
vertex -0.38174148460130475 0.8467155877615387 0.3706024182004535
endloop
endfacet
facet normal 0 0 0
outer loop
vertex -0.16245984811645314 0.9510565162951536 0.2628655560595668
vertex -0.31277294086272456 0.9155023440470861 0.2530386245385746
vertex -0.24053618488639233 0.8891957226704116 0.3891957226704116
endloop
endfacet
facet normal 0 0 0
outer loop
vertex -0.4428627132664894 0.864187826837342 0.2388556408050596
vertex -0.38174148460130475 0.8467155877615387 0.3706024182004535
vertex -0.31277294086272456 0.9155023440470861 0.2530386245385746
endloop
endfacet
facet normal 0 0 0
outer loop
vertex -0.24053618488639233 0.8891957226704116 0.3891957226704116
vertex -0.31277294086272456 0.9155023440470861 0.2530386245385746
vertex -0.38174148460130475 0.8467155877615387 0.3706024182004535
endloop
endfacet
facet normal 0 0 0
outer loop
vertex 0.0 1.0 0.0
vertex -0.15269659384052192 0.9882731152012093 0.0
vertex -0.0801787282954641 0.988302081193091 0.12973190755680386
endloop
endfacet
facet normal 0 0 0
outer loop
vertex -0.29524180884432627 0.9554225632202384 0.0
vertex -0.2345797056470434 0.9638284211006921 0.12651931226928728
vertex -0.15269659384052192 0.9882731152012093 0.0
endloop
endfacet
facet normal 0 0 0
outer loop
vertex -0.16245984811645314 0.9510565162951536 0.2628655560595668
vertex -0.0801787282954641 0.988302081193091 0.12973190755680386
vertex -0.2345797056470434 0.9638284211006921 0.12651931226928728
endloop
endfacet
facet normal 0 0 0
outer loop
vertex -0.15269659384052192 0.9882731152012093 0.0
vertex -0.2345797056470434 0.9638284211006921 0.12651931226928728
vertex -0.0801787282954641 0.988302081193091 0.12973190755680386
endloop
endfacet
facet normal 0 0 0
outer loop
vertex -0.4428627132664894 0.864187826837342 0.2388556408050596
vertex -0.31277294086272456 0.9155023440470861 0.2530386245385746
vertex -0.3731403805298118 0.9198834216871895 0.12075076365446102
endloop
endfacet
facet normal 0 0 0
outer loop
vertex -0.16245984811645314 0.9510565162951536 0.2628655560595668
vertex -0.2345797056470434 0.9638284211006921 0.12651931226928728
vertex -0.31277294086272456 0.9155023440470861 0.2530386245385746
endloop
endfacet
facet normal 0 0 0
outer loop
vertex -0.29524180884432627 0.9554225632202384 0.0
vertex -0.3731403805298118 0.9198834216871895 0.12075076365446102
vertex -0.2345797056470434 0.9638284211006921 0.12651931226928728
endloop
endfacet
facet normal 0 0 0
outer loop
vertex -0.31277294086272456 0.9155023440470861 0.2530386245385746
vertex -0.2345797056470434 0.9638284211006921 0.12651931226928728
vertex -0.3731403805298118 0.9198834216871895 0.12075076365446102
endloop
endfacet
facet normal 0 0 0
outer loop
vertex 0.0 0.5257311121191336 0.85065080835204
vertex 0.07009063466413208 0.6040434718285418 0.7938632042573209
vertex -0.07009063466413208 0.6040434718285418 0.7938632042573209
endloop
endfacet
facet normal 0 0 0
outer loop
vertex 0.1476209044221631 0.6817183540715489 0.7165669224151787
vertex 0.0 0.6892699839446963 0.7245045819267661
vertex 0.07009063466413208 0.6040434718285418 0.7938632042573209
endloop
endfacet
facet normal 0 0 0
outer loop
vertex -0.1476209044221631 0.6817183540715489 0.7165669224151787
vertex -0.07009063466413208 0.6040434718285418 0.7938632042573209
vertex 0.0 0.6892699839446963 0.7245045819267661
endloop
endfacet
facet normal 0 0 0
outer loop
vertex 0.07009063466413208 0.6040434718285418 0.7938632042573209
vertex 0.0 0.6892699839446963 0.7245045819267661
vertex -0.07009063466413208 0.6040434718285418 0.7938632042573209
endloop
endfacet
facet normal 0 0 0
outer loop
vertex 0.3090169943749474 0.8090169943749473 0.5
vertex 0.1603574565909282 0.8396425434090719 0.5189276302272154
vertex 0.22904489076078288 0.7523439028017582 0.6176706970007557
endloop
endfacet
facet normal 0 0 0
outer loop
vertex 0.0 0.8506508083520399 0.5257311121191336
vertex 0.07819323521568113 0.7705241128862674 0.6325965613464364
vertex 0.1603574565909282 0.8396425434090719 0.5189276302272154
endloop
endfacet
facet normal 0 0 0
outer loop
vertex 0.1476209044221631 0.6817183540715489 0.7165669224151787
vertex 0.22904489076078288 0.7523439028017582 0.6176706970007557
vertex 0.07819323521568113 0.7705241128862674 0.6325965613464364
endloop
endfacet
facet normal 0 0 0
outer loop
vertex 0.1603574565909282 0.8396425434090719 0.5189276302272154
vertex 0.07819323521568113 0.7705241128862674 0.6325965613464364
vertex 0.22904489076078288 0.7523439028017582 0.6176706970007557
endloop
endfacet
facet normal 0 0 0
outer loop
vertex -0.3090169943749474 0.8090169943749473 0.5
vertex -0.22904489076078288 0.7523439028017582 0.6176706970007557
vertex -0.1603574565909282 0.8396425434090719 0.5189276302272154
endloop
endfacet
facet normal 0 0 0
outer loop
vertex -0.1476209044221631 0.6817183540715489 0.7165669224151787
vertex -0.07819323521568113 0.7705241128862674 0.6325965613464364
vertex -0.22904489076078288 0.7523439028017582 0.6176706970007557
endloop
endfacet
facet normal 0 0 0
outer loop
vertex 0.0 0.8506508083520399 0.5257311121191336
vertex -0.1603574565909282 0.8396425434090719 0.5189276302272154
vertex -0.07819323521568113 0.7705241128862674 0.6325965613464364
endloop
endfacet
facet normal 0 0 0
outer loop
vertex -0.22904489076078288 0.7523439028017582 0.6176706970007557
vertex -0.07819323521568113 0.7705241128862674 0.6325965613464364
vertex -0.1603574565909282 0.8396425434090719 0.5189276302272154
endloop
endfacet
facet normal 0 0 0
outer loop
vertex 0.1476209044221631 0.6817183540715489 0.7165669224151787
vertex 0.07819323521568113 0.7705241128862674 0.6325965613464364
vertex 0.0 0.6892699839446963 0.7245045819267661
endloop
endfacet
facet normal 0 0 0
outer loop
vertex 0.0 0.8506508083520399 0.5257311121191336
vertex -0.07819323521568113 0.7705241128862674 0.6325965613464364
vertex 0.07819323521568113 0.7705241128862674 0.6325965613464364
endloop
endfacet
facet normal 0 0 0
outer loop
vertex -0.1476209044221631 0.6817183540715489 0.7165669224151787
vertex 0.0 0.6892699839446963 0.7245045819267661
vertex -0.07819323521568113 0.7705241128862674 0.6325965613464364
endloop
endfacet
facet normal 0 0 0
outer loop
vertex 0.07819323521568113 0.7705241128862674 0.6325965613464364
vertex -0.07819323521568113 0.7705241128862674 0.6325965613464364
vertex 0.0 0.6892699839446963 0.7245045819267661
endloop
endfacet
facet normal 0 0 0
outer loop
vertex 0.5257311121191336 0.85065080835204 0.0
vertex 0.4205438079847925 0.9072722334369383 0.0
vertex 0.49063444264892453 0.863953838921453 0.11340902917961729
endloop
endfacet
facet normal 0 0 0
outer loop
vertex 0.29524180884432627 0.9554225632202384 0.0
vertex 0.3731403805298118 0.9198834216871895 0.12075076365446102
vertex 0.4205438079847925 0.9072722334369383 0.0
endloop
endfacet
facet normal 0 0 0
outer loop
vertex 0.4428627132664894 0.864187826837342 0.2388556408050596
vertex 0.49063444264892453 0.863953838921453 0.11340902917961729
vertex 0.3731403805298118 0.9198834216871895 0.12075076365446102
endloop
endfacet
facet normal 0 0 0
outer loop
vertex 0.4205438079847925 0.9072722334369383 0.0
vertex 0.3731403805298118 0.9198834216871895 0.12075076365446102
vertex 0.49063444264892453 0.863953838921453 0.11340902917961729
endloop
endfacet
facet normal 0 0 0
outer loop
vertex 0.0 1.0 0.0
vertex 0.0801787282954641 0.988302081193091 0.12973190755680386
vertex 0.15269659384052192 0.9882731152012093 0.0
endloop
endfacet
facet normal 0 0 0
outer loop
vertex 0.16245984811645314 0.9510565162951536 0.2628655560595668
vertex 0.2345797056470434 0.9638284211006921 0.12651931226928728
vertex 0.0801787282954641 0.988302081193091 0.12973190755680386
endloop
endfacet
facet normal 0 0 0
outer loop
vertex 0.29524180884432627 0.9554225632202384 0.0
vertex 0.15269659384052192 0.9882731152012093 0.0
vertex 0.2345797056470434 0.9638284211006921 0.12651931226928728
endloop
endfacet
facet normal 0 0 0
outer loop
vertex 0.0801787282954641 0.988302081193091 0.12973190755680386
vertex 0.2345797056470434 0.9638284211006921 0.12651931226928728
vertex 0.15269659384052192 0.9882731152012093 0.0
endloop
endfacet
facet normal 0 0 0
outer loop
vertex 0.3090169943749474 0.8090169943749473 0.5
vertex 0.38174148460130475 0.8467155877615387 0.3706024182004535
vertex 0.24053618488639233 0.8891957226704116 0.3891957226704116
endloop
endfacet
facet normal 0 0 0
outer loop
vertex 0.4428627132664894 0.864187826837342 0.2388556408050596
vertex 0.31277294086272456 0.9155023440470861 0.2530386245385746
vertex 0.38174148460130475 0.8467155877615387 0.3706024182004535
endloop
endfacet
facet normal 0 0 0
outer loop
vertex 0.16245984811645314 0.9510565162951536 0.2628655560595668
vertex 0.24053618488639233 0.8891957226704116 0.3891957226704116
vertex 0.31277294086272456 0.9155023440470861 0.2530386245385746
endloop
endfacet
facet normal 0 0 0
outer loop
vertex 0.38174148460130475 0.8467155877615387 0.3706024182004535
vertex 0.31277294086272456 0.9155023440470861 0.2530386245385746
vertex 0.24053618488639233 0.8891957226704116 0.3891957226704116
endloop
endfacet
facet normal 0 0 0
outer loop
vertex 0.29524180884432627 0.9554225632202384 0.0
vertex 0.2345797056470434 0.9638284211006921 0.12651931226928728
vertex 0.3731403805298118 0.9198834216871895 0.12075076365446102
endloop
endfacet
facet normal 0 0 0
outer loop
vertex 0.16245984811645314 0.9510565162951536 0.2628655560595668
vertex 0.31277294086272456 0.9155023440470861 0.2530386245385746
vertex 0.2345797056470434 0.9638284211006921 0.12651931226928728
endloop
endfacet
facet normal 0 0 0
outer loop
vertex 0.4428627132664894 0.864187826837342 0.2388556408050596
vertex 0.3731403805298118 0.9198834216871895 0.12075076365446102
vertex 0.31277294086272456 0.9155023440470861 0.2530386245385746
endloop
endfacet
facet normal 0 0 0
outer loop
vertex 0.2345797056470434 0.9638284211006921 0.12651931226928728
vertex 0.31277294086272456 0.9155023440470861 0.2530386245385746
vertex 0.3731403805298118 0.9198834216871895 0.12075076365446102
endloop
endfacet
facet normal 0 0 0
outer loop
vertex -0.3090169943749474 0.8090169943749473 0.5
vertex -0.1603574565909282 0.8396425434090719 0.5189276302272154
vertex -0.24053618488639233 0.8891957226704116 0.3891957226704116
endloop
endfacet
facet normal 0 0 0
outer loop
vertex 0.0 0.8506508083520399 0.5257311121191336
vertex -0.08232358003196016 0.912982492932299 0.3996070517018511
vertex -0.1603574565909282 0.8396425434090719 0.5189276302272154
endloop
endfacet
facet normal 0 0 0
outer loop
vertex -0.16245984811645314 0.9510565162951536 0.2628655560595668
vertex -0.24053618488639233 0.8891957226704116 0.3891957226704116
vertex -0.08232358003196016 0.912982492932299 0.3996070517018511
endloop
endfacet
facet normal 0 0 0
outer loop
vertex -0.1603574565909282 0.8396425434090719 0.5189276302272154
vertex -0.08232358003196016 0.912982492932299 0.3996070517018511
vertex -0.24053618488639233 0.8891957226704116 0.3891957226704116
endloop
endfacet
facet normal 0 0 0
outer loop
vertex 0.3090169943749474 0.8090169943749473 0.5
vertex 0.24053618488639233 0.8891957226704116 0.3891957226704116
vertex 0.1603574565909282 0.8396425434090719 0.5189276302272154
endloop
endfacet
facet normal 0 0 0
outer loop
vertex 0.16245984811645314 0.9510565162951536 0.2628655560595668
vertex 0.08232358003196016 0.912982492932299 0.3996070517018511
vertex 0.24053618488639233 0.8891957226704116 0.3891957226704116
endloop
endfacet
facet normal 0 0 0
outer loop
vertex 0.0 0.8506508083520399 0.5257311121191336
vertex 0.1603574565909282 0.8396425434090719 0.5189276302272154
vertex 0.08232358003196016 0.912982492932299 0.3996070517018511
endloop
endfacet
facet normal 0 0 0
outer loop
vertex 0.24053618488639233 0.8891957226704116 0.3891957226704116
vertex 0.08232358003196016 0.912982492932299 0.3996070517018511
vertex 0.1603574565909282 0.8396425434090719 0.5189276302272154
endloop
endfacet
facet normal 0 0 0
outer loop
vertex 0.0 1.0 0.0
vertex -0.0801787282954641 0.988302081193091 0.12973190755680386
vertex 0.0801787282954641 0.988302081193091 0.12973190755680386
endloop
endfacet
facet normal 0 0 0
outer loop
vertex -0.16245984811645314 0.9510565162951536 0.2628655560595668
vertex 0.0 0.9638612634676227 0.26640470113456743
vertex -0.0801787282954641 0.988302081193091 0.12973190755680386
endloop
endfacet
facet normal 0 0 0
outer loop
vertex 0.16245984811645314 0.9510565162951536 0.2628655560595668
vertex 0.0801787282954641 0.988302081193091 0.12973190755680386
vertex 0.0 0.9638612634676227 0.26640470113456743
endloop
endfacet
facet normal 0 0 0
outer loop
vertex -0.0801787282954641 0.988302081193091 0.12973190755680386
vertex 0.0 0.9638612634676227 0.26640470113456743
vertex 0.0801787282954641 0.988302081193091 0.12973190755680386
endloop
endfacet
facet normal 0 0 0
outer loop
vertex 0.0 0.8506508083520399 0.5257311121191336
vertex 0.08232358003196016 0.912982492932299 0.3996070517018511
vertex -0.08232358003196016 0.912982492932299 0.3996070517018511
endloop
endfacet
facet normal 0 0 0
outer loop
vertex 0.16245984811645314 0.9510565162951536 0.2628655560595668
vertex 0.0 0.9638612634676227 0.26640470113456743
vertex 0.08232358003196016 0.912982492932299 0.3996070517018511
endloop
endfacet
facet normal 0 0 0
outer loop
vertex -0.16245984811645314 0.9510565162951536 0.2628655560595668
vertex -0.08232358003196016 0.912982492932299 0.3996070517018511
vertex 0.0 0.9638612634676227 0.26640470113456743
endloop
endfacet
facet normal 0 0 0
outer loop
vertex 0.08232358003196016 0.912982492932299 0.3996070517018511
vertex 0.0 0.9638612634676227 0.26640470113456743
vertex -0.08232358003196016 0.912982492932299 0.3996070517018511
endloop
endfacet
facet normal 0 0 0
outer loop
vertex -0.5257311121191336 0.85065080835204 0.0
vertex -0.4205438079847925 0.9072722334369383 0.0
vertex -0.49063444264892453 0.863953838921453 -0.11340902917961729
endloop
endfacet
facet normal 0 0 0
outer loop
vertex -0.29524180884432627 0.9554225632202384 0.0
vertex -0.3731403805298118 0.9198834216871895 -0.12075076365446102
vertex -0.4205438079847925 0.9072722334369383 0.0
endloop
endfacet
facet normal 0 0 0
outer loop
vertex -0.4428627132664894 0.864187826837342 -0.2388556408050596
vertex -0.49063444264892453 0.863953838921453 -0.11340902917961729
vertex -0.3731403805298118 0.9198834216871895 -0.12075076365446102
endloop
endfacet
facet normal 0 0 0
outer loop
vertex -0.4205438079847925 0.9072722334369383 0.0
vertex -0.3731403805298118 0.9198834216871895 -0.12075076365446102
vertex -0.49063444264892453 0.863953838921453 -0.11340902917961729
endloop
endfacet
facet normal 0 0 0
outer loop
vertex 0.0 1.0 0.0
vertex -0.0801787282954641 0.988302081193091 -0.12973190755680386
vertex -0.15269659384052192 0.9882731152012093 0.0
endloop
endfacet
facet normal 0 0 0
outer loop
vertex -0.16245984811645314 0.9510565162951536 -0.2628655560595668
vertex -0.2345797056470434 0.9638284211006921 -0.12651931226928728
vertex -0.0801787282954641 0.988302081193091 -0.12973190755680386
endloop
endfacet
facet normal 0 0 0
outer loop
vertex -0.29524180884432627 0.9554225632202384 0.0
vertex -0.15269659384052192 0.9882731152012093 0.0
vertex -0.2345797056470434 0.9638284211006921 -0.12651931226928728
endloop
endfacet
facet normal 0 0 0
outer loop
vertex -0.0801787282954641 0.988302081193091 -0.12973190755680386
vertex -0.2345797056470434 0.9638284211006921 -0.12651931226928728
vertex -0.15269659384052192 0.9882731152012093 0.0
endloop
endfacet
facet normal 0 0 0
outer loop
vertex -0.3090169943749474 0.8090169943749473 -0.5
vertex -0.38174148460130475 0.8467155877615387 -0.3706024182004535
vertex -0.24053618488639233 0.8891957226704116 -0.3891957226704116
endloop
endfacet
facet normal 0 0 0
outer loop
vertex -0.4428627132664894 0.864187826837342 -0.2388556408050596
vertex -0.31277294086272456 0.9155023440470861 -0.2530386245385746
vertex -0.38174148460130475 0.8467155877615387 -0.3706024182004535
endloop
endfacet
facet normal 0 0 0
outer loop
vertex -0.16245984811645314 0.9510565162951536 -0.2628655560595668
vertex -0.24053618488639233 0.8891957226704116 -0.3891957226704116
vertex -0.31277294086272456 0.9155023440470861 -0.2530386245385746
endloop
endfacet
facet normal 0 0 0
outer loop
vertex -0.38174148460130475 0.8467155877615387 -0.3706024182004535
vertex -0.31277294086272456 0.9155023440470861 -0.2530386245385746
vertex -0.24053618488639233 0.8891957226704116 -0.3891957226704116
endloop
endfacet
facet normal 0 0 0
outer loop
vertex -0.29524180884432627 0.9554225632202384 0.0
vertex -0.2345797056470434 0.9638284211006921 -0.12651931226928728
vertex -0.3731403805298118 0.9198834216871895 -0.12075076365446102
endloop
endfacet
facet normal 0 0 0
outer loop
vertex -0.16245984811645314 0.9510565162951536 -0.2628655560595668
vertex -0.31277294086272456 0.9155023440470861 -0.2530386245385746
vertex -0.2345797056470434 0.9638284211006921 -0.12651931226928728
endloop
endfacet
facet normal 0 0 0
outer loop
vertex -0.4428627132664894 0.864187826837342 -0.2388556408050596
vertex -0.3731403805298118 0.9198834216871895 -0.12075076365446102
vertex -0.31277294086272456 0.9155023440470861 -0.2530386245385746
endloop
endfacet
facet normal 0 0 0
outer loop
vertex -0.2345797056470434 0.9638284211006921 -0.12651931226928728
vertex -0.31277294086272456 0.9155023440470861 -0.2530386245385746
vertex -0.3731403805298118 0.9198834216871895 -0.12075076365446102
endloop
endfacet
facet normal 0 0 0
outer loop
vertex 0.5257311121191336 0.85065080835204 0.0
vertex 0.49063444264892453 0.863953838921453 -0.11340902917961729
vertex 0.4205438079847925 0.9072722334369383 0.0
endloop
endfacet
facet normal 0 0 0
outer loop
vertex 0.4428627132664894 0.864187826837342 -0.2388556408050596
vertex 0.3731403805298118 0.9198834216871895 -0.12075076365446102
vertex 0.49063444264892453 0.863953838921453 -0.11340902917961729
endloop
endfacet
facet normal 0 0 0
outer loop
vertex 0.29524180884432627 0.9554225632202384 0.0
vertex 0.4205438079847925 0.9072722334369383 0.0
vertex 0.3731403805298118 0.9198834216871895 -0.12075076365446102
endloop
endfacet
facet normal 0 0 0
outer loop
vertex 0.49063444264892453 0.863953838921453 -0.11340902917961729
vertex 0.3731403805298118 0.9198834216871895 -0.12075076365446102
vertex 0.4205438079847925 0.9072722334369383 0.0
endloop
endfacet
facet normal 0 0 0
outer loop
vertex 0.3090169943749474 0.8090169943749473 -0.5
vertex 0.24053618488639233 0.8891957226704116 -0.3891957226704116
vertex 0.38174148460130475 0.8467155877615387 -0.3706024182004535
endloop
endfacet
facet normal 0 0 0
outer loop
vertex 0.16245984811645314 0.9510565162951536 -0.2628655560595668
vertex 0.31277294086272456 0.9155023440470861 -0.2530386245385746
vertex 0.24053618488639233 0.8891957226704116 -0.3891957226704116
endloop
endfacet
facet normal 0 0 0
outer loop
vertex 0.4428627132664894 0.864187826837342 -0.2388556408050596
vertex 0.38174148460130475 0.8467155877615387 -0.3706024182004535
vertex 0.31277294086272456 0.9155023440470861 -0.2530386245385746
endloop
endfacet
facet normal 0 0 0
outer loop
vertex 0.24053618488639233 0.8891957226704116 -0.3891957226704116
vertex 0.31277294086272456 0.9155023440470861 -0.2530386245385746
vertex 0.38174148460130475 0.8467155877615387 -0.3706024182004535
endloop
endfacet
facet normal 0 0 0
outer loop
vertex 0.0 1.0 0.0
vertex 0.15269659384052192 0.9882731152012093 0.0
vertex 0.0801787282954641 0.988302081193091 -0.12973190755680386
endloop
endfacet
facet normal 0 0 0
outer loop
vertex 0.29524180884432627 0.9554225632202384 0.0
vertex 0.2345797056470434 0.9638284211006921 -0.12651931226928728
vertex 0.15269659384052192 0.9882731152012093 0.0
endloop
endfacet
facet normal 0 0 0
outer loop
vertex 0.16245984811645314 0.9510565162951536 -0.2628655560595668
vertex 0.0801787282954641 0.988302081193091 -0.12973190755680386
vertex 0.2345797056470434 0.9638284211006921 -0.12651931226928728
endloop
endfacet
facet normal 0 0 0
outer loop
vertex 0.15269659384052192 0.9882731152012093 0.0
vertex 0.2345797056470434 0.9638284211006921 -0.12651931226928728
vertex 0.0801787282954641 0.988302081193091 -0.12973190755680386
endloop
endfacet
facet normal 0 0 0
outer loop
vertex 0.4428627132664894 0.864187826837342 -0.2388556408050596
vertex 0.31277294086272456 0.9155023440470861 -0.2530386245385746
vertex 0.3731403805298118 0.9198834216871895 -0.12075076365446102
endloop
endfacet
facet normal 0 0 0
outer loop
vertex 0.16245984811645314 0.9510565162951536 -0.2628655560595668
vertex 0.2345797056470434 0.9638284211006921 -0.12651931226928728
vertex 0.31277294086272456 0.9155023440470861 -0.2530386245385746
endloop
endfacet
facet normal 0 0 0
outer loop
vertex 0.29524180884432627 0.9554225632202384 0.0
vertex 0.3731403805298118 0.9198834216871895 -0.12075076365446102
vertex 0.2345797056470434 0.9638284211006921 -0.12651931226928728
endloop
endfacet
facet normal 0 0 0
outer loop
vertex 0.31277294086272456 0.9155023440470861 -0.2530386245385746
vertex 0.2345797056470434 0.9638284211006921 -0.12651931226928728
vertex 0.3731403805298118 0.9198834216871895 -0.12075076365446102
endloop
endfacet
facet normal 0 0 0
outer loop
vertex 0.0 0.5257311121191336 -0.85065080835204
vertex -0.07009063466413208 0.6040434718285418 -0.7938632042573209
vertex 0.07009063466413208 0.6040434718285418 -0.7938632042573209
endloop
endfacet
facet normal 0 0 0
outer loop
vertex -0.1476209044221631 0.6817183540715489 -0.7165669224151787
vertex 0.0 0.6892699839446963 -0.7245045819267661
vertex -0.07009063466413208 0.6040434718285418 -0.7938632042573209
endloop
endfacet
facet normal 0 0 0
outer loop
vertex 0.1476209044221631 0.6817183540715489 -0.7165669224151787
vertex 0.07009063466413208 0.6040434718285418 -0.7938632042573209
vertex 0.0 0.6892699839446963 -0.7245045819267661
endloop
endfacet
facet normal 0 0 0
outer loop
vertex -0.07009063466413208 0.6040434718285418 -0.7938632042573209
vertex 0.0 0.6892699839446963 -0.7245045819267661
vertex 0.07009063466413208 0.6040434718285418 -0.7938632042573209
endloop
endfacet
facet normal 0 0 0
outer loop
vertex -0.3090169943749474 0.8090169943749473 -0.5
vertex -0.1603574565909282 0.8396425434090719 -0.5189276302272154
vertex -0.22904489076078288 0.7523439028017582 -0.6176706970007557
endloop
endfacet
facet normal 0 0 0
outer loop
vertex 0.0 0.8506508083520399 -0.5257311121191336
vertex -0.07819323521568113 0.7705241128862674 -0.6325965613464364
vertex -0.1603574565909282 0.8396425434090719 -0.5189276302272154
endloop
endfacet
facet normal 0 0 0
outer loop
vertex -0.1476209044221631 0.6817183540715489 -0.7165669224151787
vertex -0.22904489076078288 0.7523439028017582 -0.6176706970007557
vertex -0.07819323521568113 0.7705241128862674 -0.6325965613464364
endloop
endfacet
facet normal 0 0 0
outer loop
vertex -0.1603574565909282 0.8396425434090719 -0.5189276302272154
vertex -0.07819323521568113 0.7705241128862674 -0.6325965613464364
vertex -0.22904489076078288 0.7523439028017582 -0.6176706970007557
endloop
endfacet
facet normal 0 0 0
outer loop
vertex 0.3090169943749474 0.8090169943749473 -0.5
vertex 0.22904489076078288 0.7523439028017582 -0.6176706970007557
vertex 0.1603574565909282 0.8396425434090719 -0.5189276302272154
endloop
endfacet
facet normal 0 0 0
outer loop
vertex 0.1476209044221631 0.6817183540715489 -0.7165669224151787
vertex 0.07819323521568113 0.7705241128862674 -0.6325965613464364
vertex 0.22904489076078288 0.7523439028017582 -0.6176706970007557
endloop
endfacet
facet normal 0 0 0
outer loop
vertex 0.0 0.8506508083520399 -0.5257311121191336
vertex 0.1603574565909282 0.8396425434090719 -0.5189276302272154
vertex 0.07819323521568113 0.7705241128862674 -0.6325965613464364
endloop
endfacet
facet normal 0 0 0
outer loop
vertex 0.22904489076078288 0.7523439028017582 -0.6176706970007557
vertex 0.07819323521568113 0.7705241128862674 -0.6325965613464364
vertex 0.1603574565909282 0.8396425434090719 -0.5189276302272154
endloop
endfacet
facet normal 0 0 0
outer loop
vertex -0.1476209044221631 0.6817183540715489 -0.7165669224151787
vertex -0.07819323521568113 0.7705241128862674 -0.6325965613464364
vertex 0.0 0.6892699839446963 -0.7245045819267661
endloop
endfacet
facet normal 0 0 0
outer loop
vertex 0.0 0.8506508083520399 -0.5257311121191336
vertex 0.07819323521568113 0.7705241128862674 -0.6325965613464364
vertex -0.07819323521568113 0.7705241128862674 -0.6325965613464364
endloop
endfacet
facet normal 0 0 0
outer loop
vertex 0.1476209044221631 0.6817183540715489 -0.7165669224151787
vertex 0.0 0.6892699839446963 -0.7245045819267661
vertex 0.07819323521568113 0.7705241128862674 -0.6325965613464364
endloop
endfacet
facet normal 0 0 0
outer loop
vertex -0.07819323521568113 0.7705241128862674 -0.6325965613464364
vertex 0.07819323521568113 0.7705241128862674 -0.6325965613464364
vertex 0.0 0.6892699839446963 -0.7245045819267661
endloop
endfacet
facet normal 0 0 0
outer loop
vertex 0.0 1.0 0.0
vertex 0.0801787282954641 0.988302081193091 -0.12973190755680386
vertex -0.0801787282954641 0.988302081193091 -0.12973190755680386
endloop
endfacet
facet normal 0 0 0
outer loop
vertex 0.16245984811645314 0.9510565162951536 -0.2628655560595668
vertex 0.0 0.9638612634676227 -0.26640470113456743
vertex 0.0801787282954641 0.988302081193091 -0.12973190755680386
endloop
endfacet
facet normal 0 0 0
outer loop
vertex -0.16245984811645314 0.9510565162951536 -0.2628655560595668
vertex -0.0801787282954641 0.988302081193091 -0.12973190755680386
vertex 0.0 0.9638612634676227 -0.26640470113456743
endloop
endfacet
facet normal 0 0 0
outer loop
vertex 0.0801787282954641 0.988302081193091 -0.12973190755680386
vertex 0.0 0.9638612634676227 -0.26640470113456743
vertex -0.0801787282954641 0.988302081193091 -0.12973190755680386
endloop
endfacet
facet normal 0 0 0
outer loop
vertex 0.3090169943749474 0.8090169943749473 -0.5
vertex 0.1603574565909282 0.8396425434090719 -0.5189276302272154
vertex 0.24053618488639233 0.8891957226704116 -0.3891957226704116
endloop
endfacet
facet normal 0 0 0
outer loop
vertex 0.0 0.8506508083520399 -0.5257311121191336
vertex 0.08232358003196016 0.912982492932299 -0.3996070517018511
vertex 0.1603574565909282 0.8396425434090719 -0.5189276302272154
endloop
endfacet
facet normal 0 0 0
outer loop
vertex 0.16245984811645314 0.9510565162951536 -0.2628655560595668
vertex 0.24053618488639233 0.8891957226704116 -0.3891957226704116
vertex 0.08232358003196016 0.912982492932299 -0.3996070517018511
endloop
endfacet
facet normal 0 0 0
outer loop
vertex 0.1603574565909282 0.8396425434090719 -0.5189276302272154
vertex 0.08232358003196016 0.912982492932299 -0.3996070517018511
vertex 0.24053618488639233 0.8891957226704116 -0.3891957226704116
endloop
endfacet
facet normal 0 0 0
outer loop
vertex -0.3090169943749474 0.8090169943749473 -0.5
vertex -0.24053618488639233 0.8891957226704116 -0.3891957226704116
vertex -0.1603574565909282 0.8396425434090719 -0.5189276302272154
endloop
endfacet
facet normal 0 0 0
outer loop
vertex -0.16245984811645314 0.9510565162951536 -0.2628655560595668
vertex -0.08232358003196016 0.912982492932299 -0.3996070517018511
vertex -0.24053618488639233 0.8891957226704116 -0.3891957226704116
endloop
endfacet
facet normal 0 0 0
outer loop
vertex 0.0 0.8506508083520399 -0.5257311121191336
vertex -0.1603574565909282 0.8396425434090719 -0.5189276302272154
vertex -0.08232358003196016 0.912982492932299 -0.3996070517018511
endloop
endfacet
facet normal 0 0 0
outer loop
vertex -0.24053618488639233 0.8891957226704116 -0.3891957226704116
vertex -0.08232358003196016 0.912982492932299 -0.3996070517018511
vertex -0.1603574565909282 0.8396425434090719 -0.5189276302272154
endloop
endfacet
facet normal 0 0 0
outer loop
vertex 0.16245984811645314 0.9510565162951536 -0.2628655560595668
vertex 0.08232358003196016 0.912982492932299 -0.3996070517018511
vertex 0.0 0.9638612634676227 -0.26640470113456743
endloop
endfacet
facet normal 0 0 0
outer loop
vertex 0.0 0.8506508083520399 -0.5257311121191336
vertex -0.08232358003196016 0.912982492932299 -0.3996070517018511
vertex 0.08232358003196016 0.912982492932299 -0.3996070517018511
endloop
endfacet
facet normal 0 0 0
outer loop
vertex -0.16245984811645314 0.9510565162951536 -0.2628655560595668
vertex 0.0 0.9638612634676227 -0.26640470113456743
vertex -0.08232358003196016 0.912982492932299 -0.3996070517018511
endloop
endfacet
facet normal 0 0 0
outer loop
vertex 0.08232358003196016 0.912982492932299 -0.3996070517018511
vertex -0.08232358003196016 0.912982492932299 -0.3996070517018511
vertex 0.0 0.9638612634676227 -0.26640470113456743
endloop
endfacet
facet normal 0 0 0
outer loop
vertex -0.5257311121191336 0.85065080835204 0.0
vertex -0.49063444264892453 0.863953838921453 -0.11340902917961729
vertex -0.6040434718285418 0.7938632042573209 -0.07009063466413208
endloop
endfacet
facet normal 0 0 0
outer loop
vertex -0.4428627132664894 0.864187826837342 -0.2388556408050596
vertex -0.5685192202902352 0.7991326580327286 -0.1953788397604234
vertex -0.49063444264892453 0.863953838921453 -0.11340902917961729
endloop
endfacet
facet normal 0 0 0
outer loop
vertex -0.6817183540715489 0.7165669224151787 -0.1476209044221631
vertex -0.6040434718285418 0.7938632042573209 -0.07009063466413208
vertex -0.5685192202902352 0.7991326580327286 -0.1953788397604234
endloop
endfacet
facet normal 0 0 0
outer loop
vertex -0.49063444264892453 0.863953838921453 -0.11340902917961729
vertex -0.5685192202902352 0.7991326580327286 -0.1953788397604234
vertex -0.6040434718285418 0.7938632042573209 -0.07009063466413208
endloop
endfacet
facet normal 0 0 0
outer loop
vertex -0.3090169943749474 0.8090169943749473 -0.5
vertex -0.45044682073866027 0.7594638151136078 -0.46937445096587566
vertex -0.38174148460130475 0.8467155877615387 -0.3706024182004535
endloop
endfacet
facet normal 0 0 0
outer loop
vertex -0.5877852522924731 0.6881909602355868 -0.42532540417601994
vertex -0.5174854883476929 0.7889830317777986 -0.33123185975425573
vertex -0.45044682073866027 0.7594638151136078 -0.46937445096587566
endloop
endfacet
facet normal 0 0 0
outer loop
vertex -0.4428627132664894 0.864187826837342 -0.2388556408050596
vertex -0.38174148460130475 0.8467155877615387 -0.3706024182004535
vertex -0.5174854883476929 0.7889830317777986 -0.33123185975425573
endloop
endfacet
facet normal 0 0 0
outer loop
vertex -0.45044682073866027 0.7594638151136078 -0.46937445096587566
vertex -0.5174854883476929 0.7889830317777986 -0.33123185975425573
vertex -0.38174148460130475 0.8467155877615387 -0.3706024182004535
endloop
endfacet
facet normal 0 0 0
outer loop
vertex -0.8090169943749475 0.5000000000000001 -0.30901699437494745
vertex -0.7523439028017583 0.6176706970007558 -0.2290448907607829
vertex -0.7099106358522679 0.5991063585226795 -0.37026809244319614
endloop
endfacet
facet normal 0 0 0
outer loop
vertex -0.6817183540715489 0.7165669224151787 -0.1476209044221631
vertex -0.6440048006169802 0.7107897965621175 -0.28290578270064953
vertex -0.7523439028017583 0.6176706970007558 -0.2290448907607829
endloop
endfacet
facet normal 0 0 0
outer loop
vertex -0.5877852522924731 0.6881909602355868 -0.42532540417601994
vertex -0.7099106358522679 0.5991063585226795 -0.37026809244319614
vertex -0.6440048006169802 0.7107897965621175 -0.28290578270064953
endloop
endfacet
facet normal 0 0 0
outer loop
vertex -0.7523439028017583 0.6176706970007558 -0.2290448907607829
vertex -0.6440048006169802 0.7107897965621175 -0.28290578270064953
vertex -0.7099106358522679 0.5991063585226795 -0.37026809244319614
endloop
endfacet
facet normal 0 0 0
outer loop
vertex -0.4428627132664894 0.864187826837342 -0.2388556408050596
vertex -0.5174854883476929 0.7889830317777986 -0.33123185975425573
vertex -0.5685192202902352 0.7991326580327286 -0.1953788397604234
endloop
endfacet
facet normal 0 0 0
outer loop
vertex -0.5877852522924731 0.6881909602355868 -0.42532540417601994
vertex -0.6440048006169802 0.7107897965621175 -0.28290578270064953
vertex -0.5174854883476929 0.7889830317777986 -0.33123185975425573
endloop
endfacet
facet normal 0 0 0
outer loop
vertex -0.6817183540715489 0.7165669224151787 -0.1476209044221631
vertex -0.5685192202902352 0.7991326580327286 -0.1953788397604234
vertex -0.6440048006169802 0.7107897965621175 -0.28290578270064953
endloop
endfacet
facet normal 0 0 0
outer loop
vertex -0.5174854883476929 0.7889830317777986 -0.33123185975425573
vertex -0.6440048006169802 0.7107897965621175 -0.28290578270064953
vertex -0.5685192202902352 0.7991326580327286 -0.1953788397604234
endloop
endfacet
facet normal 0 0 0
outer loop
vertex 0.0 0.5257311121191336 -0.85065080835204
vertex -0.11340902917961729 0.49063444264892453 -0.863953838921453
vertex -0.07009063466413208 0.6040434718285418 -0.7938632042573209
endloop
endfacet
facet normal 0 0 0
outer loop
vertex -0.2388556408050596 0.4428627132664894 -0.864187826837342
vertex -0.19537883976042336 0.5685192202902352 -0.7991326580327285
vertex -0.11340902917961729 0.49063444264892453 -0.863953838921453
endloop
endfacet
facet normal 0 0 0
outer loop
vertex -0.1476209044221631 0.6817183540715489 -0.7165669224151787
vertex -0.07009063466413208 0.6040434718285418 -0.7938632042573209
vertex -0.19537883976042336 0.5685192202902352 -0.7991326580327285
endloop
endfacet
facet normal 0 0 0
outer loop
vertex -0.11340902917961729 0.49063444264892453 -0.863953838921453
vertex -0.19537883976042336 0.5685192202902352 -0.7991326580327285
vertex -0.07009063466413208 0.6040434718285418 -0.7938632042573209
endloop
endfacet
facet normal 0 0 0
outer loop
vertex -0.5000000000000001 0.30901699437494745 -0.8090169943749475
vertex -0.4693744509658756 0.4504468207386602 -0.7594638151136077
vertex -0.3706024182004535 0.38174148460130475 -0.8467155877615387
endloop
endfacet
facet normal 0 0 0
outer loop
vertex -0.42532540417601994 0.5877852522924731 -0.6881909602355868
vertex -0.33123185975425573 0.5174854883476929 -0.7889830317777986
vertex -0.4693744509658756 0.4504468207386602 -0.7594638151136077
endloop
endfacet
facet normal 0 0 0
outer loop
vertex -0.2388556408050596 0.4428627132664894 -0.864187826837342
vertex -0.3706024182004535 0.38174148460130475 -0.8467155877615387
vertex -0.33123185975425573 0.5174854883476929 -0.7889830317777986
endloop
endfacet
facet normal 0 0 0
outer loop
vertex -0.4693744509658756 0.4504468207386602 -0.7594638151136077
vertex -0.33123185975425573 0.5174854883476929 -0.7889830317777986
vertex -0.3706024182004535 0.38174148460130475 -0.8467155877615387
endloop
endfacet
facet normal 0 0 0
outer loop
vertex -0.3090169943749474 0.8090169943749473 -0.5
vertex -0.22904489076078288 0.7523439028017582 -0.6176706970007557
vertex -0.37026809244319614 0.7099106358522679 -0.5991063585226795
endloop
endfacet
facet normal 0 0 0
outer loop
vertex -0.1476209044221631 0.6817183540715489 -0.7165669224151787
vertex -0.28290578270064953 0.6440048006169802 -0.7107897965621175
vertex -0.22904489076078288 0.7523439028017582 -0.6176706970007557
endloop
endfacet
facet normal 0 0 0
outer loop
vertex -0.42532540417601994 0.5877852522924731 -0.6881909602355868
vertex -0.37026809244319614 0.7099106358522679 -0.5991063585226795
vertex -0.28290578270064953 0.6440048006169802 -0.7107897965621175
endloop
endfacet
facet normal 0 0 0
outer loop
vertex -0.22904489076078288 0.7523439028017582 -0.6176706970007557
vertex -0.28290578270064953 0.6440048006169802 -0.7107897965621175
vertex -0.37026809244319614 0.7099106358522679 -0.5991063585226795
endloop
endfacet
facet normal 0 0 0
outer loop
vertex -0.2388556408050596 0.4428627132664894 -0.864187826837342
vertex -0.33123185975425573 0.5174854883476929 -0.7889830317777986
vertex -0.19537883976042336 0.5685192202902352 -0.7991326580327285
endloop
endfacet
facet normal 0 0 0
outer loop
vertex -0.42532540417601994 0.5877852522924731 -0.6881909602355868
vertex -0.28290578270064953 0.6440048006169802 -0.7107897965621175
vertex -0.33123185975425573 0.5174854883476929 -0.7889830317777986
endloop
endfacet
facet normal 0 0 0
outer loop
vertex -0.1476209044221631 0.6817183540715489 -0.7165669224151787
vertex -0.19537883976042336 0.5685192202902352 -0.7991326580327285
vertex -0.28290578270064953 0.6440048006169802 -0.7107897965621175
endloop
endfacet
facet normal 0 0 0
outer loop
vertex -0.33123185975425573 0.5174854883476929 -0.7889830317777986
vertex -0.28290578270064953 0.6440048006169802 -0.7107897965621175
vertex -0.19537883976042336 0.5685192202902352 -0.7991326580327285
endloop
endfacet
facet normal 0 0 0
outer loop
vertex -0.85065080835204 0.0 -0.5257311121191336
vertex -0.863953838921453 0.11340902917961729 -0.49063444264892453
vertex -0.7938632042573209 0.07009063466413208 -0.6040434718285418
endloop
endfacet
facet normal 0 0 0
outer loop
vertex -0.864187826837342 0.2388556408050596 -0.4428627132664894
vertex -0.7991326580327285 0.19537883976042336 -0.5685192202902352
vertex -0.863953838921453 0.11340902917961729 -0.49063444264892453
endloop
endfacet
facet normal 0 0 0
outer loop
vertex -0.7165669224151787 0.1476209044221631 -0.6817183540715489
vertex -0.7938632042573209 0.07009063466413208 -0.6040434718285418
vertex -0.7991326580327285 0.19537883976042336 -0.5685192202902352
endloop
endfacet
facet normal 0 0 0
outer loop
vertex -0.863953838921453 0.11340902917961729 -0.49063444264892453
vertex -0.7991326580327285 0.19537883976042336 -0.5685192202902352
vertex -0.7938632042573209 0.07009063466413208 -0.6040434718285418
endloop
endfacet
facet normal 0 0 0
outer loop
vertex -0.8090169943749475 0.5000000000000001 -0.30901699437494745
vertex -0.7594638151136077 0.4693744509658756 -0.4504468207386602
vertex -0.8467155877615387 0.3706024182004535 -0.38174148460130475
endloop
endfacet
facet normal 0 0 0
outer loop
vertex -0.6881909602355868 0.42532540417601994 -0.5877852522924731
vertex -0.7889830317777986 0.33123185975425573 -0.5174854883476929
vertex -0.7594638151136077 0.4693744509658756 -0.4504468207386602
endloop
endfacet
facet normal 0 0 0
outer loop
vertex -0.864187826837342 0.2388556408050596 -0.4428627132664894
vertex -0.8467155877615387 0.3706024182004535 -0.38174148460130475
vertex -0.7889830317777986 0.33123185975425573 -0.5174854883476929
endloop
endfacet
facet normal 0 0 0
outer loop
vertex -0.7594638151136077 0.4693744509658756 -0.4504468207386602
vertex -0.7889830317777986 0.33123185975425573 -0.5174854883476929
vertex -0.8467155877615387 0.3706024182004535 -0.38174148460130475
endloop
endfacet
facet normal 0 0 0
outer loop
vertex -0.5000000000000001 0.30901699437494745 -0.8090169943749475
vertex -0.6176706970007557 0.22904489076078288 -0.7523439028017582
vertex -0.5991063585226795 0.37026809244319614 -0.7099106358522679
endloop
endfacet
facet normal 0 0 0
outer loop
vertex -0.7165669224151787 0.1476209044221631 -0.6817183540715489
vertex -0.7107897965621175 0.28290578270064953 -0.6440048006169802
vertex -0.6176706970007557 0.22904489076078288 -0.7523439028017582
endloop
endfacet
facet normal 0 0 0
outer loop
vertex -0.6881909602355868 0.42532540417601994 -0.5877852522924731
vertex -0.5991063585226795 0.37026809244319614 -0.7099106358522679
vertex -0.7107897965621175 0.28290578270064953 -0.6440048006169802
endloop
endfacet
facet normal 0 0 0
outer loop
vertex -0.6176706970007557 0.22904489076078288 -0.7523439028017582
vertex -0.7107897965621175 0.28290578270064953 -0.6440048006169802
vertex -0.5991063585226795 0.37026809244319614 -0.7099106358522679
endloop
endfacet
facet normal 0 0 0
outer loop
vertex -0.864187826837342 0.2388556408050596 -0.4428627132664894
vertex -0.7889830317777986 0.33123185975425573 -0.5174854883476929
vertex -0.7991326580327285 0.19537883976042336 -0.5685192202902352
endloop
endfacet
facet normal 0 0 0
outer loop
vertex -0.6881909602355868 0.42532540417601994 -0.5877852522924731
vertex -0.7107897965621175 0.28290578270064953 -0.6440048006169802
vertex -0.7889830317777986 0.33123185975425573 -0.5174854883476929
endloop
endfacet
facet normal 0 0 0
outer loop
vertex -0.7165669224151787 0.1476209044221631 -0.6817183540715489
vertex -0.7991326580327285 0.19537883976042336 -0.5685192202902352
vertex -0.7107897965621175 0.28290578270064953 -0.6440048006169802
endloop
endfacet
facet normal 0 0 0
outer loop
vertex -0.7889830317777986 0.33123185975425573 -0.5174854883476929
vertex -0.7107897965621175 0.28290578270064953 -0.6440048006169802
vertex -0.7991326580327285 0.19537883976042336 -0.5685192202902352
endloop
endfacet
facet normal 0 0 0
outer loop
vertex -0.3090169943749474 0.8090169943749473 -0.5
vertex -0.37026809244319614 0.7099106358522679 -0.5991063585226795
vertex -0.45044682073866027 0.7594638151136078 -0.46937445096587566
endloop
endfacet
facet normal 0 0 0
outer loop
vertex -0.42532540417601994 0.5877852522924731 -0.6881909602355868
vertex -0.5133754412304479 0.6465777917977317 -0.5642542117657714
vertex -0.37026809244319614 0.7099106358522679 -0.5991063585226795
endloop
endfacet
facet normal 0 0 0
outer loop
vertex -0.5877852522924731 0.6881909602355868 -0.42532540417601994
vertex -0.45044682073866027 0.7594638151136078 -0.46937445096587566
vertex -0.5133754412304479 0.6465777917977317 -0.5642542117657714
endloop
endfacet
facet normal 0 0 0
outer loop
vertex -0.37026809244319614 0.7099106358522679 -0.5991063585226795
vertex -0.5133754412304479 0.6465777917977317 -0.5642542117657714
vertex -0.45044682073866027 0.7594638151136078 -0.46937445096587566
endloop
endfacet
facet normal 0 0 0
outer loop
vertex -0.5000000000000001 0.30901699437494745 -0.8090169943749475
vertex -0.5991063585226795 0.37026809244319614 -0.7099106358522679
vertex -0.4693744509658756 0.4504468207386602 -0.7594638151136077
endloop
endfacet
facet normal 0 0 0
outer loop
vertex -0.6881909602355868 0.42532540417601994 -0.5877852522924731
vertex -0.5642542117657714 0.5133754412304479 -0.6465777917977317
vertex -0.5991063585226795 0.37026809244319614 -0.7099106358522679
endloop
endfacet
facet normal 0 0 0
outer loop
vertex -0.42532540417601994 0.5877852522924731 -0.6881909602355868
vertex -0.4693744509658756 0.4504468207386602 -0.7594638151136077
vertex -0.5642542117657714 0.5133754412304479 -0.6465777917977317
endloop
endfacet
facet normal 0 0 0
outer loop
vertex -0.5991063585226795 0.37026809244319614 -0.7099106358522679
vertex -0.5642542117657714 0.5133754412304479 -0.6465777917977317
vertex -0.4693744509658756 0.4504468207386602 -0.7594638151136077
endloop
endfacet
facet normal 0 0 0
outer loop
vertex -0.8090169943749475 0.5000000000000001 -0.30901699437494745
vertex -0.7099106358522679 0.5991063585226795 -0.37026809244319614
vertex -0.7594638151136077 0.4693744509658756 -0.4504468207386602
endloop
endfacet
facet normal 0 0 0
outer loop
vertex -0.5877852522924731 0.6881909602355868 -0.42532540417601994
vertex -0.6465777917977317 0.5642542117657714 -0.5133754412304479
vertex -0.7099106358522679 0.5991063585226795 -0.37026809244319614
endloop
endfacet
facet normal 0 0 0
outer loop
vertex -0.6881909602355868 0.42532540417601994 -0.5877852522924731
vertex -0.7594638151136077 0.4693744509658756 -0.4504468207386602
vertex -0.6465777917977317 0.5642542117657714 -0.5133754412304479
endloop
endfacet
facet normal 0 0 0
outer loop
vertex -0.7099106358522679 0.5991063585226795 -0.37026809244319614
vertex -0.6465777917977317 0.5642542117657714 -0.5133754412304479
vertex -0.7594638151136077 0.4693744509658756 -0.4504468207386602
endloop
endfacet
facet normal 0 0 0
outer loop
vertex -0.42532540417601994 0.5877852522924731 -0.6881909602355868
vertex -0.5642542117657714 0.5133754412304479 -0.6465777917977317
vertex -0.5133754412304479 0.6465777917977317 -0.5642542117657714
endloop
endfacet
facet normal 0 0 0
outer loop
vertex -0.6881909602355868 0.42532540417601994 -0.5877852522924731
vertex -0.6465777917977317 0.5642542117657714 -0.5133754412304479
vertex -0.5642542117657714 0.5133754412304479 -0.6465777917977317
endloop
endfacet
facet normal 0 0 0
outer loop
vertex -0.5877852522924731 0.6881909602355868 -0.42532540417601994
vertex -0.5133754412304479 0.6465777917977317 -0.5642542117657714
vertex -0.6465777917977317 0.5642542117657714 -0.5133754412304479
endloop
endfacet
facet normal 0 0 0
outer loop
vertex -0.5642542117657714 0.5133754412304479 -0.6465777917977317
vertex -0.6465777917977317 0.5642542117657714 -0.5133754412304479
vertex -0.5133754412304479 0.6465777917977317 -0.5642542117657714
endloop
endfacet
facet normal 0 0 0
outer loop
vertex -0.5257311121191336 0.85065080835204 0.0
vertex -0.6040434718285418 0.7938632042573209 -0.07009063466413208
vertex -0.6040434718285418 0.7938632042573209 0.07009063466413208
endloop
endfacet
facet normal 0 0 0
outer loop
vertex -0.6817183540715489 0.7165669224151787 -0.1476209044221631
vertex -0.6892699839446963 0.7245045819267661 0.0
vertex -0.6040434718285418 0.7938632042573209 -0.07009063466413208
endloop
endfacet
facet normal 0 0 0
outer loop
vertex -0.6817183540715489 0.7165669224151787 0.1476209044221631
vertex -0.6040434718285418 0.7938632042573209 0.07009063466413208
vertex -0.6892699839446963 0.7245045819267661 0.0
endloop
endfacet
facet normal 0 0 0
outer loop
vertex -0.6040434718285418 0.7938632042573209 -0.07009063466413208
vertex -0.6892699839446963 0.7245045819267661 0.0
vertex -0.6040434718285418 0.7938632042573209 0.07009063466413208
endloop
endfacet
facet normal 0 0 0
outer loop
vertex -0.8090169943749475 0.5000000000000001 -0.30901699437494745
vertex -0.8396425434090719 0.5189276302272154 -0.1603574565909282
vertex -0.7523439028017583 0.6176706970007558 -0.2290448907607829
endloop
endfacet
facet normal 0 0 0
outer loop
vertex -0.8506508083520399 0.5257311121191336 0.0
vertex -0.7705241128862674 0.6325965613464364 -0.07819323521568113
vertex -0.8396425434090719 0.5189276302272154 -0.1603574565909282
endloop
endfacet
facet normal 0 0 0
outer loop
vertex -0.6817183540715489 0.7165669224151787 -0.1476209044221631
vertex -0.7523439028017583 0.6176706970007558 -0.2290448907607829
vertex -0.7705241128862674 0.6325965613464364 -0.07819323521568113
endloop
endfacet
facet normal 0 0 0
outer loop
vertex -0.8396425434090719 0.5189276302272154 -0.1603574565909282
vertex -0.7705241128862674 0.6325965613464364 -0.07819323521568113
vertex -0.7523439028017583 0.6176706970007558 -0.2290448907607829
endloop
endfacet
facet normal 0 0 0
outer loop
vertex -0.8090169943749475 0.5000000000000001 0.30901699437494745
vertex -0.7523439028017583 0.6176706970007558 0.2290448907607829
vertex -0.8396425434090719 0.5189276302272154 0.1603574565909282
endloop
endfacet
facet normal 0 0 0
outer loop
vertex -0.6817183540715489 0.7165669224151787 0.1476209044221631
vertex -0.7705241128862674 0.6325965613464364 0.07819323521568113
vertex -0.7523439028017583 0.6176706970007558 0.2290448907607829
endloop
endfacet
facet normal 0 0 0
outer loop
vertex -0.8506508083520399 0.5257311121191336 0.0
vertex -0.8396425434090719 0.5189276302272154 0.1603574565909282
vertex -0.7705241128862674 0.6325965613464364 0.07819323521568113
endloop
endfacet
facet normal 0 0 0
outer loop
vertex -0.7523439028017583 0.6176706970007558 0.2290448907607829
vertex -0.7705241128862674 0.6325965613464364 0.07819323521568113
vertex -0.8396425434090719 0.5189276302272154 0.1603574565909282
endloop
endfacet
facet normal 0 0 0
outer loop
vertex -0.6817183540715489 0.7165669224151787 -0.1476209044221631
vertex -0.7705241128862674 0.6325965613464364 -0.07819323521568113
vertex -0.6892699839446963 0.7245045819267661 0.0
endloop
endfacet
facet normal 0 0 0
outer loop
vertex -0.8506508083520399 0.5257311121191336 0.0
vertex -0.7705241128862674 0.6325965613464364 0.07819323521568113
vertex -0.7705241128862674 0.6325965613464364 -0.07819323521568113
endloop
endfacet
facet normal 0 0 0
outer loop
vertex -0.6817183540715489 0.7165669224151787 0.1476209044221631
vertex -0.6892699839446963 0.7245045819267661 0.0
vertex -0.7705241128862674 0.6325965613464364 0.07819323521568113
endloop
endfacet
facet normal 0 0 0
outer loop
vertex -0.7705241128862674 0.6325965613464364 -0.07819323521568113
vertex -0.7705241128862674 0.6325965613464364 0.07819323521568113
vertex -0.6892699839446963 0.7245045819267661 0.0
endloop
endfacet
facet normal 0 0 0
outer loop
vertex -0.85065080835204 0.0 -0.5257311121191336
vertex -0.9072722334369383 0.0 -0.4205438079847925
vertex -0.863953838921453 0.11340902917961729 -0.49063444264892453
endloop
endfacet
facet normal 0 0 0
outer loop
vertex -0.9554225632202384 0.0 -0.29524180884432627
vertex -0.9198834216871895 0.12075076365446102 -0.3731403805298118
vertex -0.9072722334369383 0.0 -0.4205438079847925
endloop
endfacet
facet normal 0 0 0
outer loop
vertex -0.864187826837342 0.2388556408050596 -0.4428627132664894
vertex -0.863953838921453 0.11340902917961729 -0.49063444264892453
vertex -0.9198834216871895 0.12075076365446102 -0.3731403805298118
endloop
endfacet
facet normal 0 0 0
outer loop
vertex -0.9072722334369383 0.0 -0.4205438079847925
vertex -0.9198834216871895 0.12075076365446102 -0.3731403805298118
vertex -0.863953838921453 0.11340902917961729 -0.49063444264892453
endloop
endfacet
facet normal 0 0 0
outer loop
vertex -1.0 0.0 0.0
vertex -0.988302081193091 0.12973190755680386 -0.0801787282954641
vertex -0.9882731152012093 0.0 -0.15269659384052192
endloop
endfacet
facet normal 0 0 0
outer loop
vertex -0.9510565162951536 0.2628655560595668 -0.16245984811645314
vertex -0.9638284211006921 0.12651931226928728 -0.2345797056470434
vertex -0.988302081193091 0.12973190755680386 -0.0801787282954641
endloop
endfacet
facet normal 0 0 0
outer loop
vertex -0.9554225632202384 0.0 -0.29524180884432627
vertex -0.9882731152012093 0.0 -0.15269659384052192
vertex -0.9638284211006921 0.12651931226928728 -0.2345797056470434
endloop
endfacet
facet normal 0 0 0
outer loop
vertex -0.988302081193091 0.12973190755680386 -0.0801787282954641
vertex -0.9638284211006921 0.12651931226928728 -0.2345797056470434
vertex -0.9882731152012093 0.0 -0.15269659384052192
endloop
endfacet
facet normal 0 0 0
outer loop
vertex -0.8090169943749475 0.5000000000000001 -0.30901699437494745
vertex -0.8467155877615387 0.3706024182004535 -0.38174148460130475
vertex -0.8891957226704116 0.3891957226704116 -0.24053618488639233
endloop
endfacet
facet normal 0 0 0
outer loop
vertex -0.864187826837342 0.2388556408050596 -0.4428627132664894
vertex -0.9155023440470861 0.2530386245385746 -0.31277294086272456
vertex -0.8467155877615387 0.3706024182004535 -0.38174148460130475
endloop
endfacet
facet normal 0 0 0
outer loop
vertex -0.9510565162951536 0.2628655560595668 -0.16245984811645314
vertex -0.8891957226704116 0.3891957226704116 -0.24053618488639233
vertex -0.9155023440470861 0.2530386245385746 -0.31277294086272456
endloop
endfacet
facet normal 0 0 0
outer loop
vertex -0.8467155877615387 0.3706024182004535 -0.38174148460130475
vertex -0.9155023440470861 0.2530386245385746 -0.31277294086272456
vertex -0.8891957226704116 0.3891957226704116 -0.24053618488639233
endloop
endfacet
facet normal 0 0 0
outer loop
vertex -0.9554225632202384 0.0 -0.29524180884432627
vertex -0.9638284211006921 0.12651931226928728 -0.2345797056470434
vertex -0.9198834216871895 0.12075076365446102 -0.3731403805298118
endloop
endfacet
facet normal 0 0 0
outer loop
vertex -0.9510565162951536 0.2628655560595668 -0.16245984811645314
vertex -0.9155023440470861 0.2530386245385746 -0.31277294086272456
vertex -0.9638284211006921 0.12651931226928728 -0.2345797056470434
endloop
endfacet
facet normal 0 0 0
outer loop
vertex -0.864187826837342 0.2388556408050596 -0.4428627132664894
vertex -0.9198834216871895 0.12075076365446102 -0.3731403805298118
vertex -0.9155023440470861 0.2530386245385746 -0.31277294086272456
endloop
endfacet
facet normal 0 0 0
outer loop
vertex -0.9638284211006921 0.12651931226928728 -0.2345797056470434
vertex -0.9155023440470861 0.2530386245385746 -0.31277294086272456
vertex -0.9198834216871895 0.12075076365446102 -0.3731403805298118
endloop
endfacet
facet normal 0 0 0
outer loop
vertex -0.85065080835204 0.0 0.5257311121191336
vertex -0.863953838921453 0.11340902917961729 0.49063444264892453
vertex -0.9072722334369383 0.0 0.4205438079847925
endloop
endfacet
facet normal 0 0 0
outer loop
vertex -0.864187826837342 0.2388556408050596 0.4428627132664894
vertex -0.9198834216871895 0.12075076365446102 0.3731403805298118
vertex -0.863953838921453 0.11340902917961729 0.49063444264892453
endloop
endfacet
facet normal 0 0 0
outer loop
vertex -0.9554225632202384 0.0 0.29524180884432627
vertex -0.9072722334369383 0.0 0.4205438079847925
vertex -0.9198834216871895 0.12075076365446102 0.3731403805298118
endloop
endfacet
facet normal 0 0 0
outer loop
vertex -0.863953838921453 0.11340902917961729 0.49063444264892453
vertex -0.9198834216871895 0.12075076365446102 0.3731403805298118
vertex -0.9072722334369383 0.0 0.4205438079847925
endloop
endfacet
facet normal 0 0 0
outer loop
vertex -0.8090169943749475 0.5000000000000001 0.30901699437494745
vertex -0.8891957226704116 0.3891957226704116 0.24053618488639233
vertex -0.8467155877615387 0.3706024182004535 0.38174148460130475
endloop
endfacet
facet normal 0 0 0
outer loop
vertex -0.9510565162951536 0.2628655560595668 0.16245984811645314
vertex -0.9155023440470861 0.2530386245385746 0.31277294086272456
vertex -0.8891957226704116 0.3891957226704116 0.24053618488639233
endloop
endfacet
facet normal 0 0 0
outer loop
vertex -0.864187826837342 0.2388556408050596 0.4428627132664894
vertex -0.8467155877615387 0.3706024182004535 0.38174148460130475
vertex -0.9155023440470861 0.2530386245385746 0.31277294086272456
endloop
endfacet
facet normal 0 0 0
outer loop
vertex -0.8891957226704116 0.3891957226704116 0.24053618488639233
vertex -0.9155023440470861 0.2530386245385746 0.31277294086272456
vertex -0.8467155877615387 0.3706024182004535 0.38174148460130475
endloop
endfacet
facet normal 0 0 0
outer loop
vertex -1.0 0.0 0.0
vertex -0.9882731152012093 0.0 0.15269659384052192
vertex -0.988302081193091 0.12973190755680386 0.0801787282954641
endloop
endfacet
facet normal 0 0 0
outer loop
vertex -0.9554225632202384 0.0 0.29524180884432627
vertex -0.9638284211006921 0.12651931226928728 0.2345797056470434
vertex -0.9882731152012093 0.0 0.15269659384052192
endloop
endfacet
facet normal 0 0 0
outer loop
vertex -0.9510565162951536 0.2628655560595668 0.16245984811645314
vertex -0.988302081193091 0.12973190755680386 0.0801787282954641
vertex -0.9638284211006921 0.12651931226928728 0.2345797056470434
endloop
endfacet
facet normal 0 0 0
outer loop
vertex -0.9882731152012093 0.0 0.15269659384052192
vertex -0.9638284211006921 0.12651931226928728 0.2345797056470434
vertex -0.988302081193091 0.12973190755680386 0.0801787282954641
endloop
endfacet
facet normal 0 0 0
outer loop
vertex -0.864187826837342 0.2388556408050596 0.4428627132664894
vertex -0.9155023440470861 0.2530386245385746 0.31277294086272456
vertex -0.9198834216871895 0.12075076365446102 0.3731403805298118
endloop
endfacet
facet normal 0 0 0
outer loop
vertex -0.9510565162951536 0.2628655560595668 0.16245984811645314
vertex -0.9638284211006921 0.12651931226928728 0.2345797056470434
vertex -0.9155023440470861 0.2530386245385746 0.31277294086272456
endloop
endfacet
facet normal 0 0 0
outer loop
vertex -0.9554225632202384 0.0 0.29524180884432627
vertex -0.9198834216871895 0.12075076365446102 0.3731403805298118
vertex -0.9638284211006921 0.12651931226928728 0.2345797056470434
endloop
endfacet
facet normal 0 0 0
outer loop
vertex -0.9155023440470861 0.2530386245385746 0.31277294086272456
vertex -0.9638284211006921 0.12651931226928728 0.2345797056470434
vertex -0.9198834216871895 0.12075076365446102 0.3731403805298118
endloop
endfacet
facet normal 0 0 0
outer loop
vertex -0.8090169943749475 0.5000000000000001 -0.30901699437494745
vertex -0.8891957226704116 0.3891957226704116 -0.24053618488639233
vertex -0.8396425434090719 0.5189276302272154 -0.1603574565909282
endloop
endfacet
facet normal 0 0 0
outer loop
vertex -0.9510565162951536 0.2628655560595668 -0.16245984811645314
vertex -0.912982492932299 0.3996070517018511 -0.08232358003196016
vertex -0.8891957226704116 0.3891957226704116 -0.24053618488639233
endloop
endfacet
facet normal 0 0 0
outer loop
vertex -0.8506508083520399 0.5257311121191336 0.0
vertex -0.8396425434090719 0.5189276302272154 -0.1603574565909282
vertex -0.912982492932299 0.3996070517018511 -0.08232358003196016
endloop
endfacet
facet normal 0 0 0
outer loop
vertex -0.8891957226704116 0.3891957226704116 -0.24053618488639233
vertex -0.912982492932299 0.3996070517018511 -0.08232358003196016
vertex -0.8396425434090719 0.5189276302272154 -0.1603574565909282
endloop
endfacet
facet normal 0 0 0
outer loop
vertex -1.0 0.0 0.0
vertex -0.988302081193091 0.12973190755680386 0.0801787282954641
vertex -0.988302081193091 0.12973190755680386 -0.0801787282954641
endloop
endfacet
facet normal 0 0 0
outer loop
vertex -0.9510565162951536 0.2628655560595668 0.16245984811645314
vertex -0.9638612634676227 0.26640470113456743 0.0
vertex -0.988302081193091 0.12973190755680386 0.0801787282954641
endloop
endfacet
facet normal 0 0 0
outer loop
vertex -0.9510565162951536 0.2628655560595668 -0.16245984811645314
vertex -0.988302081193091 0.12973190755680386 -0.0801787282954641
vertex -0.9638612634676227 0.26640470113456743 0.0
endloop
endfacet
facet normal 0 0 0
outer loop
vertex -0.988302081193091 0.12973190755680386 0.0801787282954641
vertex -0.9638612634676227 0.26640470113456743 0.0
vertex -0.988302081193091 0.12973190755680386 -0.0801787282954641
endloop
endfacet
facet normal 0 0 0
outer loop
vertex -0.8090169943749475 0.5000000000000001 0.30901699437494745
vertex -0.8396425434090719 0.5189276302272154 0.1603574565909282
vertex -0.8891957226704116 0.3891957226704116 0.24053618488639233
endloop
endfacet
facet normal 0 0 0
outer loop
vertex -0.8506508083520399 0.5257311121191336 0.0
vertex -0.912982492932299 0.3996070517018511 0.08232358003196016
vertex -0.8396425434090719 0.5189276302272154 0.1603574565909282
endloop
endfacet
facet normal 0 0 0
outer loop
vertex -0.9510565162951536 0.2628655560595668 0.16245984811645314
vertex -0.8891957226704116 0.3891957226704116 0.24053618488639233
vertex -0.912982492932299 0.3996070517018511 0.08232358003196016
endloop
endfacet
facet normal 0 0 0
outer loop
vertex -0.8396425434090719 0.5189276302272154 0.1603574565909282
vertex -0.912982492932299 0.3996070517018511 0.08232358003196016
vertex -0.8891957226704116 0.3891957226704116 0.24053618488639233
endloop
endfacet
facet normal 0 0 0
outer loop
vertex -0.9510565162951536 0.2628655560595668 -0.16245984811645314
vertex -0.9638612634676227 0.26640470113456743 0.0
vertex -0.912982492932299 0.3996070517018511 -0.08232358003196016
endloop
endfacet
facet normal 0 0 0
outer loop
vertex -0.9510565162951536 0.2628655560595668 0.16245984811645314
vertex -0.912982492932299 0.3996070517018511 0.08232358003196016
vertex -0.9638612634676227 0.26640470113456743 0.0
endloop
endfacet
facet normal 0 0 0
outer loop
vertex -0.8506508083520399 0.5257311121191336 0.0
vertex -0.912982492932299 0.3996070517018511 -0.08232358003196016
vertex -0.912982492932299 0.3996070517018511 0.08232358003196016
endloop
endfacet
facet normal 0 0 0
outer loop
vertex -0.9638612634676227 0.26640470113456743 0.0
vertex -0.912982492932299 0.3996070517018511 0.08232358003196016
vertex -0.912982492932299 0.3996070517018511 -0.08232358003196016
endloop
endfacet
facet normal 0 0 0
outer loop
vertex 0.5257311121191336 0.85065080835204 0.0
vertex 0.49063444264892453 0.863953838921453 0.11340902917961729
vertex 0.6040434718285418 0.7938632042573209 0.07009063466413208
endloop
endfacet
facet normal 0 0 0
outer loop
vertex 0.4428627132664894 0.864187826837342 0.2388556408050596
vertex 0.5685192202902352 0.7991326580327286 0.1953788397604234
vertex 0.49063444264892453 0.863953838921453 0.11340902917961729
endloop
endfacet
facet normal 0 0 0
outer loop
vertex 0.6817183540715489 0.7165669224151787 0.1476209044221631
vertex 0.6040434718285418 0.7938632042573209 0.07009063466413208
vertex 0.5685192202902352 0.7991326580327286 0.1953788397604234
endloop
endfacet
facet normal 0 0 0
outer loop
vertex 0.49063444264892453 0.863953838921453 0.11340902917961729
vertex 0.5685192202902352 0.7991326580327286 0.1953788397604234
vertex 0.6040434718285418 0.7938632042573209 0.07009063466413208
endloop
endfacet
facet normal 0 0 0
outer loop
vertex 0.3090169943749474 0.8090169943749473 0.5
vertex 0.45044682073866027 0.7594638151136078 0.46937445096587566
vertex 0.38174148460130475 0.8467155877615387 0.3706024182004535
endloop
endfacet
facet normal 0 0 0
outer loop
vertex 0.5877852522924731 0.6881909602355868 0.42532540417601994
vertex 0.5174854883476929 0.7889830317777986 0.33123185975425573
vertex 0.45044682073866027 0.7594638151136078 0.46937445096587566
endloop
endfacet
facet normal 0 0 0
outer loop
vertex 0.4428627132664894 0.864187826837342 0.2388556408050596
vertex 0.38174148460130475 0.8467155877615387 0.3706024182004535
vertex 0.5174854883476929 0.7889830317777986 0.33123185975425573
endloop
endfacet
facet normal 0 0 0
outer loop
vertex 0.45044682073866027 0.7594638151136078 0.46937445096587566
vertex 0.5174854883476929 0.7889830317777986 0.33123185975425573
vertex 0.38174148460130475 0.8467155877615387 0.3706024182004535
endloop
endfacet
facet normal 0 0 0
outer loop
vertex 0.8090169943749475 0.5000000000000001 0.30901699437494745
vertex 0.7523439028017583 0.6176706970007558 0.2290448907607829
vertex 0.7099106358522679 0.5991063585226795 0.37026809244319614
endloop
endfacet
facet normal 0 0 0
outer loop
vertex 0.6817183540715489 0.7165669224151787 0.1476209044221631
vertex 0.6440048006169802 0.7107897965621175 0.28290578270064953
vertex 0.7523439028017583 0.6176706970007558 0.2290448907607829
endloop
endfacet
facet normal 0 0 0
outer loop
vertex 0.5877852522924731 0.6881909602355868 0.42532540417601994
vertex 0.7099106358522679 0.5991063585226795 0.37026809244319614
vertex 0.6440048006169802 0.7107897965621175 0.28290578270064953
endloop
endfacet
facet normal 0 0 0
outer loop
vertex 0.7523439028017583 0.6176706970007558 0.2290448907607829
vertex 0.6440048006169802 0.7107897965621175 0.28290578270064953
vertex 0.7099106358522679 0.5991063585226795 0.37026809244319614
endloop
endfacet
facet normal 0 0 0
outer loop
vertex 0.4428627132664894 0.864187826837342 0.2388556408050596
vertex 0.5174854883476929 0.7889830317777986 0.33123185975425573
vertex 0.5685192202902352 0.7991326580327286 0.1953788397604234
endloop
endfacet
facet normal 0 0 0
outer loop
vertex 0.5877852522924731 0.6881909602355868 0.42532540417601994
vertex 0.6440048006169802 0.7107897965621175 0.28290578270064953
vertex 0.5174854883476929 0.7889830317777986 0.33123185975425573
endloop
endfacet
facet normal 0 0 0
outer loop
vertex 0.6817183540715489 0.7165669224151787 0.1476209044221631
vertex 0.5685192202902352 0.7991326580327286 0.1953788397604234
vertex 0.6440048006169802 0.7107897965621175 0.28290578270064953
endloop
endfacet
facet normal 0 0 0
outer loop
vertex 0.5174854883476929 0.7889830317777986 0.33123185975425573
vertex 0.6440048006169802 0.7107897965621175 0.28290578270064953
vertex 0.5685192202902352 0.7991326580327286 0.1953788397604234
endloop
endfacet
facet normal 0 0 0
outer loop
vertex 0.0 0.5257311121191336 0.85065080835204
vertex 0.11340902917961729 0.49063444264892453 0.863953838921453
vertex 0.07009063466413208 0.6040434718285418 0.7938632042573209
endloop
endfacet
facet normal 0 0 0
outer loop
vertex 0.2388556408050596 0.4428627132664894 0.864187826837342
vertex 0.19537883976042336 0.5685192202902352 0.7991326580327285
vertex 0.11340902917961729 0.49063444264892453 0.863953838921453
endloop
endfacet
facet normal 0 0 0
outer loop
vertex 0.1476209044221631 0.6817183540715489 0.7165669224151787
vertex 0.07009063466413208 0.6040434718285418 0.7938632042573209
vertex 0.19537883976042336 0.5685192202902352 0.7991326580327285
endloop
endfacet
facet normal 0 0 0
outer loop
vertex 0.11340902917961729 0.49063444264892453 0.863953838921453
vertex 0.19537883976042336 0.5685192202902352 0.7991326580327285
vertex 0.07009063466413208 0.6040434718285418 0.7938632042573209
endloop
endfacet
facet normal 0 0 0
outer loop
vertex 0.5000000000000001 0.30901699437494745 0.8090169943749475
vertex 0.4693744509658756 0.4504468207386602 0.7594638151136077
vertex 0.3706024182004535 0.38174148460130475 0.8467155877615387
endloop
endfacet
facet normal 0 0 0
outer loop
vertex 0.42532540417601994 0.5877852522924731 0.6881909602355868
vertex 0.33123185975425573 0.5174854883476929 0.7889830317777986
vertex 0.4693744509658756 0.4504468207386602 0.7594638151136077
endloop
endfacet
facet normal 0 0 0
outer loop
vertex 0.2388556408050596 0.4428627132664894 0.864187826837342
vertex 0.3706024182004535 0.38174148460130475 0.8467155877615387
vertex 0.33123185975425573 0.5174854883476929 0.7889830317777986
endloop
endfacet
facet normal 0 0 0
outer loop
vertex 0.4693744509658756 0.4504468207386602 0.7594638151136077
vertex 0.33123185975425573 0.5174854883476929 0.7889830317777986
vertex 0.3706024182004535 0.38174148460130475 0.8467155877615387
endloop
endfacet
facet normal 0 0 0
outer loop
vertex 0.3090169943749474 0.8090169943749473 0.5
vertex 0.22904489076078288 0.7523439028017582 0.6176706970007557
vertex 0.37026809244319614 0.7099106358522679 0.5991063585226795
endloop
endfacet
facet normal 0 0 0
outer loop
vertex 0.1476209044221631 0.6817183540715489 0.7165669224151787
vertex 0.28290578270064953 0.6440048006169802 0.7107897965621175
vertex 0.22904489076078288 0.7523439028017582 0.6176706970007557
endloop
endfacet
facet normal 0 0 0
outer loop
vertex 0.42532540417601994 0.5877852522924731 0.6881909602355868
vertex 0.37026809244319614 0.7099106358522679 0.5991063585226795
vertex 0.28290578270064953 0.6440048006169802 0.7107897965621175
endloop
endfacet
facet normal 0 0 0
outer loop
vertex 0.22904489076078288 0.7523439028017582 0.6176706970007557
vertex 0.28290578270064953 0.6440048006169802 0.7107897965621175
vertex 0.37026809244319614 0.7099106358522679 0.5991063585226795
endloop
endfacet
facet normal 0 0 0
outer loop
vertex 0.2388556408050596 0.4428627132664894 0.864187826837342
vertex 0.33123185975425573 0.5174854883476929 0.7889830317777986
vertex 0.19537883976042336 0.5685192202902352 0.7991326580327285
endloop
endfacet
facet normal 0 0 0
outer loop
vertex 0.42532540417601994 0.5877852522924731 0.6881909602355868
vertex 0.28290578270064953 0.6440048006169802 0.7107897965621175
vertex 0.33123185975425573 0.5174854883476929 0.7889830317777986
endloop
endfacet
facet normal 0 0 0
outer loop
vertex 0.1476209044221631 0.6817183540715489 0.7165669224151787
vertex 0.19537883976042336 0.5685192202902352 0.7991326580327285
vertex 0.28290578270064953 0.6440048006169802 0.7107897965621175
endloop
endfacet
facet normal 0 0 0
outer loop
vertex 0.33123185975425573 0.5174854883476929 0.7889830317777986
vertex 0.28290578270064953 0.6440048006169802 0.7107897965621175
vertex 0.19537883976042336 0.5685192202902352 0.7991326580327285
endloop
endfacet
facet normal 0 0 0
outer loop
vertex 0.85065080835204 0.0 0.5257311121191336
vertex 0.863953838921453 0.11340902917961729 0.49063444264892453
vertex 0.7938632042573209 0.07009063466413208 0.6040434718285418
endloop
endfacet
facet normal 0 0 0
outer loop
vertex 0.864187826837342 0.2388556408050596 0.4428627132664894
vertex 0.7991326580327285 0.19537883976042336 0.5685192202902352
vertex 0.863953838921453 0.11340902917961729 0.49063444264892453
endloop
endfacet
facet normal 0 0 0
outer loop
vertex 0.7165669224151787 0.1476209044221631 0.6817183540715489
vertex 0.7938632042573209 0.07009063466413208 0.6040434718285418
vertex 0.7991326580327285 0.19537883976042336 0.5685192202902352
endloop
endfacet
facet normal 0 0 0
outer loop
vertex 0.863953838921453 0.11340902917961729 0.49063444264892453
vertex 0.7991326580327285 0.19537883976042336 0.5685192202902352
vertex 0.7938632042573209 0.07009063466413208 0.6040434718285418
endloop
endfacet
facet normal 0 0 0
outer loop
vertex 0.8090169943749475 0.5000000000000001 0.30901699437494745
vertex 0.7594638151136077 0.4693744509658756 0.4504468207386602
vertex 0.8467155877615387 0.3706024182004535 0.38174148460130475
endloop
endfacet
facet normal 0 0 0
outer loop
vertex 0.6881909602355868 0.42532540417601994 0.5877852522924731
vertex 0.7889830317777986 0.33123185975425573 0.5174854883476929
vertex 0.7594638151136077 0.4693744509658756 0.4504468207386602
endloop
endfacet
facet normal 0 0 0
outer loop
vertex 0.864187826837342 0.2388556408050596 0.4428627132664894
vertex 0.8467155877615387 0.3706024182004535 0.38174148460130475
vertex 0.7889830317777986 0.33123185975425573 0.5174854883476929
endloop
endfacet
facet normal 0 0 0
outer loop
vertex 0.7594638151136077 0.4693744509658756 0.4504468207386602
vertex 0.7889830317777986 0.33123185975425573 0.5174854883476929
vertex 0.8467155877615387 0.3706024182004535 0.38174148460130475
endloop
endfacet
facet normal 0 0 0
outer loop
vertex 0.5000000000000001 0.30901699437494745 0.8090169943749475
vertex 0.6176706970007557 0.22904489076078288 0.7523439028017582
vertex 0.5991063585226795 0.37026809244319614 0.7099106358522679
endloop
endfacet
facet normal 0 0 0
outer loop
vertex 0.7165669224151787 0.1476209044221631 0.6817183540715489
vertex 0.7107897965621175 0.28290578270064953 0.6440048006169802
vertex 0.6176706970007557 0.22904489076078288 0.7523439028017582
endloop
endfacet
facet normal 0 0 0
outer loop
vertex 0.6881909602355868 0.42532540417601994 0.5877852522924731
vertex 0.5991063585226795 0.37026809244319614 0.7099106358522679
vertex 0.7107897965621175 0.28290578270064953 0.6440048006169802
endloop
endfacet
facet normal 0 0 0
outer loop
vertex 0.6176706970007557 0.22904489076078288 0.7523439028017582
vertex 0.7107897965621175 0.28290578270064953 0.6440048006169802
vertex 0.5991063585226795 0.37026809244319614 0.7099106358522679
endloop
endfacet
facet normal 0 0 0
outer loop
vertex 0.864187826837342 0.2388556408050596 0.4428627132664894
vertex 0.7889830317777986 0.33123185975425573 0.5174854883476929
vertex 0.7991326580327285 0.19537883976042336 0.5685192202902352
endloop
endfacet
facet normal 0 0 0
outer loop
vertex 0.6881909602355868 0.42532540417601994 0.5877852522924731
vertex 0.7107897965621175 0.28290578270064953 0.6440048006169802
vertex 0.7889830317777986 0.33123185975425573 0.5174854883476929
endloop
endfacet
facet normal 0 0 0
outer loop
vertex 0.7165669224151787 0.1476209044221631 0.6817183540715489
vertex 0.7991326580327285 0.19537883976042336 0.5685192202902352
vertex 0.7107897965621175 0.28290578270064953 0.6440048006169802
endloop
endfacet
facet normal 0 0 0
outer loop
vertex 0.7889830317777986 0.33123185975425573 0.5174854883476929
vertex 0.7107897965621175 0.28290578270064953 0.6440048006169802
vertex 0.7991326580327285 0.19537883976042336 0.5685192202902352
endloop
endfacet
facet normal 0 0 0
outer loop
vertex 0.3090169943749474 0.8090169943749473 0.5
vertex 0.37026809244319614 0.7099106358522679 0.5991063585226795
vertex 0.45044682073866027 0.7594638151136078 0.46937445096587566
endloop
endfacet
facet normal 0 0 0
outer loop
vertex 0.42532540417601994 0.5877852522924731 0.6881909602355868
vertex 0.5133754412304479 0.6465777917977317 0.5642542117657714
vertex 0.37026809244319614 0.7099106358522679 0.5991063585226795
endloop
endfacet
facet normal 0 0 0
outer loop
vertex 0.5877852522924731 0.6881909602355868 0.42532540417601994
vertex 0.45044682073866027 0.7594638151136078 0.46937445096587566
vertex 0.5133754412304479 0.6465777917977317 0.5642542117657714
endloop
endfacet
facet normal 0 0 0
outer loop
vertex 0.37026809244319614 0.7099106358522679 0.5991063585226795
vertex 0.5133754412304479 0.6465777917977317 0.5642542117657714
vertex 0.45044682073866027 0.7594638151136078 0.46937445096587566
endloop
endfacet
facet normal 0 0 0
outer loop
vertex 0.5000000000000001 0.30901699437494745 0.8090169943749475
vertex 0.5991063585226795 0.37026809244319614 0.7099106358522679
vertex 0.4693744509658756 0.4504468207386602 0.7594638151136077
endloop
endfacet
facet normal 0 0 0
outer loop
vertex 0.6881909602355868 0.42532540417601994 0.5877852522924731
vertex 0.5642542117657714 0.5133754412304479 0.6465777917977317
vertex 0.5991063585226795 0.37026809244319614 0.7099106358522679
endloop
endfacet
facet normal 0 0 0
outer loop
vertex 0.42532540417601994 0.5877852522924731 0.6881909602355868
vertex 0.4693744509658756 0.4504468207386602 0.7594638151136077
vertex 0.5642542117657714 0.5133754412304479 0.6465777917977317
endloop
endfacet
facet normal 0 0 0
outer loop
vertex 0.5991063585226795 0.37026809244319614 0.7099106358522679
vertex 0.5642542117657714 0.5133754412304479 0.6465777917977317
vertex 0.4693744509658756 0.4504468207386602 0.7594638151136077
endloop
endfacet
facet normal 0 0 0
outer loop
vertex 0.8090169943749475 0.5000000000000001 0.30901699437494745
vertex 0.7099106358522679 0.5991063585226795 0.37026809244319614
vertex 0.7594638151136077 0.4693744509658756 0.4504468207386602
endloop
endfacet
facet normal 0 0 0
outer loop
vertex 0.5877852522924731 0.6881909602355868 0.42532540417601994
vertex 0.6465777917977317 0.5642542117657714 0.5133754412304479
vertex 0.7099106358522679 0.5991063585226795 0.37026809244319614
endloop
endfacet
facet normal 0 0 0
outer loop
vertex 0.6881909602355868 0.42532540417601994 0.5877852522924731
vertex 0.7594638151136077 0.4693744509658756 0.4504468207386602
vertex 0.6465777917977317 0.5642542117657714 0.5133754412304479
endloop
endfacet
facet normal 0 0 0
outer loop
vertex 0.7099106358522679 0.5991063585226795 0.37026809244319614
vertex 0.6465777917977317 0.5642542117657714 0.5133754412304479
vertex 0.7594638151136077 0.4693744509658756 0.4504468207386602
endloop
endfacet
facet normal 0 0 0
outer loop
vertex 0.42532540417601994 0.5877852522924731 0.6881909602355868
vertex 0.5642542117657714 0.5133754412304479 0.6465777917977317
vertex 0.5133754412304479 0.6465777917977317 0.5642542117657714
endloop
endfacet
facet normal 0 0 0
outer loop
vertex 0.6881909602355868 0.42532540417601994 0.5877852522924731
vertex 0.6465777917977317 0.5642542117657714 0.5133754412304479
vertex 0.5642542117657714 0.5133754412304479 0.6465777917977317
endloop
endfacet
facet normal 0 0 0
outer loop
vertex 0.5877852522924731 0.6881909602355868 0.42532540417601994
vertex 0.5133754412304479 0.6465777917977317 0.5642542117657714
vertex 0.6465777917977317 0.5642542117657714 0.5133754412304479
endloop
endfacet
facet normal 0 0 0
outer loop
vertex 0.5642542117657714 0.5133754412304479 0.6465777917977317
vertex 0.6465777917977317 0.5642542117657714 0.5133754412304479
vertex 0.5133754412304479 0.6465777917977317 0.5642542117657714
endloop
endfacet
facet normal 0 0 0
outer loop
vertex 0.0 0.5257311121191336 0.85065080835204
vertex -0.11340902917961729 0.49063444264892453 0.863953838921453
vertex 0.0 0.4205438079847925 0.9072722334369383
endloop
endfacet
facet normal 0 0 0
outer loop
vertex -0.2388556408050596 0.4428627132664894 0.864187826837342
vertex -0.12075076365446102 0.3731403805298118 0.9198834216871895
vertex -0.11340902917961729 0.49063444264892453 0.863953838921453
endloop
endfacet
facet normal 0 0 0
outer loop
vertex 0.0 0.29524180884432627 0.9554225632202384
vertex 0.0 0.4205438079847925 0.9072722334369383
vertex -0.12075076365446102 0.3731403805298118 0.9198834216871895
endloop
endfacet
facet normal 0 0 0
outer loop
vertex -0.11340902917961729 0.49063444264892453 0.863953838921453
vertex -0.12075076365446102 0.3731403805298118 0.9198834216871895
vertex 0.0 0.4205438079847925 0.9072722334369383
endloop
endfacet
facet normal 0 0 0
outer loop
vertex -0.5000000000000001 0.30901699437494745 0.8090169943749475
vertex -0.3891957226704116 0.24053618488639233 0.8891957226704116
vertex -0.3706024182004535 0.38174148460130475 0.8467155877615387
endloop
endfacet
facet normal 0 0 0
outer loop
vertex -0.2628655560595668 0.16245984811645314 0.9510565162951536
vertex -0.25303862453857456 0.3127729408627245 0.915502344047086
vertex -0.3891957226704116 0.24053618488639233 0.8891957226704116
endloop
endfacet
facet normal 0 0 0
outer loop
vertex -0.2388556408050596 0.4428627132664894 0.864187826837342
vertex -0.3706024182004535 0.38174148460130475 0.8467155877615387
vertex -0.25303862453857456 0.3127729408627245 0.915502344047086
endloop
endfacet
facet normal 0 0 0
outer loop
vertex -0.3891957226704116 0.24053618488639233 0.8891957226704116
vertex -0.25303862453857456 0.3127729408627245 0.915502344047086
vertex -0.3706024182004535 0.38174148460130475 0.8467155877615387
endloop
endfacet
facet normal 0 0 0
outer loop
vertex 0.0 0.0 1.0
vertex 0.0 0.15269659384052192 0.9882731152012093
vertex -0.12973190755680386 0.0801787282954641 0.988302081193091
endloop
endfacet
facet normal 0 0 0
outer loop
vertex 0.0 0.29524180884432627 0.9554225632202384
vertex -0.12651931226928728 0.2345797056470434 0.9638284211006921
vertex 0.0 0.15269659384052192 0.9882731152012093
endloop
endfacet
facet normal 0 0 0
outer loop
vertex -0.2628655560595668 0.16245984811645314 0.9510565162951536
vertex -0.12973190755680386 0.0801787282954641 0.988302081193091
vertex -0.12651931226928728 0.2345797056470434 0.9638284211006921
endloop
endfacet
facet normal 0 0 0
outer loop
vertex 0.0 0.15269659384052192 0.9882731152012093
vertex -0.12651931226928728 0.2345797056470434 0.9638284211006921
vertex -0.12973190755680386 0.0801787282954641 0.988302081193091
endloop
endfacet
facet normal 0 0 0
outer loop
vertex -0.2388556408050596 0.4428627132664894 0.864187826837342
vertex -0.25303862453857456 0.3127729408627245 0.915502344047086
vertex -0.12075076365446102 0.3731403805298118 0.9198834216871895
endloop
endfacet
facet normal 0 0 0
outer loop
vertex -0.2628655560595668 0.16245984811645314 0.9510565162951536
vertex -0.12651931226928728 0.2345797056470434 0.9638284211006921
vertex -0.25303862453857456 0.3127729408627245 0.915502344047086
endloop
endfacet
facet normal 0 0 0
outer loop
vertex 0.0 0.29524180884432627 0.9554225632202384
vertex -0.12075076365446102 0.3731403805298118 0.9198834216871895
vertex -0.12651931226928728 0.2345797056470434 0.9638284211006921
endloop
endfacet
facet normal 0 0 0
outer loop
vertex -0.25303862453857456 0.3127729408627245 0.915502344047086
vertex -0.12651931226928728 0.2345797056470434 0.9638284211006921
vertex -0.12075076365446102 0.3731403805298118 0.9198834216871895
endloop
endfacet
facet normal 0 0 0
outer loop
vertex -0.85065080835204 0.0 0.5257311121191336
vertex -0.7938632042573209 -0.07009063466413208 0.6040434718285418
vertex -0.7938632042573209 0.07009063466413208 0.6040434718285418
endloop
endfacet
facet normal 0 0 0
outer loop
vertex -0.7165669224151787 -0.1476209044221631 0.6817183540715489
vertex -0.7245045819267661 0.0 0.6892699839446963
vertex -0.7938632042573209 -0.07009063466413208 0.6040434718285418
endloop
endfacet
facet normal 0 0 0
outer loop
vertex -0.7165669224151787 0.1476209044221631 0.6817183540715489
vertex -0.7938632042573209 0.07009063466413208 0.6040434718285418
vertex -0.7245045819267661 0.0 0.6892699839446963
endloop
endfacet
facet normal 0 0 0
outer loop
vertex -0.7938632042573209 -0.07009063466413208 0.6040434718285418
vertex -0.7245045819267661 0.0 0.6892699839446963
vertex -0.7938632042573209 0.07009063466413208 0.6040434718285418
endloop
endfacet
facet normal 0 0 0
outer loop
vertex -0.5000000000000001 -0.30901699437494745 0.8090169943749475
vertex -0.5189276302272154 -0.1603574565909282 0.8396425434090719
vertex -0.6176706970007557 -0.22904489076078288 0.7523439028017582
endloop
endfacet
facet normal 0 0 0
outer loop
vertex -0.5257311121191336 0.0 0.8506508083520399
vertex -0.6325965613464364 -0.07819323521568113 0.7705241128862674
vertex -0.5189276302272154 -0.1603574565909282 0.8396425434090719
endloop
endfacet
facet normal 0 0 0
outer loop
vertex -0.7165669224151787 -0.1476209044221631 0.6817183540715489
vertex -0.6176706970007557 -0.22904489076078288 0.7523439028017582
vertex -0.6325965613464364 -0.07819323521568113 0.7705241128862674
endloop
endfacet
facet normal 0 0 0
outer loop
vertex -0.5189276302272154 -0.1603574565909282 0.8396425434090719
vertex -0.6325965613464364 -0.07819323521568113 0.7705241128862674
vertex -0.6176706970007557 -0.22904489076078288 0.7523439028017582
endloop
endfacet
facet normal 0 0 0
outer loop
vertex -0.5000000000000001 0.30901699437494745 0.8090169943749475
vertex -0.6176706970007557 0.22904489076078288 0.7523439028017582
vertex -0.5189276302272154 0.1603574565909282 0.8396425434090719
endloop
endfacet
facet normal 0 0 0
outer loop
vertex -0.7165669224151787 0.1476209044221631 0.6817183540715489
vertex -0.6325965613464364 0.07819323521568113 0.7705241128862674
vertex -0.6176706970007557 0.22904489076078288 0.7523439028017582
endloop
endfacet
facet normal 0 0 0
outer loop
vertex -0.5257311121191336 0.0 0.8506508083520399
vertex -0.5189276302272154 0.1603574565909282 0.8396425434090719
vertex -0.6325965613464364 0.07819323521568113 0.7705241128862674
endloop
endfacet
facet normal 0 0 0
outer loop
vertex -0.6176706970007557 0.22904489076078288 0.7523439028017582
vertex -0.6325965613464364 0.07819323521568113 0.7705241128862674
vertex -0.5189276302272154 0.1603574565909282 0.8396425434090719
endloop
endfacet
facet normal 0 0 0
outer loop
vertex -0.7165669224151787 -0.1476209044221631 0.6817183540715489
vertex -0.6325965613464364 -0.07819323521568113 0.7705241128862674
vertex -0.7245045819267661 0.0 0.6892699839446963
endloop
endfacet
facet normal 0 0 0
outer loop
vertex -0.5257311121191336 0.0 0.8506508083520399
vertex -0.6325965613464364 0.07819323521568113 0.7705241128862674
vertex -0.6325965613464364 -0.07819323521568113 0.7705241128862674
endloop
endfacet
facet normal 0 0 0
outer loop
vertex -0.7165669224151787 0.1476209044221631 0.6817183540715489
vertex -0.7245045819267661 0.0 0.6892699839446963
vertex -0.6325965613464364 0.07819323521568113 0.7705241128862674
endloop
endfacet
facet normal 0 0 0
outer loop
vertex -0.6325965613464364 -0.07819323521568113 0.7705241128862674
vertex -0.6325965613464364 0.07819323521568113 0.7705241128862674
vertex -0.7245045819267661 0.0 0.6892699839446963
endloop
endfacet
facet normal 0 0 0
outer loop
vertex 0.0 -0.5257311121191336 0.85065080835204
vertex 0.0 -0.4205438079847925 0.9072722334369383
vertex -0.11340902917961729 -0.49063444264892453 0.863953838921453
endloop
endfacet
facet normal 0 0 0
outer loop
vertex 0.0 -0.29524180884432627 0.9554225632202384
vertex -0.12075076365446102 -0.3731403805298118 0.9198834216871895
vertex 0.0 -0.4205438079847925 0.9072722334369383
endloop
endfacet
facet normal 0 0 0
outer loop
vertex -0.2388556408050596 -0.4428627132664894 0.864187826837342
vertex -0.11340902917961729 -0.49063444264892453 0.863953838921453
vertex -0.12075076365446102 -0.3731403805298118 0.9198834216871895
endloop
endfacet
facet normal 0 0 0
outer loop
vertex 0.0 -0.4205438079847925 0.9072722334369383
vertex -0.12075076365446102 -0.3731403805298118 0.9198834216871895
vertex -0.11340902917961729 -0.49063444264892453 0.863953838921453
endloop
endfacet
facet normal 0 0 0
outer loop
vertex 0.0 0.0 1.0
vertex -0.12973190755680386 -0.0801787282954641 0.988302081193091
vertex 0.0 -0.15269659384052192 0.9882731152012093
endloop
endfacet
facet normal 0 0 0
outer loop
vertex -0.2628655560595668 -0.16245984811645314 0.9510565162951536
vertex -0.12651931226928728 -0.2345797056470434 0.9638284211006921
vertex -0.12973190755680386 -0.0801787282954641 0.988302081193091
endloop
endfacet
facet normal 0 0 0
outer loop
vertex 0.0 -0.29524180884432627 0.9554225632202384
vertex 0.0 -0.15269659384052192 0.9882731152012093
vertex -0.12651931226928728 -0.2345797056470434 0.9638284211006921
endloop
endfacet
facet normal 0 0 0
outer loop
vertex -0.12973190755680386 -0.0801787282954641 0.988302081193091
vertex -0.12651931226928728 -0.2345797056470434 0.9638284211006921
vertex 0.0 -0.15269659384052192 0.9882731152012093
endloop
endfacet
facet normal 0 0 0
outer loop
vertex -0.5000000000000001 -0.30901699437494745 0.8090169943749475
vertex -0.3706024182004535 -0.38174148460130475 0.8467155877615387
vertex -0.3891957226704116 -0.24053618488639233 0.8891957226704116
endloop
endfacet
facet normal 0 0 0
outer loop
vertex -0.2388556408050596 -0.4428627132664894 0.864187826837342
vertex -0.25303862453857456 -0.3127729408627245 0.915502344047086
vertex -0.3706024182004535 -0.38174148460130475 0.8467155877615387
endloop
endfacet
facet normal 0 0 0
outer loop
vertex -0.2628655560595668 -0.16245984811645314 0.9510565162951536
vertex -0.3891957226704116 -0.24053618488639233 0.8891957226704116
vertex -0.25303862453857456 -0.3127729408627245 0.915502344047086
endloop
endfacet
facet normal 0 0 0
outer loop
vertex -0.3706024182004535 -0.38174148460130475 0.8467155877615387
vertex -0.25303862453857456 -0.3127729408627245 0.915502344047086
vertex -0.3891957226704116 -0.24053618488639233 0.8891957226704116
endloop
endfacet
facet normal 0 0 0
outer loop
vertex 0.0 -0.29524180884432627 0.9554225632202384
vertex -0.12651931226928728 -0.2345797056470434 0.9638284211006921
vertex -0.12075076365446102 -0.3731403805298118 0.9198834216871895
endloop
endfacet
facet normal 0 0 0
outer loop
vertex -0.2628655560595668 -0.16245984811645314 0.9510565162951536
vertex -0.25303862453857456 -0.3127729408627245 0.915502344047086
vertex -0.12651931226928728 -0.2345797056470434 0.9638284211006921
endloop
endfacet
facet normal 0 0 0
outer loop
vertex -0.2388556408050596 -0.4428627132664894 0.864187826837342
vertex -0.12075076365446102 -0.3731403805298118 0.9198834216871895
vertex -0.25303862453857456 -0.3127729408627245 0.915502344047086
endloop
endfacet
facet normal 0 0 0
outer loop
vertex -0.12651931226928728 -0.2345797056470434 0.9638284211006921
vertex -0.25303862453857456 -0.3127729408627245 0.915502344047086
vertex -0.12075076365446102 -0.3731403805298118 0.9198834216871895
endloop
endfacet
facet normal 0 0 0
outer loop
vertex -0.5000000000000001 0.30901699437494745 0.8090169943749475
vertex -0.5189276302272154 0.1603574565909282 0.8396425434090719
vertex -0.3891957226704116 0.24053618488639233 0.8891957226704116
endloop
endfacet
facet normal 0 0 0
outer loop
vertex -0.5257311121191336 0.0 0.8506508083520399
vertex -0.3996070517018511 0.08232358003196016 0.912982492932299
vertex -0.5189276302272154 0.1603574565909282 0.8396425434090719
endloop
endfacet
facet normal 0 0 0
outer loop
vertex -0.2628655560595668 0.16245984811645314 0.9510565162951536
vertex -0.3891957226704116 0.24053618488639233 0.8891957226704116
vertex -0.3996070517018511 0.08232358003196016 0.912982492932299
endloop
endfacet
facet normal 0 0 0
outer loop
vertex -0.5189276302272154 0.1603574565909282 0.8396425434090719
vertex -0.3996070517018511 0.08232358003196016 0.912982492932299
vertex -0.3891957226704116 0.24053618488639233 0.8891957226704116
endloop
endfacet
facet normal 0 0 0
outer loop
vertex -0.5000000000000001 -0.30901699437494745 0.8090169943749475
vertex -0.3891957226704116 -0.24053618488639233 0.8891957226704116
vertex -0.5189276302272154 -0.1603574565909282 0.8396425434090719
endloop
endfacet
facet normal 0 0 0
outer loop
vertex -0.2628655560595668 -0.16245984811645314 0.9510565162951536
vertex -0.3996070517018511 -0.08232358003196016 0.912982492932299
vertex -0.3891957226704116 -0.24053618488639233 0.8891957226704116
endloop
endfacet
facet normal 0 0 0
outer loop
vertex -0.5257311121191336 0.0 0.8506508083520399
vertex -0.5189276302272154 -0.1603574565909282 0.8396425434090719
vertex -0.3996070517018511 -0.08232358003196016 0.912982492932299
endloop
endfacet
facet normal 0 0 0
outer loop
vertex -0.3891957226704116 -0.24053618488639233 0.8891957226704116
vertex -0.3996070517018511 -0.08232358003196016 0.912982492932299
vertex -0.5189276302272154 -0.1603574565909282 0.8396425434090719
endloop
endfacet
facet normal 0 0 0
outer loop
vertex 0.0 0.0 1.0
vertex -0.12973190755680386 0.0801787282954641 0.988302081193091
vertex -0.12973190755680386 -0.0801787282954641 0.988302081193091
endloop
endfacet
facet normal 0 0 0
outer loop
vertex -0.2628655560595668 0.16245984811645314 0.9510565162951536
vertex -0.26640470113456743 0.0 0.9638612634676227
vertex -0.12973190755680386 0.0801787282954641 0.988302081193091
endloop
endfacet
facet normal 0 0 0
outer loop
vertex -0.2628655560595668 -0.16245984811645314 0.9510565162951536
vertex -0.12973190755680386 -0.0801787282954641 0.988302081193091
vertex -0.26640470113456743 0.0 0.9638612634676227
endloop
endfacet
facet normal 0 0 0
outer loop
vertex -0.12973190755680386 0.0801787282954641 0.988302081193091
vertex -0.26640470113456743 0.0 0.9638612634676227
vertex -0.12973190755680386 -0.0801787282954641 0.988302081193091
endloop
endfacet
facet normal 0 0 0
outer loop
vertex -0.5257311121191336 0.0 0.8506508083520399
vertex -0.3996070517018511 -0.08232358003196016 0.912982492932299
vertex -0.3996070517018511 0.08232358003196016 0.912982492932299
endloop
endfacet
facet normal 0 0 0
outer loop
vertex -0.2628655560595668 -0.16245984811645314 0.9510565162951536
vertex -0.26640470113456743 0.0 0.9638612634676227
vertex -0.3996070517018511 -0.08232358003196016 0.912982492932299
endloop
endfacet
facet normal 0 0 0
outer loop
vertex -0.2628655560595668 0.16245984811645314 0.9510565162951536
vertex -0.3996070517018511 0.08232358003196016 0.912982492932299
vertex -0.26640470113456743 0.0 0.9638612634676227
endloop
endfacet
facet normal 0 0 0
outer loop
vertex -0.3996070517018511 -0.08232358003196016 0.912982492932299
vertex -0.26640470113456743 0.0 0.9638612634676227
vertex -0.3996070517018511 0.08232358003196016 0.912982492932299
endloop
endfacet
facet normal 0 0 0
outer loop
vertex -0.85065080835204 0.0 0.5257311121191336
vertex -0.9072722334369383 0.0 0.4205438079847925
vertex -0.863953838921453 -0.11340902917961729 0.49063444264892453
endloop
endfacet
facet normal 0 0 0
outer loop
vertex -0.9554225632202384 0.0 0.29524180884432627
vertex -0.9198834216871895 -0.12075076365446102 0.3731403805298118
vertex -0.9072722334369383 0.0 0.4205438079847925
endloop
endfacet
facet normal 0 0 0
outer loop
vertex -0.864187826837342 -0.2388556408050596 0.4428627132664894
vertex -0.863953838921453 -0.11340902917961729 0.49063444264892453
vertex -0.9198834216871895 -0.12075076365446102 0.3731403805298118
endloop
endfacet
facet normal 0 0 0
outer loop
vertex -0.9072722334369383 0.0 0.4205438079847925
vertex -0.9198834216871895 -0.12075076365446102 0.3731403805298118
vertex -0.863953838921453 -0.11340902917961729 0.49063444264892453
endloop
endfacet
facet normal 0 0 0
outer loop
vertex -1.0 0.0 0.0
vertex -0.988302081193091 -0.12973190755680386 0.0801787282954641
vertex -0.9882731152012093 0.0 0.15269659384052192
endloop
endfacet
facet normal 0 0 0
outer loop
vertex -0.9510565162951536 -0.2628655560595668 0.16245984811645314
vertex -0.9638284211006921 -0.12651931226928728 0.2345797056470434
vertex -0.988302081193091 -0.12973190755680386 0.0801787282954641
endloop
endfacet
facet normal 0 0 0
outer loop
vertex -0.9554225632202384 0.0 0.29524180884432627
vertex -0.9882731152012093 0.0 0.15269659384052192
vertex -0.9638284211006921 -0.12651931226928728 0.2345797056470434
endloop
endfacet
facet normal 0 0 0
outer loop
vertex -0.988302081193091 -0.12973190755680386 0.0801787282954641
vertex -0.9638284211006921 -0.12651931226928728 0.2345797056470434
vertex -0.9882731152012093 0.0 0.15269659384052192
endloop
endfacet
facet normal 0 0 0
outer loop
vertex -0.8090169943749475 -0.5000000000000001 0.30901699437494745
vertex -0.8467155877615387 -0.3706024182004535 0.38174148460130475
vertex -0.8891957226704116 -0.3891957226704116 0.24053618488639233
endloop
endfacet
facet normal 0 0 0
outer loop
vertex -0.864187826837342 -0.2388556408050596 0.4428627132664894
vertex -0.9155023440470861 -0.2530386245385746 0.31277294086272456
vertex -0.8467155877615387 -0.3706024182004535 0.38174148460130475
endloop
endfacet
facet normal 0 0 0
outer loop
vertex -0.9510565162951536 -0.2628655560595668 0.16245984811645314
vertex -0.8891957226704116 -0.3891957226704116 0.24053618488639233
vertex -0.9155023440470861 -0.2530386245385746 0.31277294086272456
endloop
endfacet
facet normal 0 0 0
outer loop
vertex -0.8467155877615387 -0.3706024182004535 0.38174148460130475
vertex -0.9155023440470861 -0.2530386245385746 0.31277294086272456
vertex -0.8891957226704116 -0.3891957226704116 0.24053618488639233
endloop
endfacet
facet normal 0 0 0
outer loop
vertex -0.9554225632202384 0.0 0.29524180884432627
vertex -0.9638284211006921 -0.12651931226928728 0.2345797056470434
vertex -0.9198834216871895 -0.12075076365446102 0.3731403805298118
endloop
endfacet
facet normal 0 0 0
outer loop
vertex -0.9510565162951536 -0.2628655560595668 0.16245984811645314
vertex -0.9155023440470861 -0.2530386245385746 0.31277294086272456
vertex -0.9638284211006921 -0.12651931226928728 0.2345797056470434
endloop
endfacet
facet normal 0 0 0
outer loop
vertex -0.864187826837342 -0.2388556408050596 0.4428627132664894
vertex -0.9198834216871895 -0.12075076365446102 0.3731403805298118
vertex -0.9155023440470861 -0.2530386245385746 0.31277294086272456
endloop
endfacet
facet normal 0 0 0
outer loop
vertex -0.9638284211006921 -0.12651931226928728 0.2345797056470434
vertex -0.9155023440470861 -0.2530386245385746 0.31277294086272456
vertex -0.9198834216871895 -0.12075076365446102 0.3731403805298118
endloop
endfacet
facet normal 0 0 0
outer loop
vertex -0.85065080835204 0.0 -0.5257311121191336
vertex -0.863953838921453 -0.11340902917961729 -0.49063444264892453
vertex -0.9072722334369383 0.0 -0.4205438079847925
endloop
endfacet
facet normal 0 0 0
outer loop
vertex -0.864187826837342 -0.2388556408050596 -0.4428627132664894
vertex -0.9198834216871895 -0.12075076365446102 -0.3731403805298118
vertex -0.863953838921453 -0.11340902917961729 -0.49063444264892453
endloop
endfacet
facet normal 0 0 0
outer loop
vertex -0.9554225632202384 0.0 -0.29524180884432627
vertex -0.9072722334369383 0.0 -0.4205438079847925
vertex -0.9198834216871895 -0.12075076365446102 -0.3731403805298118
endloop
endfacet
facet normal 0 0 0
outer loop
vertex -0.863953838921453 -0.11340902917961729 -0.49063444264892453
vertex -0.9198834216871895 -0.12075076365446102 -0.3731403805298118
vertex -0.9072722334369383 0.0 -0.4205438079847925
endloop
endfacet
facet normal 0 0 0
outer loop
vertex -0.8090169943749475 -0.5000000000000001 -0.30901699437494745
vertex -0.8891957226704116 -0.3891957226704116 -0.24053618488639233
vertex -0.8467155877615387 -0.3706024182004535 -0.38174148460130475
endloop
endfacet
facet normal 0 0 0
outer loop
vertex -0.9510565162951536 -0.2628655560595668 -0.16245984811645314
vertex -0.9155023440470861 -0.2530386245385746 -0.31277294086272456
vertex -0.8891957226704116 -0.3891957226704116 -0.24053618488639233
endloop
endfacet
facet normal 0 0 0
outer loop
vertex -0.864187826837342 -0.2388556408050596 -0.4428627132664894
vertex -0.8467155877615387 -0.3706024182004535 -0.38174148460130475
vertex -0.9155023440470861 -0.2530386245385746 -0.31277294086272456
endloop
endfacet
facet normal 0 0 0
outer loop
vertex -0.8891957226704116 -0.3891957226704116 -0.24053618488639233
vertex -0.9155023440470861 -0.2530386245385746 -0.31277294086272456
vertex -0.8467155877615387 -0.3706024182004535 -0.38174148460130475
endloop
endfacet
facet normal 0 0 0
outer loop
vertex -1.0 0.0 0.0
vertex -0.9882731152012093 0.0 -0.15269659384052192
vertex -0.988302081193091 -0.12973190755680386 -0.0801787282954641
endloop
endfacet
facet normal 0 0 0
outer loop
vertex -0.9554225632202384 0.0 -0.29524180884432627
vertex -0.9638284211006921 -0.12651931226928728 -0.2345797056470434
vertex -0.9882731152012093 0.0 -0.15269659384052192
endloop
endfacet
facet normal 0 0 0
outer loop
vertex -0.9510565162951536 -0.2628655560595668 -0.16245984811645314
vertex -0.988302081193091 -0.12973190755680386 -0.0801787282954641
vertex -0.9638284211006921 -0.12651931226928728 -0.2345797056470434
endloop
endfacet
facet normal 0 0 0
outer loop
vertex -0.9882731152012093 0.0 -0.15269659384052192
vertex -0.9638284211006921 -0.12651931226928728 -0.2345797056470434
vertex -0.988302081193091 -0.12973190755680386 -0.0801787282954641
endloop
endfacet
facet normal 0 0 0
outer loop
vertex -0.864187826837342 -0.2388556408050596 -0.4428627132664894
vertex -0.9155023440470861 -0.2530386245385746 -0.31277294086272456
vertex -0.9198834216871895 -0.12075076365446102 -0.3731403805298118
endloop
endfacet
facet normal 0 0 0
outer loop
vertex -0.9510565162951536 -0.2628655560595668 -0.16245984811645314
vertex -0.9638284211006921 -0.12651931226928728 -0.2345797056470434
vertex -0.9155023440470861 -0.2530386245385746 -0.31277294086272456
endloop
endfacet
facet normal 0 0 0
outer loop
vertex -0.9554225632202384 0.0 -0.29524180884432627
vertex -0.9198834216871895 -0.12075076365446102 -0.3731403805298118
vertex -0.9638284211006921 -0.12651931226928728 -0.2345797056470434
endloop
endfacet
facet normal 0 0 0
outer loop
vertex -0.9155023440470861 -0.2530386245385746 -0.31277294086272456
vertex -0.9638284211006921 -0.12651931226928728 -0.2345797056470434
vertex -0.9198834216871895 -0.12075076365446102 -0.3731403805298118
endloop
endfacet
facet normal 0 0 0
outer loop
vertex -0.5257311121191336 -0.85065080835204 0.0
vertex -0.6040434718285418 -0.7938632042573209 0.07009063466413208
vertex -0.6040434718285418 -0.7938632042573209 -0.07009063466413208
endloop
endfacet
facet normal 0 0 0
outer loop
vertex -0.6817183540715489 -0.7165669224151787 0.1476209044221631
vertex -0.6892699839446963 -0.7245045819267661 0.0
vertex -0.6040434718285418 -0.7938632042573209 0.07009063466413208
endloop
endfacet
facet normal 0 0 0
outer loop
vertex -0.6817183540715489 -0.7165669224151787 -0.1476209044221631
vertex -0.6040434718285418 -0.7938632042573209 -0.07009063466413208
vertex -0.6892699839446963 -0.7245045819267661 0.0
endloop
endfacet
facet normal 0 0 0
outer loop
vertex -0.6040434718285418 -0.7938632042573209 0.07009063466413208
vertex -0.6892699839446963 -0.7245045819267661 0.0
vertex -0.6040434718285418 -0.7938632042573209 -0.07009063466413208
endloop
endfacet
facet normal 0 0 0
outer loop
vertex -0.8090169943749475 -0.5000000000000001 0.30901699437494745
vertex -0.8396425434090719 -0.5189276302272154 0.1603574565909282
vertex -0.7523439028017583 -0.6176706970007558 0.2290448907607829
endloop
endfacet
facet normal 0 0 0
outer loop
vertex -0.8506508083520399 -0.5257311121191336 0.0
vertex -0.7705241128862674 -0.6325965613464364 0.07819323521568113
vertex -0.8396425434090719 -0.5189276302272154 0.1603574565909282
endloop
endfacet
facet normal 0 0 0
outer loop
vertex -0.6817183540715489 -0.7165669224151787 0.1476209044221631
vertex -0.7523439028017583 -0.6176706970007558 0.2290448907607829
vertex -0.7705241128862674 -0.6325965613464364 0.07819323521568113
endloop
endfacet
facet normal 0 0 0
outer loop
vertex -0.8396425434090719 -0.5189276302272154 0.1603574565909282
vertex -0.7705241128862674 -0.6325965613464364 0.07819323521568113
vertex -0.7523439028017583 -0.6176706970007558 0.2290448907607829
endloop
endfacet
facet normal 0 0 0
outer loop
vertex -0.8090169943749475 -0.5000000000000001 -0.30901699437494745
vertex -0.7523439028017583 -0.6176706970007558 -0.2290448907607829
vertex -0.8396425434090719 -0.5189276302272154 -0.1603574565909282
endloop
endfacet
facet normal 0 0 0
outer loop
vertex -0.6817183540715489 -0.7165669224151787 -0.1476209044221631
vertex -0.7705241128862674 -0.6325965613464364 -0.07819323521568113
vertex -0.7523439028017583 -0.6176706970007558 -0.2290448907607829
endloop
endfacet
facet normal 0 0 0
outer loop
vertex -0.8506508083520399 -0.5257311121191336 0.0
vertex -0.8396425434090719 -0.5189276302272154 -0.1603574565909282
vertex -0.7705241128862674 -0.6325965613464364 -0.07819323521568113
endloop
endfacet
facet normal 0 0 0
outer loop
vertex -0.7523439028017583 -0.6176706970007558 -0.2290448907607829
vertex -0.7705241128862674 -0.6325965613464364 -0.07819323521568113
vertex -0.8396425434090719 -0.5189276302272154 -0.1603574565909282
endloop
endfacet
facet normal 0 0 0
outer loop
vertex -0.6817183540715489 -0.7165669224151787 0.1476209044221631
vertex -0.7705241128862674 -0.6325965613464364 0.07819323521568113
vertex -0.6892699839446963 -0.7245045819267661 0.0
endloop
endfacet
facet normal 0 0 0
outer loop
vertex -0.8506508083520399 -0.5257311121191336 0.0
vertex -0.7705241128862674 -0.6325965613464364 -0.07819323521568113
vertex -0.7705241128862674 -0.6325965613464364 0.07819323521568113
endloop
endfacet
facet normal 0 0 0
outer loop
vertex -0.6817183540715489 -0.7165669224151787 -0.1476209044221631
vertex -0.6892699839446963 -0.7245045819267661 0.0
vertex -0.7705241128862674 -0.6325965613464364 -0.07819323521568113
endloop
endfacet
facet normal 0 0 0
outer loop
vertex -0.7705241128862674 -0.6325965613464364 0.07819323521568113
vertex -0.7705241128862674 -0.6325965613464364 -0.07819323521568113
vertex -0.6892699839446963 -0.7245045819267661 0.0
endloop
endfacet
facet normal 0 0 0
outer loop
vertex -1.0 0.0 0.0
vertex -0.988302081193091 -0.12973190755680386 -0.0801787282954641
vertex -0.988302081193091 -0.12973190755680386 0.0801787282954641
endloop
endfacet
facet normal 0 0 0
outer loop
vertex -0.9510565162951536 -0.2628655560595668 -0.16245984811645314
vertex -0.9638612634676227 -0.26640470113456743 0.0
vertex -0.988302081193091 -0.12973190755680386 -0.0801787282954641
endloop
endfacet
facet normal 0 0 0
outer loop
vertex -0.9510565162951536 -0.2628655560595668 0.16245984811645314
vertex -0.988302081193091 -0.12973190755680386 0.0801787282954641
vertex -0.9638612634676227 -0.26640470113456743 0.0
endloop
endfacet
facet normal 0 0 0
outer loop
vertex -0.988302081193091 -0.12973190755680386 -0.0801787282954641
vertex -0.9638612634676227 -0.26640470113456743 0.0
vertex -0.988302081193091 -0.12973190755680386 0.0801787282954641
endloop
endfacet
facet normal 0 0 0
outer loop
vertex -0.8090169943749475 -0.5000000000000001 -0.30901699437494745
vertex -0.8396425434090719 -0.5189276302272154 -0.1603574565909282
vertex -0.8891957226704116 -0.3891957226704116 -0.24053618488639233
endloop
endfacet
facet normal 0 0 0
outer loop
vertex -0.8506508083520399 -0.5257311121191336 0.0
vertex -0.912982492932299 -0.3996070517018511 -0.08232358003196016
vertex -0.8396425434090719 -0.5189276302272154 -0.1603574565909282
endloop
endfacet
facet normal 0 0 0
outer loop
vertex -0.9510565162951536 -0.2628655560595668 -0.16245984811645314
vertex -0.8891957226704116 -0.3891957226704116 -0.24053618488639233
vertex -0.912982492932299 -0.3996070517018511 -0.08232358003196016
endloop
endfacet
facet normal 0 0 0
outer loop
vertex -0.8396425434090719 -0.5189276302272154 -0.1603574565909282
vertex -0.912982492932299 -0.3996070517018511 -0.08232358003196016
vertex -0.8891957226704116 -0.3891957226704116 -0.24053618488639233
endloop
endfacet
facet normal 0 0 0
outer loop
vertex -0.8090169943749475 -0.5000000000000001 0.30901699437494745
vertex -0.8891957226704116 -0.3891957226704116 0.24053618488639233
vertex -0.8396425434090719 -0.5189276302272154 0.1603574565909282
endloop
endfacet
facet normal 0 0 0
outer loop
vertex -0.9510565162951536 -0.2628655560595668 0.16245984811645314
vertex -0.912982492932299 -0.3996070517018511 0.08232358003196016
vertex -0.8891957226704116 -0.3891957226704116 0.24053618488639233
endloop
endfacet
facet normal 0 0 0
outer loop
vertex -0.8506508083520399 -0.5257311121191336 0.0
vertex -0.8396425434090719 -0.5189276302272154 0.1603574565909282
vertex -0.912982492932299 -0.3996070517018511 0.08232358003196016
endloop
endfacet
facet normal 0 0 0
outer loop
vertex -0.8891957226704116 -0.3891957226704116 0.24053618488639233
vertex -0.912982492932299 -0.3996070517018511 0.08232358003196016
vertex -0.8396425434090719 -0.5189276302272154 0.1603574565909282
endloop
endfacet
facet normal 0 0 0
outer loop
vertex -0.9510565162951536 -0.2628655560595668 -0.16245984811645314
vertex -0.912982492932299 -0.3996070517018511 -0.08232358003196016
vertex -0.9638612634676227 -0.26640470113456743 0.0
endloop
endfacet
facet normal 0 0 0
outer loop
vertex -0.8506508083520399 -0.5257311121191336 0.0
vertex -0.912982492932299 -0.3996070517018511 0.08232358003196016
vertex -0.912982492932299 -0.3996070517018511 -0.08232358003196016
endloop
endfacet
facet normal 0 0 0
outer loop
vertex -0.9510565162951536 -0.2628655560595668 0.16245984811645314
vertex -0.9638612634676227 -0.26640470113456743 0.0
vertex -0.912982492932299 -0.3996070517018511 0.08232358003196016
endloop
endfacet
facet normal 0 0 0
outer loop
vertex -0.912982492932299 -0.3996070517018511 -0.08232358003196016
vertex -0.912982492932299 -0.3996070517018511 0.08232358003196016
vertex -0.9638612634676227 -0.26640470113456743 0.0
endloop
endfacet
facet normal 0 0 0
outer loop
vertex -0.85065080835204 0.0 -0.5257311121191336
vertex -0.7938632042573209 0.07009063466413208 -0.6040434718285418
vertex -0.7938632042573209 -0.07009063466413208 -0.6040434718285418
endloop
endfacet
facet normal 0 0 0
outer loop
vertex -0.7165669224151787 0.1476209044221631 -0.6817183540715489
vertex -0.7245045819267661 0.0 -0.6892699839446963
vertex -0.7938632042573209 0.07009063466413208 -0.6040434718285418
endloop
endfacet
facet normal 0 0 0
outer loop
vertex -0.7165669224151787 -0.1476209044221631 -0.6817183540715489
vertex -0.7938632042573209 -0.07009063466413208 -0.6040434718285418
vertex -0.7245045819267661 0.0 -0.6892699839446963
endloop
endfacet
facet normal 0 0 0
outer loop
vertex -0.7938632042573209 0.07009063466413208 -0.6040434718285418
vertex -0.7245045819267661 0.0 -0.6892699839446963
vertex -0.7938632042573209 -0.07009063466413208 -0.6040434718285418
endloop
endfacet
facet normal 0 0 0
outer loop
vertex -0.5000000000000001 0.30901699437494745 -0.8090169943749475
vertex -0.5189276302272154 0.1603574565909282 -0.8396425434090719
vertex -0.6176706970007557 0.22904489076078288 -0.7523439028017582
endloop
endfacet
facet normal 0 0 0
outer loop
vertex -0.5257311121191336 0.0 -0.8506508083520399
vertex -0.6325965613464364 0.07819323521568113 -0.7705241128862674
vertex -0.5189276302272154 0.1603574565909282 -0.8396425434090719
endloop
endfacet
facet normal 0 0 0
outer loop
vertex -0.7165669224151787 0.1476209044221631 -0.6817183540715489
vertex -0.6176706970007557 0.22904489076078288 -0.7523439028017582
vertex -0.6325965613464364 0.07819323521568113 -0.7705241128862674
endloop
endfacet
facet normal 0 0 0
outer loop
vertex -0.5189276302272154 0.1603574565909282 -0.8396425434090719
vertex -0.6325965613464364 0.07819323521568113 -0.7705241128862674
vertex -0.6176706970007557 0.22904489076078288 -0.7523439028017582
endloop
endfacet
facet normal 0 0 0
outer loop
vertex -0.5000000000000001 -0.30901699437494745 -0.8090169943749475
vertex -0.6176706970007557 -0.22904489076078288 -0.7523439028017582
vertex -0.5189276302272154 -0.1603574565909282 -0.8396425434090719
endloop
endfacet
facet normal 0 0 0
outer loop
vertex -0.7165669224151787 -0.1476209044221631 -0.6817183540715489
vertex -0.6325965613464364 -0.07819323521568113 -0.7705241128862674
vertex -0.6176706970007557 -0.22904489076078288 -0.7523439028017582
endloop
endfacet
facet normal 0 0 0
outer loop
vertex -0.5257311121191336 0.0 -0.8506508083520399
vertex -0.5189276302272154 -0.1603574565909282 -0.8396425434090719
vertex -0.6325965613464364 -0.07819323521568113 -0.7705241128862674
endloop
endfacet
facet normal 0 0 0
outer loop
vertex -0.6176706970007557 -0.22904489076078288 -0.7523439028017582
vertex -0.6325965613464364 -0.07819323521568113 -0.7705241128862674
vertex -0.5189276302272154 -0.1603574565909282 -0.8396425434090719
endloop
endfacet
facet normal 0 0 0
outer loop
vertex -0.7165669224151787 0.1476209044221631 -0.6817183540715489
vertex -0.6325965613464364 0.07819323521568113 -0.7705241128862674
vertex -0.7245045819267661 0.0 -0.6892699839446963
endloop
endfacet
facet normal 0 0 0
outer loop
vertex -0.5257311121191336 0.0 -0.8506508083520399
vertex -0.6325965613464364 -0.07819323521568113 -0.7705241128862674
vertex -0.6325965613464364 0.07819323521568113 -0.7705241128862674
endloop
endfacet
facet normal 0 0 0
outer loop
vertex -0.7165669224151787 -0.1476209044221631 -0.6817183540715489
vertex -0.7245045819267661 0.0 -0.6892699839446963
vertex -0.6325965613464364 -0.07819323521568113 -0.7705241128862674
endloop
endfacet
facet normal 0 0 0
outer loop
vertex -0.6325965613464364 0.07819323521568113 -0.7705241128862674
vertex -0.6325965613464364 -0.07819323521568113 -0.7705241128862674
vertex -0.7245045819267661 0.0 -0.6892699839446963
endloop
endfacet
facet normal 0 0 0
outer loop
vertex 0.0 0.5257311121191336 -0.85065080835204
vertex 0.0 0.4205438079847925 -0.9072722334369383
vertex -0.11340902917961729 0.49063444264892453 -0.863953838921453
endloop
endfacet
facet normal 0 0 0
outer loop
vertex 0.0 0.29524180884432627 -0.9554225632202384
vertex -0.12075076365446102 0.3731403805298118 -0.9198834216871895
vertex 0.0 0.4205438079847925 -0.9072722334369383
endloop
endfacet
facet normal 0 0 0
outer loop
vertex -0.2388556408050596 0.4428627132664894 -0.864187826837342
vertex -0.11340902917961729 0.49063444264892453 -0.863953838921453
vertex -0.12075076365446102 0.3731403805298118 -0.9198834216871895
endloop
endfacet
facet normal 0 0 0
outer loop
vertex 0.0 0.4205438079847925 -0.9072722334369383
vertex -0.12075076365446102 0.3731403805298118 -0.9198834216871895
vertex -0.11340902917961729 0.49063444264892453 -0.863953838921453
endloop
endfacet
facet normal 0 0 0
outer loop
vertex 0.0 0.0 -1.0
vertex -0.12973190755680386 0.0801787282954641 -0.988302081193091
vertex 0.0 0.15269659384052192 -0.9882731152012093
endloop
endfacet
facet normal 0 0 0
outer loop
vertex -0.2628655560595668 0.16245984811645314 -0.9510565162951536
vertex -0.12651931226928728 0.2345797056470434 -0.9638284211006921
vertex -0.12973190755680386 0.0801787282954641 -0.988302081193091
endloop
endfacet
facet normal 0 0 0
outer loop
vertex 0.0 0.29524180884432627 -0.9554225632202384
vertex 0.0 0.15269659384052192 -0.9882731152012093
vertex -0.12651931226928728 0.2345797056470434 -0.9638284211006921
endloop
endfacet
facet normal 0 0 0
outer loop
vertex -0.12973190755680386 0.0801787282954641 -0.988302081193091
vertex -0.12651931226928728 0.2345797056470434 -0.9638284211006921
vertex 0.0 0.15269659384052192 -0.9882731152012093
endloop
endfacet
facet normal 0 0 0
outer loop
vertex -0.5000000000000001 0.30901699437494745 -0.8090169943749475
vertex -0.3706024182004535 0.38174148460130475 -0.8467155877615387
vertex -0.3891957226704116 0.24053618488639233 -0.8891957226704116
endloop
endfacet
facet normal 0 0 0
outer loop
vertex -0.2388556408050596 0.4428627132664894 -0.864187826837342
vertex -0.25303862453857456 0.3127729408627245 -0.915502344047086
vertex -0.3706024182004535 0.38174148460130475 -0.8467155877615387
endloop
endfacet
facet normal 0 0 0
outer loop
vertex -0.2628655560595668 0.16245984811645314 -0.9510565162951536
vertex -0.3891957226704116 0.24053618488639233 -0.8891957226704116
vertex -0.25303862453857456 0.3127729408627245 -0.915502344047086
endloop
endfacet
facet normal 0 0 0
outer loop
vertex -0.3706024182004535 0.38174148460130475 -0.8467155877615387
vertex -0.25303862453857456 0.3127729408627245 -0.915502344047086
vertex -0.3891957226704116 0.24053618488639233 -0.8891957226704116
endloop
endfacet
facet normal 0 0 0
outer loop
vertex 0.0 0.29524180884432627 -0.9554225632202384
vertex -0.12651931226928728 0.2345797056470434 -0.9638284211006921
vertex -0.12075076365446102 0.3731403805298118 -0.9198834216871895
endloop
endfacet
facet normal 0 0 0
outer loop
vertex -0.2628655560595668 0.16245984811645314 -0.9510565162951536
vertex -0.25303862453857456 0.3127729408627245 -0.915502344047086
vertex -0.12651931226928728 0.2345797056470434 -0.9638284211006921
endloop
endfacet
facet normal 0 0 0
outer loop
vertex -0.2388556408050596 0.4428627132664894 -0.864187826837342
vertex -0.12075076365446102 0.3731403805298118 -0.9198834216871895
vertex -0.25303862453857456 0.3127729408627245 -0.915502344047086
endloop
endfacet
facet normal 0 0 0
outer loop
vertex -0.12651931226928728 0.2345797056470434 -0.9638284211006921
vertex -0.25303862453857456 0.3127729408627245 -0.915502344047086
vertex -0.12075076365446102 0.3731403805298118 -0.9198834216871895
endloop
endfacet
facet normal 0 0 0
outer loop
vertex 0.0 -0.5257311121191336 -0.85065080835204
vertex -0.11340902917961729 -0.49063444264892453 -0.863953838921453
vertex 0.0 -0.4205438079847925 -0.9072722334369383
endloop
endfacet
facet normal 0 0 0
outer loop
vertex -0.2388556408050596 -0.4428627132664894 -0.864187826837342
vertex -0.12075076365446102 -0.3731403805298118 -0.9198834216871895
vertex -0.11340902917961729 -0.49063444264892453 -0.863953838921453
endloop
endfacet
facet normal 0 0 0
outer loop
vertex 0.0 -0.29524180884432627 -0.9554225632202384
vertex 0.0 -0.4205438079847925 -0.9072722334369383
vertex -0.12075076365446102 -0.3731403805298118 -0.9198834216871895
endloop
endfacet
facet normal 0 0 0
outer loop
vertex -0.11340902917961729 -0.49063444264892453 -0.863953838921453
vertex -0.12075076365446102 -0.3731403805298118 -0.9198834216871895
vertex 0.0 -0.4205438079847925 -0.9072722334369383
endloop
endfacet
facet normal 0 0 0
outer loop
vertex -0.5000000000000001 -0.30901699437494745 -0.8090169943749475
vertex -0.3891957226704116 -0.24053618488639233 -0.8891957226704116
vertex -0.3706024182004535 -0.38174148460130475 -0.8467155877615387
endloop
endfacet
facet normal 0 0 0
outer loop
vertex -0.2628655560595668 -0.16245984811645314 -0.9510565162951536
vertex -0.25303862453857456 -0.3127729408627245 -0.915502344047086
vertex -0.3891957226704116 -0.24053618488639233 -0.8891957226704116
endloop
endfacet
facet normal 0 0 0
outer loop
vertex -0.2388556408050596 -0.4428627132664894 -0.864187826837342
vertex -0.3706024182004535 -0.38174148460130475 -0.8467155877615387
vertex -0.25303862453857456 -0.3127729408627245 -0.915502344047086
endloop
endfacet
facet normal 0 0 0
outer loop
vertex -0.3891957226704116 -0.24053618488639233 -0.8891957226704116
vertex -0.25303862453857456 -0.3127729408627245 -0.915502344047086
vertex -0.3706024182004535 -0.38174148460130475 -0.8467155877615387
endloop
endfacet
facet normal 0 0 0
outer loop
vertex 0.0 0.0 -1.0
vertex 0.0 -0.15269659384052192 -0.9882731152012093
vertex -0.12973190755680386 -0.0801787282954641 -0.988302081193091
endloop
endfacet
facet normal 0 0 0
outer loop
vertex 0.0 -0.29524180884432627 -0.9554225632202384
vertex -0.12651931226928728 -0.2345797056470434 -0.9638284211006921
vertex 0.0 -0.15269659384052192 -0.9882731152012093
endloop
endfacet
facet normal 0 0 0
outer loop
vertex -0.2628655560595668 -0.16245984811645314 -0.9510565162951536
vertex -0.12973190755680386 -0.0801787282954641 -0.988302081193091
vertex -0.12651931226928728 -0.2345797056470434 -0.9638284211006921
endloop
endfacet
facet normal 0 0 0
outer loop
vertex 0.0 -0.15269659384052192 -0.9882731152012093
vertex -0.12651931226928728 -0.2345797056470434 -0.9638284211006921
vertex -0.12973190755680386 -0.0801787282954641 -0.988302081193091
endloop
endfacet
facet normal 0 0 0
outer loop
vertex -0.2388556408050596 -0.4428627132664894 -0.864187826837342
vertex -0.25303862453857456 -0.3127729408627245 -0.915502344047086
vertex -0.12075076365446102 -0.3731403805298118 -0.9198834216871895
endloop
endfacet
facet normal 0 0 0
outer loop
vertex -0.2628655560595668 -0.16245984811645314 -0.9510565162951536
vertex -0.12651931226928728 -0.2345797056470434 -0.9638284211006921
vertex -0.25303862453857456 -0.3127729408627245 -0.915502344047086
endloop
endfacet
facet normal 0 0 0
outer loop
vertex 0.0 -0.29524180884432627 -0.9554225632202384
vertex -0.12075076365446102 -0.3731403805298118 -0.9198834216871895
vertex -0.12651931226928728 -0.2345797056470434 -0.9638284211006921
endloop
endfacet
facet normal 0 0 0
outer loop
vertex -0.25303862453857456 -0.3127729408627245 -0.915502344047086
vertex -0.12651931226928728 -0.2345797056470434 -0.9638284211006921
vertex -0.12075076365446102 -0.3731403805298118 -0.9198834216871895
endloop
endfacet
facet normal 0 0 0
outer loop
vertex -0.5000000000000001 0.30901699437494745 -0.8090169943749475
vertex -0.3891957226704116 0.24053618488639233 -0.8891957226704116
vertex -0.5189276302272154 0.1603574565909282 -0.8396425434090719
endloop
endfacet
facet normal 0 0 0
outer loop
vertex -0.2628655560595668 0.16245984811645314 -0.9510565162951536
vertex -0.3996070517018511 0.08232358003196016 -0.912982492932299
vertex -0.3891957226704116 0.24053618488639233 -0.8891957226704116
endloop
endfacet
facet normal 0 0 0
outer loop
vertex -0.5257311121191336 0.0 -0.8506508083520399
vertex -0.5189276302272154 0.1603574565909282 -0.8396425434090719
vertex -0.3996070517018511 0.08232358003196016 -0.912982492932299
endloop
endfacet
facet normal 0 0 0
outer loop
vertex -0.3891957226704116 0.24053618488639233 -0.8891957226704116
vertex -0.3996070517018511 0.08232358003196016 -0.912982492932299
vertex -0.5189276302272154 0.1603574565909282 -0.8396425434090719
endloop
endfacet
facet normal 0 0 0
outer loop
vertex 0.0 0.0 -1.0
vertex -0.12973190755680386 -0.0801787282954641 -0.988302081193091
vertex -0.12973190755680386 0.0801787282954641 -0.988302081193091
endloop
endfacet
facet normal 0 0 0
outer loop
vertex -0.2628655560595668 -0.16245984811645314 -0.9510565162951536
vertex -0.26640470113456743 0.0 -0.9638612634676227
vertex -0.12973190755680386 -0.0801787282954641 -0.988302081193091
endloop
endfacet
facet normal 0 0 0
outer loop
vertex -0.2628655560595668 0.16245984811645314 -0.9510565162951536
vertex -0.12973190755680386 0.0801787282954641 -0.988302081193091
vertex -0.26640470113456743 0.0 -0.9638612634676227
endloop
endfacet
facet normal 0 0 0
outer loop
vertex -0.12973190755680386 -0.0801787282954641 -0.988302081193091
vertex -0.26640470113456743 0.0 -0.9638612634676227
vertex -0.12973190755680386 0.0801787282954641 -0.988302081193091
endloop
endfacet
facet normal 0 0 0
outer loop
vertex -0.5000000000000001 -0.30901699437494745 -0.8090169943749475
vertex -0.5189276302272154 -0.1603574565909282 -0.8396425434090719
vertex -0.3891957226704116 -0.24053618488639233 -0.8891957226704116
endloop
endfacet
facet normal 0 0 0
outer loop
vertex -0.5257311121191336 0.0 -0.8506508083520399
vertex -0.3996070517018511 -0.08232358003196016 -0.912982492932299
vertex -0.5189276302272154 -0.1603574565909282 -0.8396425434090719
endloop
endfacet
facet normal 0 0 0
outer loop
vertex -0.2628655560595668 -0.16245984811645314 -0.9510565162951536
vertex -0.3891957226704116 -0.24053618488639233 -0.8891957226704116
vertex -0.3996070517018511 -0.08232358003196016 -0.912982492932299
endloop
endfacet
facet normal 0 0 0
outer loop
vertex -0.5189276302272154 -0.1603574565909282 -0.8396425434090719
vertex -0.3996070517018511 -0.08232358003196016 -0.912982492932299
vertex -0.3891957226704116 -0.24053618488639233 -0.8891957226704116
endloop
endfacet
facet normal 0 0 0
outer loop
vertex -0.2628655560595668 0.16245984811645314 -0.9510565162951536
vertex -0.26640470113456743 0.0 -0.9638612634676227
vertex -0.3996070517018511 0.08232358003196016 -0.912982492932299
endloop
endfacet
facet normal 0 0 0
outer loop
vertex -0.2628655560595668 -0.16245984811645314 -0.9510565162951536
vertex -0.3996070517018511 -0.08232358003196016 -0.912982492932299
vertex -0.26640470113456743 0.0 -0.9638612634676227
endloop
endfacet
facet normal 0 0 0
outer loop
vertex -0.5257311121191336 0.0 -0.8506508083520399
vertex -0.3996070517018511 0.08232358003196016 -0.912982492932299
vertex -0.3996070517018511 -0.08232358003196016 -0.912982492932299
endloop
endfacet
facet normal 0 0 0
outer loop
vertex -0.26640470113456743 0.0 -0.9638612634676227
vertex -0.3996070517018511 -0.08232358003196016 -0.912982492932299
vertex -0.3996070517018511 0.08232358003196016 -0.912982492932299
endloop
endfacet
facet normal 0 0 0
outer loop
vertex 0.0 0.5257311121191336 -0.85065080835204
vertex 0.07009063466413208 0.6040434718285418 -0.7938632042573209
vertex 0.11340902917961729 0.49063444264892453 -0.863953838921453
endloop
endfacet
facet normal 0 0 0
outer loop
vertex 0.1476209044221631 0.6817183540715489 -0.7165669224151787
vertex 0.19537883976042336 0.5685192202902352 -0.7991326580327285
vertex 0.07009063466413208 0.6040434718285418 -0.7938632042573209
endloop
endfacet
facet normal 0 0 0
outer loop
vertex 0.2388556408050596 0.4428627132664894 -0.864187826837342
vertex 0.11340902917961729 0.49063444264892453 -0.863953838921453
vertex 0.19537883976042336 0.5685192202902352 -0.7991326580327285
endloop
endfacet
facet normal 0 0 0
outer loop
vertex 0.07009063466413208 0.6040434718285418 -0.7938632042573209
vertex 0.19537883976042336 0.5685192202902352 -0.7991326580327285
vertex 0.11340902917961729 0.49063444264892453 -0.863953838921453
endloop
endfacet
facet normal 0 0 0
outer loop
vertex 0.3090169943749474 0.8090169943749473 -0.5
vertex 0.37026809244319614 0.7099106358522679 -0.5991063585226795
vertex 0.22904489076078288 0.7523439028017582 -0.6176706970007557
endloop
endfacet
facet normal 0 0 0
outer loop
vertex 0.42532540417601994 0.5877852522924731 -0.6881909602355868
vertex 0.28290578270064953 0.6440048006169802 -0.7107897965621175
vertex 0.37026809244319614 0.7099106358522679 -0.5991063585226795
endloop
endfacet
facet normal 0 0 0
outer loop
vertex 0.1476209044221631 0.6817183540715489 -0.7165669224151787
vertex 0.22904489076078288 0.7523439028017582 -0.6176706970007557
vertex 0.28290578270064953 0.6440048006169802 -0.7107897965621175
endloop
endfacet
facet normal 0 0 0
outer loop
vertex 0.37026809244319614 0.7099106358522679 -0.5991063585226795
vertex 0.28290578270064953 0.6440048006169802 -0.7107897965621175
vertex 0.22904489076078288 0.7523439028017582 -0.6176706970007557
endloop
endfacet
facet normal 0 0 0
outer loop
vertex 0.5000000000000001 0.30901699437494745 -0.8090169943749475
vertex 0.3706024182004535 0.38174148460130475 -0.8467155877615387
vertex 0.4693744509658756 0.4504468207386602 -0.7594638151136077
endloop
endfacet
facet normal 0 0 0
outer loop
vertex 0.2388556408050596 0.4428627132664894 -0.864187826837342
vertex 0.33123185975425573 0.5174854883476929 -0.7889830317777986
vertex 0.3706024182004535 0.38174148460130475 -0.8467155877615387
endloop
endfacet
facet normal 0 0 0
outer loop
vertex 0.42532540417601994 0.5877852522924731 -0.6881909602355868
vertex 0.4693744509658756 0.4504468207386602 -0.7594638151136077
vertex 0.33123185975425573 0.5174854883476929 -0.7889830317777986
endloop
endfacet
facet normal 0 0 0
outer loop
vertex 0.3706024182004535 0.38174148460130475 -0.8467155877615387
vertex 0.33123185975425573 0.5174854883476929 -0.7889830317777986
vertex 0.4693744509658756 0.4504468207386602 -0.7594638151136077
endloop
endfacet
facet normal 0 0 0
outer loop
vertex 0.1476209044221631 0.6817183540715489 -0.7165669224151787
vertex 0.28290578270064953 0.6440048006169802 -0.7107897965621175
vertex 0.19537883976042336 0.5685192202902352 -0.7991326580327285
endloop
endfacet
facet normal 0 0 0
outer loop
vertex 0.42532540417601994 0.5877852522924731 -0.6881909602355868
vertex 0.33123185975425573 0.5174854883476929 -0.7889830317777986
vertex 0.28290578270064953 0.6440048006169802 -0.7107897965621175
endloop
endfacet
facet normal 0 0 0
outer loop
vertex 0.2388556408050596 0.4428627132664894 -0.864187826837342
vertex 0.19537883976042336 0.5685192202902352 -0.7991326580327285
vertex 0.33123185975425573 0.5174854883476929 -0.7889830317777986
endloop
endfacet
facet normal 0 0 0
outer loop
vertex 0.28290578270064953 0.6440048006169802 -0.7107897965621175
vertex 0.33123185975425573 0.5174854883476929 -0.7889830317777986
vertex 0.19537883976042336 0.5685192202902352 -0.7991326580327285
endloop
endfacet
facet normal 0 0 0
outer loop
vertex 0.5257311121191336 0.85065080835204 0.0
vertex 0.6040434718285418 0.7938632042573209 -0.07009063466413208
vertex 0.49063444264892453 0.863953838921453 -0.11340902917961729
endloop
endfacet
facet normal 0 0 0
outer loop
vertex 0.6817183540715489 0.7165669224151787 -0.1476209044221631
vertex 0.5685192202902352 0.7991326580327286 -0.1953788397604234
vertex 0.6040434718285418 0.7938632042573209 -0.07009063466413208
endloop
endfacet
facet normal 0 0 0
outer loop
vertex 0.4428627132664894 0.864187826837342 -0.2388556408050596
vertex 0.49063444264892453 0.863953838921453 -0.11340902917961729
vertex 0.5685192202902352 0.7991326580327286 -0.1953788397604234
endloop
endfacet
facet normal 0 0 0
outer loop
vertex 0.6040434718285418 0.7938632042573209 -0.07009063466413208
vertex 0.5685192202902352 0.7991326580327286 -0.1953788397604234
vertex 0.49063444264892453 0.863953838921453 -0.11340902917961729
endloop
endfacet
facet normal 0 0 0
outer loop
vertex 0.8090169943749475 0.5000000000000001 -0.30901699437494745
vertex 0.7099106358522679 0.5991063585226795 -0.37026809244319614
vertex 0.7523439028017583 0.6176706970007558 -0.2290448907607829
endloop
endfacet
facet normal 0 0 0
outer loop
vertex 0.5877852522924731 0.6881909602355868 -0.42532540417601994
vertex 0.6440048006169802 0.7107897965621175 -0.28290578270064953
vertex 0.7099106358522679 0.5991063585226795 -0.37026809244319614
endloop
endfacet
facet normal 0 0 0
outer loop
vertex 0.6817183540715489 0.7165669224151787 -0.1476209044221631
vertex 0.7523439028017583 0.6176706970007558 -0.2290448907607829
vertex 0.6440048006169802 0.7107897965621175 -0.28290578270064953
endloop
endfacet
facet normal 0 0 0
outer loop
vertex 0.7099106358522679 0.5991063585226795 -0.37026809244319614
vertex 0.6440048006169802 0.7107897965621175 -0.28290578270064953
vertex 0.7523439028017583 0.6176706970007558 -0.2290448907607829
endloop
endfacet
facet normal 0 0 0
outer loop
vertex 0.3090169943749474 0.8090169943749473 -0.5
vertex 0.38174148460130475 0.8467155877615387 -0.3706024182004535
vertex 0.45044682073866027 0.7594638151136078 -0.46937445096587566
endloop
endfacet
facet normal 0 0 0
outer loop
vertex 0.4428627132664894 0.864187826837342 -0.2388556408050596
vertex 0.5174854883476929 0.7889830317777986 -0.33123185975425573
vertex 0.38174148460130475 0.8467155877615387 -0.3706024182004535
endloop
endfacet
facet normal 0 0 0
outer loop
vertex 0.5877852522924731 0.6881909602355868 -0.42532540417601994
vertex 0.45044682073866027 0.7594638151136078 -0.46937445096587566
vertex 0.5174854883476929 0.7889830317777986 -0.33123185975425573
endloop
endfacet
facet normal 0 0 0
outer loop
vertex 0.38174148460130475 0.8467155877615387 -0.3706024182004535
vertex 0.5174854883476929 0.7889830317777986 -0.33123185975425573
vertex 0.45044682073866027 0.7594638151136078 -0.46937445096587566
endloop
endfacet
facet normal 0 0 0
outer loop
vertex 0.6817183540715489 0.7165669224151787 -0.1476209044221631
vertex 0.6440048006169802 0.7107897965621175 -0.28290578270064953
vertex 0.5685192202902352 0.7991326580327286 -0.1953788397604234
endloop
endfacet
facet normal 0 0 0
outer loop
vertex 0.5877852522924731 0.6881909602355868 -0.42532540417601994
vertex 0.5174854883476929 0.7889830317777986 -0.33123185975425573
vertex 0.6440048006169802 0.7107897965621175 -0.28290578270064953
endloop
endfacet
facet normal 0 0 0
outer loop
vertex 0.4428627132664894 0.864187826837342 -0.2388556408050596
vertex 0.5685192202902352 0.7991326580327286 -0.1953788397604234
vertex 0.5174854883476929 0.7889830317777986 -0.33123185975425573
endloop
endfacet
facet normal 0 0 0
outer loop
vertex 0.6440048006169802 0.7107897965621175 -0.28290578270064953
vertex 0.5174854883476929 0.7889830317777986 -0.33123185975425573
vertex 0.5685192202902352 0.7991326580327286 -0.1953788397604234
endloop
endfacet
facet normal 0 0 0
outer loop
vertex 0.85065080835204 0.0 -0.5257311121191336
vertex 0.7938632042573209 0.07009063466413208 -0.6040434718285418
vertex 0.863953838921453 0.11340902917961729 -0.49063444264892453
endloop
endfacet
facet normal 0 0 0
outer loop
vertex 0.7165669224151787 0.1476209044221631 -0.6817183540715489
vertex 0.7991326580327285 0.19537883976042336 -0.5685192202902352
vertex 0.7938632042573209 0.07009063466413208 -0.6040434718285418
endloop
endfacet
facet normal 0 0 0
outer loop
vertex 0.864187826837342 0.2388556408050596 -0.4428627132664894
vertex 0.863953838921453 0.11340902917961729 -0.49063444264892453
vertex 0.7991326580327285 0.19537883976042336 -0.5685192202902352
endloop
endfacet
facet normal 0 0 0
outer loop
vertex 0.7938632042573209 0.07009063466413208 -0.6040434718285418
vertex 0.7991326580327285 0.19537883976042336 -0.5685192202902352
vertex 0.863953838921453 0.11340902917961729 -0.49063444264892453
endloop
endfacet
facet normal 0 0 0
outer loop
vertex 0.5000000000000001 0.30901699437494745 -0.8090169943749475
vertex 0.5991063585226795 0.37026809244319614 -0.7099106358522679
vertex 0.6176706970007557 0.22904489076078288 -0.7523439028017582
endloop
endfacet
facet normal 0 0 0
outer loop
vertex 0.6881909602355868 0.42532540417601994 -0.5877852522924731
vertex 0.7107897965621175 0.28290578270064953 -0.6440048006169802
vertex 0.5991063585226795 0.37026809244319614 -0.7099106358522679
endloop
endfacet
facet normal 0 0 0
outer loop
vertex 0.7165669224151787 0.1476209044221631 -0.6817183540715489
vertex 0.6176706970007557 0.22904489076078288 -0.7523439028017582
vertex 0.7107897965621175 0.28290578270064953 -0.6440048006169802
endloop
endfacet
facet normal 0 0 0
outer loop
vertex 0.5991063585226795 0.37026809244319614 -0.7099106358522679
vertex 0.7107897965621175 0.28290578270064953 -0.6440048006169802
vertex 0.6176706970007557 0.22904489076078288 -0.7523439028017582
endloop
endfacet
facet normal 0 0 0
outer loop
vertex 0.8090169943749475 0.5000000000000001 -0.30901699437494745
vertex 0.8467155877615387 0.3706024182004535 -0.38174148460130475
vertex 0.7594638151136077 0.4693744509658756 -0.4504468207386602
endloop
endfacet
facet normal 0 0 0
outer loop
vertex 0.864187826837342 0.2388556408050596 -0.4428627132664894
vertex 0.7889830317777986 0.33123185975425573 -0.5174854883476929
vertex 0.8467155877615387 0.3706024182004535 -0.38174148460130475
endloop
endfacet
facet normal 0 0 0
outer loop
vertex 0.6881909602355868 0.42532540417601994 -0.5877852522924731
vertex 0.7594638151136077 0.4693744509658756 -0.4504468207386602
vertex 0.7889830317777986 0.33123185975425573 -0.5174854883476929
endloop
endfacet
facet normal 0 0 0
outer loop
vertex 0.8467155877615387 0.3706024182004535 -0.38174148460130475
vertex 0.7889830317777986 0.33123185975425573 -0.5174854883476929
vertex 0.7594638151136077 0.4693744509658756 -0.4504468207386602
endloop
endfacet
facet normal 0 0 0
outer loop
vertex 0.7165669224151787 0.1476209044221631 -0.6817183540715489
vertex 0.7107897965621175 0.28290578270064953 -0.6440048006169802
vertex 0.7991326580327285 0.19537883976042336 -0.5685192202902352
endloop
endfacet
facet normal 0 0 0
outer loop
vertex 0.6881909602355868 0.42532540417601994 -0.5877852522924731
vertex 0.7889830317777986 0.33123185975425573 -0.5174854883476929
vertex 0.7107897965621175 0.28290578270064953 -0.6440048006169802
endloop
endfacet
facet normal 0 0 0
outer loop
vertex 0.864187826837342 0.2388556408050596 -0.4428627132664894
vertex 0.7991326580327285 0.19537883976042336 -0.5685192202902352
vertex 0.7889830317777986 0.33123185975425573 -0.5174854883476929
endloop
endfacet
facet normal 0 0 0
outer loop
vertex 0.7107897965621175 0.28290578270064953 -0.6440048006169802
vertex 0.7889830317777986 0.33123185975425573 -0.5174854883476929
vertex 0.7991326580327285 0.19537883976042336 -0.5685192202902352
endloop
endfacet
facet normal 0 0 0
outer loop
vertex 0.3090169943749474 0.8090169943749473 -0.5
vertex 0.45044682073866027 0.7594638151136078 -0.46937445096587566
vertex 0.37026809244319614 0.7099106358522679 -0.5991063585226795
endloop
endfacet
facet normal 0 0 0
outer loop
vertex 0.5877852522924731 0.6881909602355868 -0.42532540417601994
vertex 0.5133754412304479 0.6465777917977317 -0.5642542117657714
vertex 0.45044682073866027 0.7594638151136078 -0.46937445096587566
endloop
endfacet
facet normal 0 0 0
outer loop
vertex 0.42532540417601994 0.5877852522924731 -0.6881909602355868
vertex 0.37026809244319614 0.7099106358522679 -0.5991063585226795
vertex 0.5133754412304479 0.6465777917977317 -0.5642542117657714
endloop
endfacet
facet normal 0 0 0
outer loop
vertex 0.45044682073866027 0.7594638151136078 -0.46937445096587566
vertex 0.5133754412304479 0.6465777917977317 -0.5642542117657714
vertex 0.37026809244319614 0.7099106358522679 -0.5991063585226795
endloop
endfacet
facet normal 0 0 0
outer loop
vertex 0.8090169943749475 0.5000000000000001 -0.30901699437494745
vertex 0.7594638151136077 0.4693744509658756 -0.4504468207386602
vertex 0.7099106358522679 0.5991063585226795 -0.37026809244319614
endloop
endfacet
facet normal 0 0 0
outer loop
vertex 0.6881909602355868 0.42532540417601994 -0.5877852522924731
vertex 0.6465777917977317 0.5642542117657714 -0.5133754412304479
vertex 0.7594638151136077 0.4693744509658756 -0.4504468207386602
endloop
endfacet
facet normal 0 0 0
outer loop
vertex 0.5877852522924731 0.6881909602355868 -0.42532540417601994
vertex 0.7099106358522679 0.5991063585226795 -0.37026809244319614
vertex 0.6465777917977317 0.5642542117657714 -0.5133754412304479
endloop
endfacet
facet normal 0 0 0
outer loop
vertex 0.7594638151136077 0.4693744509658756 -0.4504468207386602
vertex 0.6465777917977317 0.5642542117657714 -0.5133754412304479
vertex 0.7099106358522679 0.5991063585226795 -0.37026809244319614
endloop
endfacet
facet normal 0 0 0
outer loop
vertex 0.5000000000000001 0.30901699437494745 -0.8090169943749475
vertex 0.4693744509658756 0.4504468207386602 -0.7594638151136077
vertex 0.5991063585226795 0.37026809244319614 -0.7099106358522679
endloop
endfacet
facet normal 0 0 0
outer loop
vertex 0.42532540417601994 0.5877852522924731 -0.6881909602355868
vertex 0.5642542117657714 0.5133754412304479 -0.6465777917977317
vertex 0.4693744509658756 0.4504468207386602 -0.7594638151136077
endloop
endfacet
facet normal 0 0 0
outer loop
vertex 0.6881909602355868 0.42532540417601994 -0.5877852522924731
vertex 0.5991063585226795 0.37026809244319614 -0.7099106358522679
vertex 0.5642542117657714 0.5133754412304479 -0.6465777917977317
endloop
endfacet
facet normal 0 0 0
outer loop
vertex 0.4693744509658756 0.4504468207386602 -0.7594638151136077
vertex 0.5642542117657714 0.5133754412304479 -0.6465777917977317
vertex 0.5991063585226795 0.37026809244319614 -0.7099106358522679
endloop
endfacet
facet normal 0 0 0
outer loop
vertex 0.5877852522924731 0.6881909602355868 -0.42532540417601994
vertex 0.6465777917977317 0.5642542117657714 -0.5133754412304479
vertex 0.5133754412304479 0.6465777917977317 -0.5642542117657714
endloop
endfacet
facet normal 0 0 0
outer loop
vertex 0.6881909602355868 0.42532540417601994 -0.5877852522924731
vertex 0.5642542117657714 0.5133754412304479 -0.6465777917977317
vertex 0.6465777917977317 0.5642542117657714 -0.5133754412304479
endloop
endfacet
facet normal 0 0 0
outer loop
vertex 0.42532540417601994 0.5877852522924731 -0.6881909602355868
vertex 0.5133754412304479 0.6465777917977317 -0.5642542117657714
vertex 0.5642542117657714 0.5133754412304479 -0.6465777917977317
endloop
endfacet
facet normal 0 0 0
outer loop
vertex 0.6465777917977317 0.5642542117657714 -0.5133754412304479
vertex 0.5642542117657714 0.5133754412304479 -0.6465777917977317
vertex 0.5133754412304479 0.6465777917977317 -0.5642542117657714
endloop
endfacet
facet normal 0 0 0
outer loop
vertex 0.5257311121191336 -0.85065080835204 0.0
vertex 0.6040434718285418 -0.7938632042573209 0.07009063466413208
vertex 0.49063444264892453 -0.863953838921453 0.11340902917961729
endloop
endfacet
facet normal 0 0 0
outer loop
vertex 0.6817183540715489 -0.7165669224151787 0.1476209044221631
vertex 0.5685192202902352 -0.7991326580327286 0.1953788397604234
vertex 0.6040434718285418 -0.7938632042573209 0.07009063466413208
endloop
endfacet
facet normal 0 0 0
outer loop
vertex 0.4428627132664894 -0.864187826837342 0.2388556408050596
vertex 0.49063444264892453 -0.863953838921453 0.11340902917961729
vertex 0.5685192202902352 -0.7991326580327286 0.1953788397604234
endloop
endfacet
facet normal 0 0 0
outer loop
vertex 0.6040434718285418 -0.7938632042573209 0.07009063466413208
vertex 0.5685192202902352 -0.7991326580327286 0.1953788397604234
vertex 0.49063444264892453 -0.863953838921453 0.11340902917961729
endloop
endfacet
facet normal 0 0 0
outer loop
vertex 0.8090169943749475 -0.5000000000000001 0.30901699437494745
vertex 0.7099106358522679 -0.5991063585226795 0.37026809244319614
vertex 0.7523439028017583 -0.6176706970007558 0.2290448907607829
endloop
endfacet
facet normal 0 0 0
outer loop
vertex 0.5877852522924731 -0.6881909602355868 0.42532540417601994
vertex 0.6440048006169802 -0.7107897965621175 0.28290578270064953
vertex 0.7099106358522679 -0.5991063585226795 0.37026809244319614
endloop
endfacet
facet normal 0 0 0
outer loop
vertex 0.6817183540715489 -0.7165669224151787 0.1476209044221631
vertex 0.7523439028017583 -0.6176706970007558 0.2290448907607829
vertex 0.6440048006169802 -0.7107897965621175 0.28290578270064953
endloop
endfacet
facet normal 0 0 0
outer loop
vertex 0.7099106358522679 -0.5991063585226795 0.37026809244319614
vertex 0.6440048006169802 -0.7107897965621175 0.28290578270064953
vertex 0.7523439028017583 -0.6176706970007558 0.2290448907607829
endloop
endfacet
facet normal 0 0 0
outer loop
vertex 0.3090169943749474 -0.8090169943749473 0.5
vertex 0.38174148460130475 -0.8467155877615387 0.3706024182004535
vertex 0.45044682073866027 -0.7594638151136078 0.46937445096587566
endloop
endfacet
facet normal 0 0 0
outer loop
vertex 0.4428627132664894 -0.864187826837342 0.2388556408050596
vertex 0.5174854883476929 -0.7889830317777986 0.33123185975425573
vertex 0.38174148460130475 -0.8467155877615387 0.3706024182004535
endloop
endfacet
facet normal 0 0 0
outer loop
vertex 0.5877852522924731 -0.6881909602355868 0.42532540417601994
vertex 0.45044682073866027 -0.7594638151136078 0.46937445096587566
vertex 0.5174854883476929 -0.7889830317777986 0.33123185975425573
endloop
endfacet
facet normal 0 0 0
outer loop
vertex 0.38174148460130475 -0.8467155877615387 0.3706024182004535
vertex 0.5174854883476929 -0.7889830317777986 0.33123185975425573
vertex 0.45044682073866027 -0.7594638151136078 0.46937445096587566
endloop
endfacet
facet normal 0 0 0
outer loop
vertex 0.6817183540715489 -0.7165669224151787 0.1476209044221631
vertex 0.6440048006169802 -0.7107897965621175 0.28290578270064953
vertex 0.5685192202902352 -0.7991326580327286 0.1953788397604234
endloop
endfacet
facet normal 0 0 0
outer loop
vertex 0.5877852522924731 -0.6881909602355868 0.42532540417601994
vertex 0.5174854883476929 -0.7889830317777986 0.33123185975425573
vertex 0.6440048006169802 -0.7107897965621175 0.28290578270064953
endloop
endfacet
facet normal 0 0 0
outer loop
vertex 0.4428627132664894 -0.864187826837342 0.2388556408050596
vertex 0.5685192202902352 -0.7991326580327286 0.1953788397604234
vertex 0.5174854883476929 -0.7889830317777986 0.33123185975425573
endloop
endfacet
facet normal 0 0 0
outer loop
vertex 0.6440048006169802 -0.7107897965621175 0.28290578270064953
vertex 0.5174854883476929 -0.7889830317777986 0.33123185975425573
vertex 0.5685192202902352 -0.7991326580327286 0.1953788397604234
endloop
endfacet
facet normal 0 0 0
outer loop
vertex 0.85065080835204 0.0 0.5257311121191336
vertex 0.7938632042573209 -0.07009063466413208 0.6040434718285418
vertex 0.863953838921453 -0.11340902917961729 0.49063444264892453
endloop
endfacet
facet normal 0 0 0
outer loop
vertex 0.7165669224151787 -0.1476209044221631 0.6817183540715489
vertex 0.7991326580327285 -0.19537883976042336 0.5685192202902352
vertex 0.7938632042573209 -0.07009063466413208 0.6040434718285418
endloop
endfacet
facet normal 0 0 0
outer loop
vertex 0.864187826837342 -0.2388556408050596 0.4428627132664894
vertex 0.863953838921453 -0.11340902917961729 0.49063444264892453
vertex 0.7991326580327285 -0.19537883976042336 0.5685192202902352
endloop
endfacet
facet normal 0 0 0
outer loop
vertex 0.7938632042573209 -0.07009063466413208 0.6040434718285418
vertex 0.7991326580327285 -0.19537883976042336 0.5685192202902352
vertex 0.863953838921453 -0.11340902917961729 0.49063444264892453
endloop
endfacet
facet normal 0 0 0
outer loop
vertex 0.5000000000000001 -0.30901699437494745 0.8090169943749475
vertex 0.5991063585226795 -0.37026809244319614 0.7099106358522679
vertex 0.6176706970007557 -0.22904489076078288 0.7523439028017582
endloop
endfacet
facet normal 0 0 0
outer loop
vertex 0.6881909602355868 -0.42532540417601994 0.5877852522924731
vertex 0.7107897965621175 -0.28290578270064953 0.6440048006169802
vertex 0.5991063585226795 -0.37026809244319614 0.7099106358522679
endloop
endfacet
facet normal 0 0 0
outer loop
vertex 0.7165669224151787 -0.1476209044221631 0.6817183540715489
vertex 0.6176706970007557 -0.22904489076078288 0.7523439028017582
vertex 0.7107897965621175 -0.28290578270064953 0.6440048006169802
endloop
endfacet
facet normal 0 0 0
outer loop
vertex 0.5991063585226795 -0.37026809244319614 0.7099106358522679
vertex 0.7107897965621175 -0.28290578270064953 0.6440048006169802
vertex 0.6176706970007557 -0.22904489076078288 0.7523439028017582
endloop
endfacet
facet normal 0 0 0
outer loop
vertex 0.8090169943749475 -0.5000000000000001 0.30901699437494745
vertex 0.8467155877615387 -0.3706024182004535 0.38174148460130475
vertex 0.7594638151136077 -0.4693744509658756 0.4504468207386602
endloop
endfacet
facet normal 0 0 0
outer loop
vertex 0.864187826837342 -0.2388556408050596 0.4428627132664894
vertex 0.7889830317777986 -0.33123185975425573 0.5174854883476929
vertex 0.8467155877615387 -0.3706024182004535 0.38174148460130475
endloop
endfacet
facet normal 0 0 0
outer loop
vertex 0.6881909602355868 -0.42532540417601994 0.5877852522924731
vertex 0.7594638151136077 -0.4693744509658756 0.4504468207386602
vertex 0.7889830317777986 -0.33123185975425573 0.5174854883476929
endloop
endfacet
facet normal 0 0 0
outer loop
vertex 0.8467155877615387 -0.3706024182004535 0.38174148460130475
vertex 0.7889830317777986 -0.33123185975425573 0.5174854883476929
vertex 0.7594638151136077 -0.4693744509658756 0.4504468207386602
endloop
endfacet
facet normal 0 0 0
outer loop
vertex 0.7165669224151787 -0.1476209044221631 0.6817183540715489
vertex 0.7107897965621175 -0.28290578270064953 0.6440048006169802
vertex 0.7991326580327285 -0.19537883976042336 0.5685192202902352
endloop
endfacet
facet normal 0 0 0
outer loop
vertex 0.6881909602355868 -0.42532540417601994 0.5877852522924731
vertex 0.7889830317777986 -0.33123185975425573 0.5174854883476929
vertex 0.7107897965621175 -0.28290578270064953 0.6440048006169802
endloop
endfacet
facet normal 0 0 0
outer loop
vertex 0.864187826837342 -0.2388556408050596 0.4428627132664894
vertex 0.7991326580327285 -0.19537883976042336 0.5685192202902352
vertex 0.7889830317777986 -0.33123185975425573 0.5174854883476929
endloop
endfacet
facet normal 0 0 0
outer loop
vertex 0.7107897965621175 -0.28290578270064953 0.6440048006169802
vertex 0.7889830317777986 -0.33123185975425573 0.5174854883476929
vertex 0.7991326580327285 -0.19537883976042336 0.5685192202902352
endloop
endfacet
facet normal 0 0 0
outer loop
vertex 0.0 -0.5257311121191336 0.85065080835204
vertex 0.07009063466413208 -0.6040434718285418 0.7938632042573209
vertex 0.11340902917961729 -0.49063444264892453 0.863953838921453
endloop
endfacet
facet normal 0 0 0
outer loop
vertex 0.1476209044221631 -0.6817183540715489 0.7165669224151787
vertex 0.19537883976042336 -0.5685192202902352 0.7991326580327285
vertex 0.07009063466413208 -0.6040434718285418 0.7938632042573209
endloop
endfacet
facet normal 0 0 0
outer loop
vertex 0.2388556408050596 -0.4428627132664894 0.864187826837342
vertex 0.11340902917961729 -0.49063444264892453 0.863953838921453
vertex 0.19537883976042336 -0.5685192202902352 0.7991326580327285
endloop
endfacet
facet normal 0 0 0
outer loop
vertex 0.07009063466413208 -0.6040434718285418 0.7938632042573209
vertex 0.19537883976042336 -0.5685192202902352 0.7991326580327285
vertex 0.11340902917961729 -0.49063444264892453 0.863953838921453
endloop
endfacet
facet normal 0 0 0
outer loop
vertex 0.3090169943749474 -0.8090169943749473 0.5
vertex 0.37026809244319614 -0.7099106358522679 0.5991063585226795
vertex 0.22904489076078288 -0.7523439028017582 0.6176706970007557
endloop
endfacet
facet normal 0 0 0
outer loop
vertex 0.42532540417601994 -0.5877852522924731 0.6881909602355868
vertex 0.28290578270064953 -0.6440048006169802 0.7107897965621175
vertex 0.37026809244319614 -0.7099106358522679 0.5991063585226795
endloop
endfacet
facet normal 0 0 0
outer loop
vertex 0.1476209044221631 -0.6817183540715489 0.7165669224151787
vertex 0.22904489076078288 -0.7523439028017582 0.6176706970007557
vertex 0.28290578270064953 -0.6440048006169802 0.7107897965621175
endloop
endfacet
facet normal 0 0 0
outer loop
vertex 0.37026809244319614 -0.7099106358522679 0.5991063585226795
vertex 0.28290578270064953 -0.6440048006169802 0.7107897965621175
vertex 0.22904489076078288 -0.7523439028017582 0.6176706970007557
endloop
endfacet
facet normal 0 0 0
outer loop
vertex 0.5000000000000001 -0.30901699437494745 0.8090169943749475
vertex 0.3706024182004535 -0.38174148460130475 0.8467155877615387
vertex 0.4693744509658756 -0.4504468207386602 0.7594638151136077
endloop
endfacet
facet normal 0 0 0
outer loop
vertex 0.2388556408050596 -0.4428627132664894 0.864187826837342
vertex 0.33123185975425573 -0.5174854883476929 0.7889830317777986
vertex 0.3706024182004535 -0.38174148460130475 0.8467155877615387
endloop
endfacet
facet normal 0 0 0
outer loop
vertex 0.42532540417601994 -0.5877852522924731 0.6881909602355868
vertex 0.4693744509658756 -0.4504468207386602 0.7594638151136077
vertex 0.33123185975425573 -0.5174854883476929 0.7889830317777986
endloop
endfacet
facet normal 0 0 0
outer loop
vertex 0.3706024182004535 -0.38174148460130475 0.8467155877615387
vertex 0.33123185975425573 -0.5174854883476929 0.7889830317777986
vertex 0.4693744509658756 -0.4504468207386602 0.7594638151136077
endloop
endfacet
facet normal 0 0 0
outer loop
vertex 0.1476209044221631 -0.6817183540715489 0.7165669224151787
vertex 0.28290578270064953 -0.6440048006169802 0.7107897965621175
vertex 0.19537883976042336 -0.5685192202902352 0.7991326580327285
endloop
endfacet
facet normal 0 0 0
outer loop
vertex 0.42532540417601994 -0.5877852522924731 0.6881909602355868
vertex 0.33123185975425573 -0.5174854883476929 0.7889830317777986
vertex 0.28290578270064953 -0.6440048006169802 0.7107897965621175
endloop
endfacet
facet normal 0 0 0
outer loop
vertex 0.2388556408050596 -0.4428627132664894 0.864187826837342
vertex 0.19537883976042336 -0.5685192202902352 0.7991326580327285
vertex 0.33123185975425573 -0.5174854883476929 0.7889830317777986
endloop
endfacet
facet normal 0 0 0
outer loop
vertex 0.28290578270064953 -0.6440048006169802 0.7107897965621175
vertex 0.33123185975425573 -0.5174854883476929 0.7889830317777986
vertex 0.19537883976042336 -0.5685192202902352 0.7991326580327285
endloop
endfacet
facet normal 0 0 0
outer loop
vertex 0.8090169943749475 -0.5000000000000001 0.30901699437494745
vertex 0.7594638151136077 -0.4693744509658756 0.4504468207386602
vertex 0.7099106358522679 -0.5991063585226795 0.37026809244319614
endloop
endfacet
facet normal 0 0 0
outer loop
vertex 0.6881909602355868 -0.42532540417601994 0.5877852522924731
vertex 0.6465777917977317 -0.5642542117657714 0.5133754412304479
vertex 0.7594638151136077 -0.4693744509658756 0.4504468207386602
endloop
endfacet
facet normal 0 0 0
outer loop
vertex 0.5877852522924731 -0.6881909602355868 0.42532540417601994
vertex 0.7099106358522679 -0.5991063585226795 0.37026809244319614
vertex 0.6465777917977317 -0.5642542117657714 0.5133754412304479
endloop
endfacet
facet normal 0 0 0
outer loop
vertex 0.7594638151136077 -0.4693744509658756 0.4504468207386602
vertex 0.6465777917977317 -0.5642542117657714 0.5133754412304479
vertex 0.7099106358522679 -0.5991063585226795 0.37026809244319614
endloop
endfacet
facet normal 0 0 0
outer loop
vertex 0.5000000000000001 -0.30901699437494745 0.8090169943749475
vertex 0.4693744509658756 -0.4504468207386602 0.7594638151136077
vertex 0.5991063585226795 -0.37026809244319614 0.7099106358522679
endloop
endfacet
facet normal 0 0 0
outer loop
vertex 0.42532540417601994 -0.5877852522924731 0.6881909602355868
vertex 0.5642542117657714 -0.5133754412304479 0.6465777917977317
vertex 0.4693744509658756 -0.4504468207386602 0.7594638151136077
endloop
endfacet
facet normal 0 0 0
outer loop
vertex 0.6881909602355868 -0.42532540417601994 0.5877852522924731
vertex 0.5991063585226795 -0.37026809244319614 0.7099106358522679
vertex 0.5642542117657714 -0.5133754412304479 0.6465777917977317
endloop
endfacet
facet normal 0 0 0
outer loop
vertex 0.4693744509658756 -0.4504468207386602 0.7594638151136077
vertex 0.5642542117657714 -0.5133754412304479 0.6465777917977317
vertex 0.5991063585226795 -0.37026809244319614 0.7099106358522679
endloop
endfacet
facet normal 0 0 0
outer loop
vertex 0.3090169943749474 -0.8090169943749473 0.5
vertex 0.45044682073866027 -0.7594638151136078 0.46937445096587566
vertex 0.37026809244319614 -0.7099106358522679 0.5991063585226795
endloop
endfacet
facet normal 0 0 0
outer loop
vertex 0.5877852522924731 -0.6881909602355868 0.42532540417601994
vertex 0.5133754412304479 -0.6465777917977317 0.5642542117657714
vertex 0.45044682073866027 -0.7594638151136078 0.46937445096587566
endloop
endfacet
facet normal 0 0 0
outer loop
vertex 0.42532540417601994 -0.5877852522924731 0.6881909602355868
vertex 0.37026809244319614 -0.7099106358522679 0.5991063585226795
vertex 0.5133754412304479 -0.6465777917977317 0.5642542117657714
endloop
endfacet
facet normal 0 0 0
outer loop
vertex 0.45044682073866027 -0.7594638151136078 0.46937445096587566
vertex 0.5133754412304479 -0.6465777917977317 0.5642542117657714
vertex 0.37026809244319614 -0.7099106358522679 0.5991063585226795
endloop
endfacet
facet normal 0 0 0
outer loop
vertex 0.6881909602355868 -0.42532540417601994 0.5877852522924731
vertex 0.5642542117657714 -0.5133754412304479 0.6465777917977317
vertex 0.6465777917977317 -0.5642542117657714 0.5133754412304479
endloop
endfacet
facet normal 0 0 0
outer loop
vertex 0.42532540417601994 -0.5877852522924731 0.6881909602355868
vertex 0.5133754412304479 -0.6465777917977317 0.5642542117657714
vertex 0.5642542117657714 -0.5133754412304479 0.6465777917977317
endloop
endfacet
facet normal 0 0 0
outer loop
vertex 0.5877852522924731 -0.6881909602355868 0.42532540417601994
vertex 0.6465777917977317 -0.5642542117657714 0.5133754412304479
vertex 0.5133754412304479 -0.6465777917977317 0.5642542117657714
endloop
endfacet
facet normal 0 0 0
outer loop
vertex 0.5642542117657714 -0.5133754412304479 0.6465777917977317
vertex 0.5133754412304479 -0.6465777917977317 0.5642542117657714
vertex 0.6465777917977317 -0.5642542117657714 0.5133754412304479
endloop
endfacet
facet normal 0 0 0
outer loop
vertex 0.5257311121191336 -0.85065080835204 0.0
vertex 0.49063444264892453 -0.863953838921453 0.11340902917961729
vertex 0.4205438079847925 -0.9072722334369383 0.0
endloop
endfacet
facet normal 0 0 0
outer loop
vertex 0.4428627132664894 -0.864187826837342 0.2388556408050596
vertex 0.3731403805298118 -0.9198834216871895 0.12075076365446102
vertex 0.49063444264892453 -0.863953838921453 0.11340902917961729
endloop
endfacet
facet normal 0 0 0
outer loop
vertex 0.29524180884432627 -0.9554225632202384 0.0
vertex 0.4205438079847925 -0.9072722334369383 0.0
vertex 0.3731403805298118 -0.9198834216871895 0.12075076365446102
endloop
endfacet
facet normal 0 0 0
outer loop
vertex 0.49063444264892453 -0.863953838921453 0.11340902917961729
vertex 0.3731403805298118 -0.9198834216871895 0.12075076365446102
vertex 0.4205438079847925 -0.9072722334369383 0.0
endloop
endfacet
facet normal 0 0 0
outer loop
vertex 0.3090169943749474 -0.8090169943749473 0.5
vertex 0.24053618488639233 -0.8891957226704116 0.3891957226704116
vertex 0.38174148460130475 -0.8467155877615387 0.3706024182004535
endloop
endfacet
facet normal 0 0 0
outer loop
vertex 0.16245984811645314 -0.9510565162951536 0.2628655560595668
vertex 0.31277294086272456 -0.9155023440470861 0.2530386245385746
vertex 0.24053618488639233 -0.8891957226704116 0.3891957226704116
endloop
endfacet
facet normal 0 0 0
outer loop
vertex 0.4428627132664894 -0.864187826837342 0.2388556408050596
vertex 0.38174148460130475 -0.8467155877615387 0.3706024182004535
vertex 0.31277294086272456 -0.9155023440470861 0.2530386245385746
endloop
endfacet
facet normal 0 0 0
outer loop
vertex 0.24053618488639233 -0.8891957226704116 0.3891957226704116
vertex 0.31277294086272456 -0.9155023440470861 0.2530386245385746
vertex 0.38174148460130475 -0.8467155877615387 0.3706024182004535
endloop
endfacet
facet normal 0 0 0
outer loop
vertex 0.0 -1.0 0.0
vertex 0.15269659384052192 -0.9882731152012093 0.0
vertex 0.0801787282954641 -0.988302081193091 0.12973190755680386
endloop
endfacet
facet normal 0 0 0
outer loop
vertex 0.29524180884432627 -0.9554225632202384 0.0
vertex 0.2345797056470434 -0.9638284211006921 0.12651931226928728
vertex 0.15269659384052192 -0.9882731152012093 0.0
endloop
endfacet
facet normal 0 0 0
outer loop
vertex 0.16245984811645314 -0.9510565162951536 0.2628655560595668
vertex 0.0801787282954641 -0.988302081193091 0.12973190755680386
vertex 0.2345797056470434 -0.9638284211006921 0.12651931226928728
endloop
endfacet
facet normal 0 0 0
outer loop
vertex 0.15269659384052192 -0.9882731152012093 0.0
vertex 0.2345797056470434 -0.9638284211006921 0.12651931226928728
vertex 0.0801787282954641 -0.988302081193091 0.12973190755680386
endloop
endfacet
facet normal 0 0 0
outer loop
vertex 0.4428627132664894 -0.864187826837342 0.2388556408050596
vertex 0.31277294086272456 -0.9155023440470861 0.2530386245385746
vertex 0.3731403805298118 -0.9198834216871895 0.12075076365446102
endloop
endfacet
facet normal 0 0 0
outer loop
vertex 0.16245984811645314 -0.9510565162951536 0.2628655560595668
vertex 0.2345797056470434 -0.9638284211006921 0.12651931226928728
vertex 0.31277294086272456 -0.9155023440470861 0.2530386245385746
endloop
endfacet
facet normal 0 0 0
outer loop
vertex 0.29524180884432627 -0.9554225632202384 0.0
vertex 0.3731403805298118 -0.9198834216871895 0.12075076365446102
vertex 0.2345797056470434 -0.9638284211006921 0.12651931226928728
endloop
endfacet
facet normal 0 0 0
outer loop
vertex 0.31277294086272456 -0.9155023440470861 0.2530386245385746
vertex 0.2345797056470434 -0.9638284211006921 0.12651931226928728
vertex 0.3731403805298118 -0.9198834216871895 0.12075076365446102
endloop
endfacet
facet normal 0 0 0
outer loop
vertex 0.0 -0.5257311121191336 0.85065080835204
vertex -0.07009063466413208 -0.6040434718285418 0.7938632042573209
vertex 0.07009063466413208 -0.6040434718285418 0.7938632042573209
endloop
endfacet
facet normal 0 0 0
outer loop
vertex -0.1476209044221631 -0.6817183540715489 0.7165669224151787
vertex 0.0 -0.6892699839446963 0.7245045819267661
vertex -0.07009063466413208 -0.6040434718285418 0.7938632042573209
endloop
endfacet
facet normal 0 0 0
outer loop
vertex 0.1476209044221631 -0.6817183540715489 0.7165669224151787
vertex 0.07009063466413208 -0.6040434718285418 0.7938632042573209
vertex 0.0 -0.6892699839446963 0.7245045819267661
endloop
endfacet
facet normal 0 0 0
outer loop
vertex -0.07009063466413208 -0.6040434718285418 0.7938632042573209
vertex 0.0 -0.6892699839446963 0.7245045819267661
vertex 0.07009063466413208 -0.6040434718285418 0.7938632042573209
endloop
endfacet
facet normal 0 0 0
outer loop
vertex -0.3090169943749474 -0.8090169943749473 0.5
vertex -0.1603574565909282 -0.8396425434090719 0.5189276302272154
vertex -0.22904489076078288 -0.7523439028017582 0.6176706970007557
endloop
endfacet
facet normal 0 0 0
outer loop
vertex 0.0 -0.8506508083520399 0.5257311121191336
vertex -0.07819323521568113 -0.7705241128862674 0.6325965613464364
vertex -0.1603574565909282 -0.8396425434090719 0.5189276302272154
endloop
endfacet
facet normal 0 0 0
outer loop
vertex -0.1476209044221631 -0.6817183540715489 0.7165669224151787
vertex -0.22904489076078288 -0.7523439028017582 0.6176706970007557
vertex -0.07819323521568113 -0.7705241128862674 0.6325965613464364
endloop
endfacet
facet normal 0 0 0
outer loop
vertex -0.1603574565909282 -0.8396425434090719 0.5189276302272154
vertex -0.07819323521568113 -0.7705241128862674 0.6325965613464364
vertex -0.22904489076078288 -0.7523439028017582 0.6176706970007557
endloop
endfacet
facet normal 0 0 0
outer loop
vertex 0.3090169943749474 -0.8090169943749473 0.5
vertex 0.22904489076078288 -0.7523439028017582 0.6176706970007557
vertex 0.1603574565909282 -0.8396425434090719 0.5189276302272154
endloop
endfacet
facet normal 0 0 0
outer loop
vertex 0.1476209044221631 -0.6817183540715489 0.7165669224151787
vertex 0.07819323521568113 -0.7705241128862674 0.6325965613464364
vertex 0.22904489076078288 -0.7523439028017582 0.6176706970007557
endloop
endfacet
facet normal 0 0 0
outer loop
vertex 0.0 -0.8506508083520399 0.5257311121191336
vertex 0.1603574565909282 -0.8396425434090719 0.5189276302272154
vertex 0.07819323521568113 -0.7705241128862674 0.6325965613464364
endloop
endfacet
facet normal 0 0 0
outer loop
vertex 0.22904489076078288 -0.7523439028017582 0.6176706970007557
vertex 0.07819323521568113 -0.7705241128862674 0.6325965613464364
vertex 0.1603574565909282 -0.8396425434090719 0.5189276302272154
endloop
endfacet
facet normal 0 0 0
outer loop
vertex -0.1476209044221631 -0.6817183540715489 0.7165669224151787
vertex -0.07819323521568113 -0.7705241128862674 0.6325965613464364
vertex 0.0 -0.6892699839446963 0.7245045819267661
endloop
endfacet
facet normal 0 0 0
outer loop
vertex 0.0 -0.8506508083520399 0.5257311121191336
vertex 0.07819323521568113 -0.7705241128862674 0.6325965613464364
vertex -0.07819323521568113 -0.7705241128862674 0.6325965613464364
endloop
endfacet
facet normal 0 0 0
outer loop
vertex 0.1476209044221631 -0.6817183540715489 0.7165669224151787
vertex 0.0 -0.6892699839446963 0.7245045819267661
vertex 0.07819323521568113 -0.7705241128862674 0.6325965613464364
endloop
endfacet
facet normal 0 0 0
outer loop
vertex -0.07819323521568113 -0.7705241128862674 0.6325965613464364
vertex 0.07819323521568113 -0.7705241128862674 0.6325965613464364
vertex 0.0 -0.6892699839446963 0.7245045819267661
endloop
endfacet
facet normal 0 0 0
outer loop
vertex -0.5257311121191336 -0.85065080835204 0.0
vertex -0.4205438079847925 -0.9072722334369383 0.0
vertex -0.49063444264892453 -0.863953838921453 0.11340902917961729
endloop
endfacet
facet normal 0 0 0
outer loop
vertex -0.29524180884432627 -0.9554225632202384 0.0
vertex -0.3731403805298118 -0.9198834216871895 0.12075076365446102
vertex -0.4205438079847925 -0.9072722334369383 0.0
endloop
endfacet
facet normal 0 0 0
outer loop
vertex -0.4428627132664894 -0.864187826837342 0.2388556408050596
vertex -0.49063444264892453 -0.863953838921453 0.11340902917961729
vertex -0.3731403805298118 -0.9198834216871895 0.12075076365446102
endloop
endfacet
facet normal 0 0 0
outer loop
vertex -0.4205438079847925 -0.9072722334369383 0.0
vertex -0.3731403805298118 -0.9198834216871895 0.12075076365446102
vertex -0.49063444264892453 -0.863953838921453 0.11340902917961729
endloop
endfacet
facet normal 0 0 0
outer loop
vertex 0.0 -1.0 0.0
vertex -0.0801787282954641 -0.988302081193091 0.12973190755680386
vertex -0.15269659384052192 -0.9882731152012093 0.0
endloop
endfacet
facet normal 0 0 0
outer loop
vertex -0.16245984811645314 -0.9510565162951536 0.2628655560595668
vertex -0.2345797056470434 -0.9638284211006921 0.12651931226928728
vertex -0.0801787282954641 -0.988302081193091 0.12973190755680386
endloop
endfacet
facet normal 0 0 0
outer loop
vertex -0.29524180884432627 -0.9554225632202384 0.0
vertex -0.15269659384052192 -0.9882731152012093 0.0
vertex -0.2345797056470434 -0.9638284211006921 0.12651931226928728
endloop
endfacet
facet normal 0 0 0
outer loop
vertex -0.0801787282954641 -0.988302081193091 0.12973190755680386
vertex -0.2345797056470434 -0.9638284211006921 0.12651931226928728
vertex -0.15269659384052192 -0.9882731152012093 0.0
endloop
endfacet
facet normal 0 0 0
outer loop
vertex -0.3090169943749474 -0.8090169943749473 0.5
vertex -0.38174148460130475 -0.8467155877615387 0.3706024182004535
vertex -0.24053618488639233 -0.8891957226704116 0.3891957226704116
endloop
endfacet
facet normal 0 0 0
outer loop
vertex -0.4428627132664894 -0.864187826837342 0.2388556408050596
vertex -0.31277294086272456 -0.9155023440470861 0.2530386245385746
vertex -0.38174148460130475 -0.8467155877615387 0.3706024182004535
endloop
endfacet
facet normal 0 0 0
outer loop
vertex -0.16245984811645314 -0.9510565162951536 0.2628655560595668
vertex -0.24053618488639233 -0.8891957226704116 0.3891957226704116
vertex -0.31277294086272456 -0.9155023440470861 0.2530386245385746
endloop
endfacet
facet normal 0 0 0
outer loop
vertex -0.38174148460130475 -0.8467155877615387 0.3706024182004535
vertex -0.31277294086272456 -0.9155023440470861 0.2530386245385746
vertex -0.24053618488639233 -0.8891957226704116 0.3891957226704116
endloop
endfacet
facet normal 0 0 0
outer loop
vertex -0.29524180884432627 -0.9554225632202384 0.0
vertex -0.2345797056470434 -0.9638284211006921 0.12651931226928728
vertex -0.3731403805298118 -0.9198834216871895 0.12075076365446102
endloop
endfacet
facet normal 0 0 0
outer loop
vertex -0.16245984811645314 -0.9510565162951536 0.2628655560595668
vertex -0.31277294086272456 -0.9155023440470861 0.2530386245385746
vertex -0.2345797056470434 -0.9638284211006921 0.12651931226928728
endloop
endfacet
facet normal 0 0 0
outer loop
vertex -0.4428627132664894 -0.864187826837342 0.2388556408050596
vertex -0.3731403805298118 -0.9198834216871895 0.12075076365446102
vertex -0.31277294086272456 -0.9155023440470861 0.2530386245385746
endloop
endfacet
facet normal 0 0 0
outer loop
vertex -0.2345797056470434 -0.9638284211006921 0.12651931226928728
vertex -0.31277294086272456 -0.9155023440470861 0.2530386245385746
vertex -0.3731403805298118 -0.9198834216871895 0.12075076365446102
endloop
endfacet
facet normal 0 0 0
outer loop
vertex 0.3090169943749474 -0.8090169943749473 0.5
vertex 0.1603574565909282 -0.8396425434090719 0.5189276302272154
vertex 0.24053618488639233 -0.8891957226704116 0.3891957226704116
endloop
endfacet
facet normal 0 0 0
outer loop
vertex 0.0 -0.8506508083520399 0.5257311121191336
vertex 0.08232358003196016 -0.912982492932299 0.3996070517018511
vertex 0.1603574565909282 -0.8396425434090719 0.5189276302272154
endloop
endfacet
facet normal 0 0 0
outer loop
vertex 0.16245984811645314 -0.9510565162951536 0.2628655560595668
vertex 0.24053618488639233 -0.8891957226704116 0.3891957226704116
vertex 0.08232358003196016 -0.912982492932299 0.3996070517018511
endloop
endfacet
facet normal 0 0 0
outer loop
vertex 0.1603574565909282 -0.8396425434090719 0.5189276302272154
vertex 0.08232358003196016 -0.912982492932299 0.3996070517018511
vertex 0.24053618488639233 -0.8891957226704116 0.3891957226704116
endloop
endfacet
facet normal 0 0 0
outer loop
vertex -0.3090169943749474 -0.8090169943749473 0.5
vertex -0.24053618488639233 -0.8891957226704116 0.3891957226704116
vertex -0.1603574565909282 -0.8396425434090719 0.5189276302272154
endloop
endfacet
facet normal 0 0 0
outer loop
vertex -0.16245984811645314 -0.9510565162951536 0.2628655560595668
vertex -0.08232358003196016 -0.912982492932299 0.3996070517018511
vertex -0.24053618488639233 -0.8891957226704116 0.3891957226704116
endloop
endfacet
facet normal 0 0 0
outer loop
vertex 0.0 -0.8506508083520399 0.5257311121191336
vertex -0.1603574565909282 -0.8396425434090719 0.5189276302272154
vertex -0.08232358003196016 -0.912982492932299 0.3996070517018511
endloop
endfacet
facet normal 0 0 0
outer loop
vertex -0.24053618488639233 -0.8891957226704116 0.3891957226704116
vertex -0.08232358003196016 -0.912982492932299 0.3996070517018511
vertex -0.1603574565909282 -0.8396425434090719 0.5189276302272154
endloop
endfacet
facet normal 0 0 0
outer loop
vertex 0.0 -1.0 0.0
vertex 0.0801787282954641 -0.988302081193091 0.12973190755680386
vertex -0.0801787282954641 -0.988302081193091 0.12973190755680386
endloop
endfacet
facet normal 0 0 0
outer loop
vertex 0.16245984811645314 -0.9510565162951536 0.2628655560595668
vertex 0.0 -0.9638612634676227 0.26640470113456743
vertex 0.0801787282954641 -0.988302081193091 0.12973190755680386
endloop
endfacet
facet normal 0 0 0
outer loop
vertex -0.16245984811645314 -0.9510565162951536 0.2628655560595668
vertex -0.0801787282954641 -0.988302081193091 0.12973190755680386
vertex 0.0 -0.9638612634676227 0.26640470113456743
endloop
endfacet
facet normal 0 0 0
outer loop
vertex 0.0801787282954641 -0.988302081193091 0.12973190755680386
vertex 0.0 -0.9638612634676227 0.26640470113456743
vertex -0.0801787282954641 -0.988302081193091 0.12973190755680386
endloop
endfacet
facet normal 0 0 0
outer loop
vertex 0.0 -0.8506508083520399 0.5257311121191336
vertex -0.08232358003196016 -0.912982492932299 0.3996070517018511
vertex 0.08232358003196016 -0.912982492932299 0.3996070517018511
endloop
endfacet
facet normal 0 0 0
outer loop
vertex -0.16245984811645314 -0.9510565162951536 0.2628655560595668
vertex 0.0 -0.9638612634676227 0.26640470113456743
vertex -0.08232358003196016 -0.912982492932299 0.3996070517018511
endloop
endfacet
facet normal 0 0 0
outer loop
vertex 0.16245984811645314 -0.9510565162951536 0.2628655560595668
vertex 0.08232358003196016 -0.912982492932299 0.3996070517018511
vertex 0.0 -0.9638612634676227 0.26640470113456743
endloop
endfacet
facet normal 0 0 0
outer loop
vertex -0.08232358003196016 -0.912982492932299 0.3996070517018511
vertex 0.0 -0.9638612634676227 0.26640470113456743
vertex 0.08232358003196016 -0.912982492932299 0.3996070517018511
endloop
endfacet
facet normal 0 0 0
outer loop
vertex 0.5257311121191336 -0.85065080835204 0.0
vertex 0.4205438079847925 -0.9072722334369383 0.0
vertex 0.49063444264892453 -0.863953838921453 -0.11340902917961729
endloop
endfacet
facet normal 0 0 0
outer loop
vertex 0.29524180884432627 -0.9554225632202384 0.0
vertex 0.3731403805298118 -0.9198834216871895 -0.12075076365446102
vertex 0.4205438079847925 -0.9072722334369383 0.0
endloop
endfacet
facet normal 0 0 0
outer loop
vertex 0.4428627132664894 -0.864187826837342 -0.2388556408050596
vertex 0.49063444264892453 -0.863953838921453 -0.11340902917961729
vertex 0.3731403805298118 -0.9198834216871895 -0.12075076365446102
endloop
endfacet
facet normal 0 0 0
outer loop
vertex 0.4205438079847925 -0.9072722334369383 0.0
vertex 0.3731403805298118 -0.9198834216871895 -0.12075076365446102
vertex 0.49063444264892453 -0.863953838921453 -0.11340902917961729
endloop
endfacet
facet normal 0 0 0
outer loop
vertex 0.0 -1.0 0.0
vertex 0.0801787282954641 -0.988302081193091 -0.12973190755680386
vertex 0.15269659384052192 -0.9882731152012093 0.0
endloop
endfacet
facet normal 0 0 0
outer loop
vertex 0.16245984811645314 -0.9510565162951536 -0.2628655560595668
vertex 0.2345797056470434 -0.9638284211006921 -0.12651931226928728
vertex 0.0801787282954641 -0.988302081193091 -0.12973190755680386
endloop
endfacet
facet normal 0 0 0
outer loop
vertex 0.29524180884432627 -0.9554225632202384 0.0
vertex 0.15269659384052192 -0.9882731152012093 0.0
vertex 0.2345797056470434 -0.9638284211006921 -0.12651931226928728
endloop
endfacet
facet normal 0 0 0
outer loop
vertex 0.0801787282954641 -0.988302081193091 -0.12973190755680386
vertex 0.2345797056470434 -0.9638284211006921 -0.12651931226928728
vertex 0.15269659384052192 -0.9882731152012093 0.0
endloop
endfacet
facet normal 0 0 0
outer loop
vertex 0.3090169943749474 -0.8090169943749473 -0.5
vertex 0.38174148460130475 -0.8467155877615387 -0.3706024182004535
vertex 0.24053618488639233 -0.8891957226704116 -0.3891957226704116
endloop
endfacet
facet normal 0 0 0
outer loop
vertex 0.4428627132664894 -0.864187826837342 -0.2388556408050596
vertex 0.31277294086272456 -0.9155023440470861 -0.2530386245385746
vertex 0.38174148460130475 -0.8467155877615387 -0.3706024182004535
endloop
endfacet
facet normal 0 0 0
outer loop
vertex 0.16245984811645314 -0.9510565162951536 -0.2628655560595668
vertex 0.24053618488639233 -0.8891957226704116 -0.3891957226704116
vertex 0.31277294086272456 -0.9155023440470861 -0.2530386245385746
endloop
endfacet
facet normal 0 0 0
outer loop
vertex 0.38174148460130475 -0.8467155877615387 -0.3706024182004535
vertex 0.31277294086272456 -0.9155023440470861 -0.2530386245385746
vertex 0.24053618488639233 -0.8891957226704116 -0.3891957226704116
endloop
endfacet
facet normal 0 0 0
outer loop
vertex 0.29524180884432627 -0.9554225632202384 0.0
vertex 0.2345797056470434 -0.9638284211006921 -0.12651931226928728
vertex 0.3731403805298118 -0.9198834216871895 -0.12075076365446102
endloop
endfacet
facet normal 0 0 0
outer loop
vertex 0.16245984811645314 -0.9510565162951536 -0.2628655560595668
vertex 0.31277294086272456 -0.9155023440470861 -0.2530386245385746
vertex 0.2345797056470434 -0.9638284211006921 -0.12651931226928728
endloop
endfacet
facet normal 0 0 0
outer loop
vertex 0.4428627132664894 -0.864187826837342 -0.2388556408050596
vertex 0.3731403805298118 -0.9198834216871895 -0.12075076365446102
vertex 0.31277294086272456 -0.9155023440470861 -0.2530386245385746
endloop
endfacet
facet normal 0 0 0
outer loop
vertex 0.2345797056470434 -0.9638284211006921 -0.12651931226928728
vertex 0.31277294086272456 -0.9155023440470861 -0.2530386245385746
vertex 0.3731403805298118 -0.9198834216871895 -0.12075076365446102
endloop
endfacet
facet normal 0 0 0
outer loop
vertex -0.5257311121191336 -0.85065080835204 0.0
vertex -0.49063444264892453 -0.863953838921453 -0.11340902917961729
vertex -0.4205438079847925 -0.9072722334369383 0.0
endloop
endfacet
facet normal 0 0 0
outer loop
vertex -0.4428627132664894 -0.864187826837342 -0.2388556408050596
vertex -0.3731403805298118 -0.9198834216871895 -0.12075076365446102
vertex -0.49063444264892453 -0.863953838921453 -0.11340902917961729
endloop
endfacet
facet normal 0 0 0
outer loop
vertex -0.29524180884432627 -0.9554225632202384 0.0
vertex -0.4205438079847925 -0.9072722334369383 0.0
vertex -0.3731403805298118 -0.9198834216871895 -0.12075076365446102
endloop
endfacet
facet normal 0 0 0
outer loop
vertex -0.49063444264892453 -0.863953838921453 -0.11340902917961729
vertex -0.3731403805298118 -0.9198834216871895 -0.12075076365446102
vertex -0.4205438079847925 -0.9072722334369383 0.0
endloop
endfacet
facet normal 0 0 0
outer loop
vertex -0.3090169943749474 -0.8090169943749473 -0.5
vertex -0.24053618488639233 -0.8891957226704116 -0.3891957226704116
vertex -0.38174148460130475 -0.8467155877615387 -0.3706024182004535
endloop
endfacet
facet normal 0 0 0
outer loop
vertex -0.16245984811645314 -0.9510565162951536 -0.2628655560595668
vertex -0.31277294086272456 -0.9155023440470861 -0.2530386245385746
vertex -0.24053618488639233 -0.8891957226704116 -0.3891957226704116
endloop
endfacet
facet normal 0 0 0
outer loop
vertex -0.4428627132664894 -0.864187826837342 -0.2388556408050596
vertex -0.38174148460130475 -0.8467155877615387 -0.3706024182004535
vertex -0.31277294086272456 -0.9155023440470861 -0.2530386245385746
endloop
endfacet
facet normal 0 0 0
outer loop
vertex -0.24053618488639233 -0.8891957226704116 -0.3891957226704116
vertex -0.31277294086272456 -0.9155023440470861 -0.2530386245385746
vertex -0.38174148460130475 -0.8467155877615387 -0.3706024182004535
endloop
endfacet
facet normal 0 0 0
outer loop
vertex 0.0 -1.0 0.0
vertex -0.15269659384052192 -0.9882731152012093 0.0
vertex -0.0801787282954641 -0.988302081193091 -0.12973190755680386
endloop
endfacet
facet normal 0 0 0
outer loop
vertex -0.29524180884432627 -0.9554225632202384 0.0
vertex -0.2345797056470434 -0.9638284211006921 -0.12651931226928728
vertex -0.15269659384052192 -0.9882731152012093 0.0
endloop
endfacet
facet normal 0 0 0
outer loop
vertex -0.16245984811645314 -0.9510565162951536 -0.2628655560595668
vertex -0.0801787282954641 -0.988302081193091 -0.12973190755680386
vertex -0.2345797056470434 -0.9638284211006921 -0.12651931226928728
endloop
endfacet
facet normal 0 0 0
outer loop
vertex -0.15269659384052192 -0.9882731152012093 0.0
vertex -0.2345797056470434 -0.9638284211006921 -0.12651931226928728
vertex -0.0801787282954641 -0.988302081193091 -0.12973190755680386
endloop
endfacet
facet normal 0 0 0
outer loop
vertex -0.4428627132664894 -0.864187826837342 -0.2388556408050596
vertex -0.31277294086272456 -0.9155023440470861 -0.2530386245385746
vertex -0.3731403805298118 -0.9198834216871895 -0.12075076365446102
endloop
endfacet
facet normal 0 0 0
outer loop
vertex -0.16245984811645314 -0.9510565162951536 -0.2628655560595668
vertex -0.2345797056470434 -0.9638284211006921 -0.12651931226928728
vertex -0.31277294086272456 -0.9155023440470861 -0.2530386245385746
endloop
endfacet
facet normal 0 0 0
outer loop
vertex -0.29524180884432627 -0.9554225632202384 0.0
vertex -0.3731403805298118 -0.9198834216871895 -0.12075076365446102
vertex -0.2345797056470434 -0.9638284211006921 -0.12651931226928728
endloop
endfacet
facet normal 0 0 0
outer loop
vertex -0.31277294086272456 -0.9155023440470861 -0.2530386245385746
vertex -0.2345797056470434 -0.9638284211006921 -0.12651931226928728
vertex -0.3731403805298118 -0.9198834216871895 -0.12075076365446102
endloop
endfacet
facet normal 0 0 0
outer loop
vertex 0.0 -0.5257311121191336 -0.85065080835204
vertex 0.07009063466413208 -0.6040434718285418 -0.7938632042573209
vertex -0.07009063466413208 -0.6040434718285418 -0.7938632042573209
endloop
endfacet
facet normal 0 0 0
outer loop
vertex 0.1476209044221631 -0.6817183540715489 -0.7165669224151787
vertex 0.0 -0.6892699839446963 -0.7245045819267661
vertex 0.07009063466413208 -0.6040434718285418 -0.7938632042573209
endloop
endfacet
facet normal 0 0 0
outer loop
vertex -0.1476209044221631 -0.6817183540715489 -0.7165669224151787
vertex -0.07009063466413208 -0.6040434718285418 -0.7938632042573209
vertex 0.0 -0.6892699839446963 -0.7245045819267661
endloop
endfacet
facet normal 0 0 0
outer loop
vertex 0.07009063466413208 -0.6040434718285418 -0.7938632042573209
vertex 0.0 -0.6892699839446963 -0.7245045819267661
vertex -0.07009063466413208 -0.6040434718285418 -0.7938632042573209
endloop
endfacet
facet normal 0 0 0
outer loop
vertex 0.3090169943749474 -0.8090169943749473 -0.5
vertex 0.1603574565909282 -0.8396425434090719 -0.5189276302272154
vertex 0.22904489076078288 -0.7523439028017582 -0.6176706970007557
endloop
endfacet
facet normal 0 0 0
outer loop
vertex 0.0 -0.8506508083520399 -0.5257311121191336
vertex 0.07819323521568113 -0.7705241128862674 -0.6325965613464364
vertex 0.1603574565909282 -0.8396425434090719 -0.5189276302272154
endloop
endfacet
facet normal 0 0 0
outer loop
vertex 0.1476209044221631 -0.6817183540715489 -0.7165669224151787
vertex 0.22904489076078288 -0.7523439028017582 -0.6176706970007557
vertex 0.07819323521568113 -0.7705241128862674 -0.6325965613464364
endloop
endfacet
facet normal 0 0 0
outer loop
vertex 0.1603574565909282 -0.8396425434090719 -0.5189276302272154
vertex 0.07819323521568113 -0.7705241128862674 -0.6325965613464364
vertex 0.22904489076078288 -0.7523439028017582 -0.6176706970007557
endloop
endfacet
facet normal 0 0 0
outer loop
vertex -0.3090169943749474 -0.8090169943749473 -0.5
vertex -0.22904489076078288 -0.7523439028017582 -0.6176706970007557
vertex -0.1603574565909282 -0.8396425434090719 -0.5189276302272154
endloop
endfacet
facet normal 0 0 0
outer loop
vertex -0.1476209044221631 -0.6817183540715489 -0.7165669224151787
vertex -0.07819323521568113 -0.7705241128862674 -0.6325965613464364
vertex -0.22904489076078288 -0.7523439028017582 -0.6176706970007557
endloop
endfacet
facet normal 0 0 0
outer loop
vertex 0.0 -0.8506508083520399 -0.5257311121191336
vertex -0.1603574565909282 -0.8396425434090719 -0.5189276302272154
vertex -0.07819323521568113 -0.7705241128862674 -0.6325965613464364
endloop
endfacet
facet normal 0 0 0
outer loop
vertex -0.22904489076078288 -0.7523439028017582 -0.6176706970007557
vertex -0.07819323521568113 -0.7705241128862674 -0.6325965613464364
vertex -0.1603574565909282 -0.8396425434090719 -0.5189276302272154
endloop
endfacet
facet normal 0 0 0
outer loop
vertex 0.1476209044221631 -0.6817183540715489 -0.7165669224151787
vertex 0.07819323521568113 -0.7705241128862674 -0.6325965613464364
vertex 0.0 -0.6892699839446963 -0.7245045819267661
endloop
endfacet
facet normal 0 0 0
outer loop
vertex 0.0 -0.8506508083520399 -0.5257311121191336
vertex -0.07819323521568113 -0.7705241128862674 -0.6325965613464364
vertex 0.07819323521568113 -0.7705241128862674 -0.6325965613464364
endloop
endfacet
facet normal 0 0 0
outer loop
vertex -0.1476209044221631 -0.6817183540715489 -0.7165669224151787
vertex 0.0 -0.6892699839446963 -0.7245045819267661
vertex -0.07819323521568113 -0.7705241128862674 -0.6325965613464364
endloop
endfacet
facet normal 0 0 0
outer loop
vertex 0.07819323521568113 -0.7705241128862674 -0.6325965613464364
vertex -0.07819323521568113 -0.7705241128862674 -0.6325965613464364
vertex 0.0 -0.6892699839446963 -0.7245045819267661
endloop
endfacet
facet normal 0 0 0
outer loop
vertex 0.0 -1.0 0.0
vertex -0.0801787282954641 -0.988302081193091 -0.12973190755680386
vertex 0.0801787282954641 -0.988302081193091 -0.12973190755680386
endloop
endfacet
facet normal 0 0 0
outer loop
vertex -0.16245984811645314 -0.9510565162951536 -0.2628655560595668
vertex 0.0 -0.9638612634676227 -0.26640470113456743
vertex -0.0801787282954641 -0.988302081193091 -0.12973190755680386
endloop
endfacet
facet normal 0 0 0
outer loop
vertex 0.16245984811645314 -0.9510565162951536 -0.2628655560595668
vertex 0.0801787282954641 -0.988302081193091 -0.12973190755680386
vertex 0.0 -0.9638612634676227 -0.26640470113456743
endloop
endfacet
facet normal 0 0 0
outer loop
vertex -0.0801787282954641 -0.988302081193091 -0.12973190755680386
vertex 0.0 -0.9638612634676227 -0.26640470113456743
vertex 0.0801787282954641 -0.988302081193091 -0.12973190755680386
endloop
endfacet
facet normal 0 0 0
outer loop
vertex -0.3090169943749474 -0.8090169943749473 -0.5
vertex -0.1603574565909282 -0.8396425434090719 -0.5189276302272154
vertex -0.24053618488639233 -0.8891957226704116 -0.3891957226704116
endloop
endfacet
facet normal 0 0 0
outer loop
vertex 0.0 -0.8506508083520399 -0.5257311121191336
vertex -0.08232358003196016 -0.912982492932299 -0.3996070517018511
vertex -0.1603574565909282 -0.8396425434090719 -0.5189276302272154
endloop
endfacet
facet normal 0 0 0
outer loop
vertex -0.16245984811645314 -0.9510565162951536 -0.2628655560595668
vertex -0.24053618488639233 -0.8891957226704116 -0.3891957226704116
vertex -0.08232358003196016 -0.912982492932299 -0.3996070517018511
endloop
endfacet
facet normal 0 0 0
outer loop
vertex -0.1603574565909282 -0.8396425434090719 -0.5189276302272154
vertex -0.08232358003196016 -0.912982492932299 -0.3996070517018511
vertex -0.24053618488639233 -0.8891957226704116 -0.3891957226704116
endloop
endfacet
facet normal 0 0 0
outer loop
vertex 0.3090169943749474 -0.8090169943749473 -0.5
vertex 0.24053618488639233 -0.8891957226704116 -0.3891957226704116
vertex 0.1603574565909282 -0.8396425434090719 -0.5189276302272154
endloop
endfacet
facet normal 0 0 0
outer loop
vertex 0.16245984811645314 -0.9510565162951536 -0.2628655560595668
vertex 0.08232358003196016 -0.912982492932299 -0.3996070517018511
vertex 0.24053618488639233 -0.8891957226704116 -0.3891957226704116
endloop
endfacet
facet normal 0 0 0
outer loop
vertex 0.0 -0.8506508083520399 -0.5257311121191336
vertex 0.1603574565909282 -0.8396425434090719 -0.5189276302272154
vertex 0.08232358003196016 -0.912982492932299 -0.3996070517018511
endloop
endfacet
facet normal 0 0 0
outer loop
vertex 0.24053618488639233 -0.8891957226704116 -0.3891957226704116
vertex 0.08232358003196016 -0.912982492932299 -0.3996070517018511
vertex 0.1603574565909282 -0.8396425434090719 -0.5189276302272154
endloop
endfacet
facet normal 0 0 0
outer loop
vertex -0.16245984811645314 -0.9510565162951536 -0.2628655560595668
vertex -0.08232358003196016 -0.912982492932299 -0.3996070517018511
vertex 0.0 -0.9638612634676227 -0.26640470113456743
endloop
endfacet
facet normal 0 0 0
outer loop
vertex 0.0 -0.8506508083520399 -0.5257311121191336
vertex 0.08232358003196016 -0.912982492932299 -0.3996070517018511
vertex -0.08232358003196016 -0.912982492932299 -0.3996070517018511
endloop
endfacet
facet normal 0 0 0
outer loop
vertex 0.16245984811645314 -0.9510565162951536 -0.2628655560595668
vertex 0.0 -0.9638612634676227 -0.26640470113456743
vertex 0.08232358003196016 -0.912982492932299 -0.3996070517018511
endloop
endfacet
facet normal 0 0 0
outer loop
vertex -0.08232358003196016 -0.912982492932299 -0.3996070517018511
vertex 0.08232358003196016 -0.912982492932299 -0.3996070517018511
vertex 0.0 -0.9638612634676227 -0.26640470113456743
endloop
endfacet
facet normal 0 0 0
outer loop
vertex 0.5257311121191336 -0.85065080835204 0.0
vertex 0.49063444264892453 -0.863953838921453 -0.11340902917961729
vertex 0.6040434718285418 -0.7938632042573209 -0.07009063466413208
endloop
endfacet
facet normal 0 0 0
outer loop
vertex 0.4428627132664894 -0.864187826837342 -0.2388556408050596
vertex 0.5685192202902352 -0.7991326580327286 -0.1953788397604234
vertex 0.49063444264892453 -0.863953838921453 -0.11340902917961729
endloop
endfacet
facet normal 0 0 0
outer loop
vertex 0.6817183540715489 -0.7165669224151787 -0.1476209044221631
vertex 0.6040434718285418 -0.7938632042573209 -0.07009063466413208
vertex 0.5685192202902352 -0.7991326580327286 -0.1953788397604234
endloop
endfacet
facet normal 0 0 0
outer loop
vertex 0.49063444264892453 -0.863953838921453 -0.11340902917961729
vertex 0.5685192202902352 -0.7991326580327286 -0.1953788397604234
vertex 0.6040434718285418 -0.7938632042573209 -0.07009063466413208
endloop
endfacet
facet normal 0 0 0
outer loop
vertex 0.3090169943749474 -0.8090169943749473 -0.5
vertex 0.45044682073866027 -0.7594638151136078 -0.46937445096587566
vertex 0.38174148460130475 -0.8467155877615387 -0.3706024182004535
endloop
endfacet
facet normal 0 0 0
outer loop
vertex 0.5877852522924731 -0.6881909602355868 -0.42532540417601994
vertex 0.5174854883476929 -0.7889830317777986 -0.33123185975425573
vertex 0.45044682073866027 -0.7594638151136078 -0.46937445096587566
endloop
endfacet
facet normal 0 0 0
outer loop
vertex 0.4428627132664894 -0.864187826837342 -0.2388556408050596
vertex 0.38174148460130475 -0.8467155877615387 -0.3706024182004535
vertex 0.5174854883476929 -0.7889830317777986 -0.33123185975425573
endloop
endfacet
facet normal 0 0 0
outer loop
vertex 0.45044682073866027 -0.7594638151136078 -0.46937445096587566
vertex 0.5174854883476929 -0.7889830317777986 -0.33123185975425573
vertex 0.38174148460130475 -0.8467155877615387 -0.3706024182004535
endloop
endfacet
facet normal 0 0 0
outer loop
vertex 0.8090169943749475 -0.5000000000000001 -0.30901699437494745
vertex 0.7523439028017583 -0.6176706970007558 -0.2290448907607829
vertex 0.7099106358522679 -0.5991063585226795 -0.37026809244319614
endloop
endfacet
facet normal 0 0 0
outer loop
vertex 0.6817183540715489 -0.7165669224151787 -0.1476209044221631
vertex 0.6440048006169802 -0.7107897965621175 -0.28290578270064953
vertex 0.7523439028017583 -0.6176706970007558 -0.2290448907607829
endloop
endfacet
facet normal 0 0 0
outer loop
vertex 0.5877852522924731 -0.6881909602355868 -0.42532540417601994
vertex 0.7099106358522679 -0.5991063585226795 -0.37026809244319614
vertex 0.6440048006169802 -0.7107897965621175 -0.28290578270064953
endloop
endfacet
facet normal 0 0 0
outer loop
vertex 0.7523439028017583 -0.6176706970007558 -0.2290448907607829
vertex 0.6440048006169802 -0.7107897965621175 -0.28290578270064953
vertex 0.7099106358522679 -0.5991063585226795 -0.37026809244319614
endloop
endfacet
facet normal 0 0 0
outer loop
vertex 0.4428627132664894 -0.864187826837342 -0.2388556408050596
vertex 0.5174854883476929 -0.7889830317777986 -0.33123185975425573
vertex 0.5685192202902352 -0.7991326580327286 -0.1953788397604234
endloop
endfacet
facet normal 0 0 0
outer loop
vertex 0.5877852522924731 -0.6881909602355868 -0.42532540417601994
vertex 0.6440048006169802 -0.7107897965621175 -0.28290578270064953
vertex 0.5174854883476929 -0.7889830317777986 -0.33123185975425573
endloop
endfacet
facet normal 0 0 0
outer loop
vertex 0.6817183540715489 -0.7165669224151787 -0.1476209044221631
vertex 0.5685192202902352 -0.7991326580327286 -0.1953788397604234
vertex 0.6440048006169802 -0.7107897965621175 -0.28290578270064953
endloop
endfacet
facet normal 0 0 0
outer loop
vertex 0.5174854883476929 -0.7889830317777986 -0.33123185975425573
vertex 0.6440048006169802 -0.7107897965621175 -0.28290578270064953
vertex 0.5685192202902352 -0.7991326580327286 -0.1953788397604234
endloop
endfacet
facet normal 0 0 0
outer loop
vertex 0.0 -0.5257311121191336 -0.85065080835204
vertex 0.11340902917961729 -0.49063444264892453 -0.863953838921453
vertex 0.07009063466413208 -0.6040434718285418 -0.7938632042573209
endloop
endfacet
facet normal 0 0 0
outer loop
vertex 0.2388556408050596 -0.4428627132664894 -0.864187826837342
vertex 0.19537883976042336 -0.5685192202902352 -0.7991326580327285
vertex 0.11340902917961729 -0.49063444264892453 -0.863953838921453
endloop
endfacet
facet normal 0 0 0
outer loop
vertex 0.1476209044221631 -0.6817183540715489 -0.7165669224151787
vertex 0.07009063466413208 -0.6040434718285418 -0.7938632042573209
vertex 0.19537883976042336 -0.5685192202902352 -0.7991326580327285
endloop
endfacet
facet normal 0 0 0
outer loop
vertex 0.11340902917961729 -0.49063444264892453 -0.863953838921453
vertex 0.19537883976042336 -0.5685192202902352 -0.7991326580327285
vertex 0.07009063466413208 -0.6040434718285418 -0.7938632042573209
endloop
endfacet
facet normal 0 0 0
outer loop
vertex 0.5000000000000001 -0.30901699437494745 -0.8090169943749475
vertex 0.4693744509658756 -0.4504468207386602 -0.7594638151136077
vertex 0.3706024182004535 -0.38174148460130475 -0.8467155877615387
endloop
endfacet
facet normal 0 0 0
outer loop
vertex 0.42532540417601994 -0.5877852522924731 -0.6881909602355868
vertex 0.33123185975425573 -0.5174854883476929 -0.7889830317777986
vertex 0.4693744509658756 -0.4504468207386602 -0.7594638151136077
endloop
endfacet
facet normal 0 0 0
outer loop
vertex 0.2388556408050596 -0.4428627132664894 -0.864187826837342
vertex 0.3706024182004535 -0.38174148460130475 -0.8467155877615387
vertex 0.33123185975425573 -0.5174854883476929 -0.7889830317777986
endloop
endfacet
facet normal 0 0 0
outer loop
vertex 0.4693744509658756 -0.4504468207386602 -0.7594638151136077
vertex 0.33123185975425573 -0.5174854883476929 -0.7889830317777986
vertex 0.3706024182004535 -0.38174148460130475 -0.8467155877615387
endloop
endfacet
facet normal 0 0 0
outer loop
vertex 0.3090169943749474 -0.8090169943749473 -0.5
vertex 0.22904489076078288 -0.7523439028017582 -0.6176706970007557
vertex 0.37026809244319614 -0.7099106358522679 -0.5991063585226795
endloop
endfacet
facet normal 0 0 0
outer loop
vertex 0.1476209044221631 -0.6817183540715489 -0.7165669224151787
vertex 0.28290578270064953 -0.6440048006169802 -0.7107897965621175
vertex 0.22904489076078288 -0.7523439028017582 -0.6176706970007557
endloop
endfacet
facet normal 0 0 0
outer loop
vertex 0.42532540417601994 -0.5877852522924731 -0.6881909602355868
vertex 0.37026809244319614 -0.7099106358522679 -0.5991063585226795
vertex 0.28290578270064953 -0.6440048006169802 -0.7107897965621175
endloop
endfacet
facet normal 0 0 0
outer loop
vertex 0.22904489076078288 -0.7523439028017582 -0.6176706970007557
vertex 0.28290578270064953 -0.6440048006169802 -0.7107897965621175
vertex 0.37026809244319614 -0.7099106358522679 -0.5991063585226795
endloop
endfacet
facet normal 0 0 0
outer loop
vertex 0.2388556408050596 -0.4428627132664894 -0.864187826837342
vertex 0.33123185975425573 -0.5174854883476929 -0.7889830317777986
vertex 0.19537883976042336 -0.5685192202902352 -0.7991326580327285
endloop
endfacet
facet normal 0 0 0
outer loop
vertex 0.42532540417601994 -0.5877852522924731 -0.6881909602355868
vertex 0.28290578270064953 -0.6440048006169802 -0.7107897965621175
vertex 0.33123185975425573 -0.5174854883476929 -0.7889830317777986
endloop
endfacet
facet normal 0 0 0
outer loop
vertex 0.1476209044221631 -0.6817183540715489 -0.7165669224151787
vertex 0.19537883976042336 -0.5685192202902352 -0.7991326580327285
vertex 0.28290578270064953 -0.6440048006169802 -0.7107897965621175
endloop
endfacet
facet normal 0 0 0
outer loop
vertex 0.33123185975425573 -0.5174854883476929 -0.7889830317777986
vertex 0.28290578270064953 -0.6440048006169802 -0.7107897965621175
vertex 0.19537883976042336 -0.5685192202902352 -0.7991326580327285
endloop
endfacet
facet normal 0 0 0
outer loop
vertex 0.85065080835204 0.0 -0.5257311121191336
vertex 0.863953838921453 -0.11340902917961729 -0.49063444264892453
vertex 0.7938632042573209 -0.07009063466413208 -0.6040434718285418
endloop
endfacet
facet normal 0 0 0
outer loop
vertex 0.864187826837342 -0.2388556408050596 -0.4428627132664894
vertex 0.7991326580327285 -0.19537883976042336 -0.5685192202902352
vertex 0.863953838921453 -0.11340902917961729 -0.49063444264892453
endloop
endfacet
facet normal 0 0 0
outer loop
vertex 0.7165669224151787 -0.1476209044221631 -0.6817183540715489
vertex 0.7938632042573209 -0.07009063466413208 -0.6040434718285418
vertex 0.7991326580327285 -0.19537883976042336 -0.5685192202902352
endloop
endfacet
facet normal 0 0 0
outer loop
vertex 0.863953838921453 -0.11340902917961729 -0.49063444264892453
vertex 0.7991326580327285 -0.19537883976042336 -0.5685192202902352
vertex 0.7938632042573209 -0.07009063466413208 -0.6040434718285418
endloop
endfacet
facet normal 0 0 0
outer loop
vertex 0.8090169943749475 -0.5000000000000001 -0.30901699437494745
vertex 0.7594638151136077 -0.4693744509658756 -0.4504468207386602
vertex 0.8467155877615387 -0.3706024182004535 -0.38174148460130475
endloop
endfacet
facet normal 0 0 0
outer loop
vertex 0.6881909602355868 -0.42532540417601994 -0.5877852522924731
vertex 0.7889830317777986 -0.33123185975425573 -0.5174854883476929
vertex 0.7594638151136077 -0.4693744509658756 -0.4504468207386602
endloop
endfacet
facet normal 0 0 0
outer loop
vertex 0.864187826837342 -0.2388556408050596 -0.4428627132664894
vertex 0.8467155877615387 -0.3706024182004535 -0.38174148460130475
vertex 0.7889830317777986 -0.33123185975425573 -0.5174854883476929
endloop
endfacet
facet normal 0 0 0
outer loop
vertex 0.7594638151136077 -0.4693744509658756 -0.4504468207386602
vertex 0.7889830317777986 -0.33123185975425573 -0.5174854883476929
vertex 0.8467155877615387 -0.3706024182004535 -0.38174148460130475
endloop
endfacet
facet normal 0 0 0
outer loop
vertex 0.5000000000000001 -0.30901699437494745 -0.8090169943749475
vertex 0.6176706970007557 -0.22904489076078288 -0.7523439028017582
vertex 0.5991063585226795 -0.37026809244319614 -0.7099106358522679
endloop
endfacet
facet normal 0 0 0
outer loop
vertex 0.7165669224151787 -0.1476209044221631 -0.6817183540715489
vertex 0.7107897965621175 -0.28290578270064953 -0.6440048006169802
vertex 0.6176706970007557 -0.22904489076078288 -0.7523439028017582
endloop
endfacet
facet normal 0 0 0
outer loop
vertex 0.6881909602355868 -0.42532540417601994 -0.5877852522924731
vertex 0.5991063585226795 -0.37026809244319614 -0.7099106358522679
vertex 0.7107897965621175 -0.28290578270064953 -0.6440048006169802
endloop
endfacet
facet normal 0 0 0
outer loop
vertex 0.6176706970007557 -0.22904489076078288 -0.7523439028017582
vertex 0.7107897965621175 -0.28290578270064953 -0.6440048006169802
vertex 0.5991063585226795 -0.37026809244319614 -0.7099106358522679
endloop
endfacet
facet normal 0 0 0
outer loop
vertex 0.864187826837342 -0.2388556408050596 -0.4428627132664894
vertex 0.7889830317777986 -0.33123185975425573 -0.5174854883476929
vertex 0.7991326580327285 -0.19537883976042336 -0.5685192202902352
endloop
endfacet
facet normal 0 0 0
outer loop
vertex 0.6881909602355868 -0.42532540417601994 -0.5877852522924731
vertex 0.7107897965621175 -0.28290578270064953 -0.6440048006169802
vertex 0.7889830317777986 -0.33123185975425573 -0.5174854883476929
endloop
endfacet
facet normal 0 0 0
outer loop
vertex 0.7165669224151787 -0.1476209044221631 -0.6817183540715489
vertex 0.7991326580327285 -0.19537883976042336 -0.5685192202902352
vertex 0.7107897965621175 -0.28290578270064953 -0.6440048006169802
endloop
endfacet
facet normal 0 0 0
outer loop
vertex 0.7889830317777986 -0.33123185975425573 -0.5174854883476929
vertex 0.7107897965621175 -0.28290578270064953 -0.6440048006169802
vertex 0.7991326580327285 -0.19537883976042336 -0.5685192202902352
endloop
endfacet
facet normal 0 0 0
outer loop
vertex 0.3090169943749474 -0.8090169943749473 -0.5
vertex 0.37026809244319614 -0.7099106358522679 -0.5991063585226795
vertex 0.45044682073866027 -0.7594638151136078 -0.46937445096587566
endloop
endfacet
facet normal 0 0 0
outer loop
vertex 0.42532540417601994 -0.5877852522924731 -0.6881909602355868
vertex 0.5133754412304479 -0.6465777917977317 -0.5642542117657714
vertex 0.37026809244319614 -0.7099106358522679 -0.5991063585226795
endloop
endfacet
facet normal 0 0 0
outer loop
vertex 0.5877852522924731 -0.6881909602355868 -0.42532540417601994
vertex 0.45044682073866027 -0.7594638151136078 -0.46937445096587566
vertex 0.5133754412304479 -0.6465777917977317 -0.5642542117657714
endloop
endfacet
facet normal 0 0 0
outer loop
vertex 0.37026809244319614 -0.7099106358522679 -0.5991063585226795
vertex 0.5133754412304479 -0.6465777917977317 -0.5642542117657714
vertex 0.45044682073866027 -0.7594638151136078 -0.46937445096587566
endloop
endfacet
facet normal 0 0 0
outer loop
vertex 0.5000000000000001 -0.30901699437494745 -0.8090169943749475
vertex 0.5991063585226795 -0.37026809244319614 -0.7099106358522679
vertex 0.4693744509658756 -0.4504468207386602 -0.7594638151136077
endloop
endfacet
facet normal 0 0 0
outer loop
vertex 0.6881909602355868 -0.42532540417601994 -0.5877852522924731
vertex 0.5642542117657714 -0.5133754412304479 -0.6465777917977317
vertex 0.5991063585226795 -0.37026809244319614 -0.7099106358522679
endloop
endfacet
facet normal 0 0 0
outer loop
vertex 0.42532540417601994 -0.5877852522924731 -0.6881909602355868
vertex 0.4693744509658756 -0.4504468207386602 -0.7594638151136077
vertex 0.5642542117657714 -0.5133754412304479 -0.6465777917977317
endloop
endfacet
facet normal 0 0 0
outer loop
vertex 0.5991063585226795 -0.37026809244319614 -0.7099106358522679
vertex 0.5642542117657714 -0.5133754412304479 -0.6465777917977317
vertex 0.4693744509658756 -0.4504468207386602 -0.7594638151136077
endloop
endfacet
facet normal 0 0 0
outer loop
vertex 0.8090169943749475 -0.5000000000000001 -0.30901699437494745
vertex 0.7099106358522679 -0.5991063585226795 -0.37026809244319614
vertex 0.7594638151136077 -0.4693744509658756 -0.4504468207386602
endloop
endfacet
facet normal 0 0 0
outer loop
vertex 0.5877852522924731 -0.6881909602355868 -0.42532540417601994
vertex 0.6465777917977317 -0.5642542117657714 -0.5133754412304479
vertex 0.7099106358522679 -0.5991063585226795 -0.37026809244319614
endloop
endfacet
facet normal 0 0 0
outer loop
vertex 0.6881909602355868 -0.42532540417601994 -0.5877852522924731
vertex 0.7594638151136077 -0.4693744509658756 -0.4504468207386602
vertex 0.6465777917977317 -0.5642542117657714 -0.5133754412304479
endloop
endfacet
facet normal 0 0 0
outer loop
vertex 0.7099106358522679 -0.5991063585226795 -0.37026809244319614
vertex 0.6465777917977317 -0.5642542117657714 -0.5133754412304479
vertex 0.7594638151136077 -0.4693744509658756 -0.4504468207386602
endloop
endfacet
facet normal 0 0 0
outer loop
vertex 0.42532540417601994 -0.5877852522924731 -0.6881909602355868
vertex 0.5642542117657714 -0.5133754412304479 -0.6465777917977317
vertex 0.5133754412304479 -0.6465777917977317 -0.5642542117657714
endloop
endfacet
facet normal 0 0 0
outer loop
vertex 0.6881909602355868 -0.42532540417601994 -0.5877852522924731
vertex 0.6465777917977317 -0.5642542117657714 -0.5133754412304479
vertex 0.5642542117657714 -0.5133754412304479 -0.6465777917977317
endloop
endfacet
facet normal 0 0 0
outer loop
vertex 0.5877852522924731 -0.6881909602355868 -0.42532540417601994
vertex 0.5133754412304479 -0.6465777917977317 -0.5642542117657714
vertex 0.6465777917977317 -0.5642542117657714 -0.5133754412304479
endloop
endfacet
facet normal 0 0 0
outer loop
vertex 0.5642542117657714 -0.5133754412304479 -0.6465777917977317
vertex 0.6465777917977317 -0.5642542117657714 -0.5133754412304479
vertex 0.5133754412304479 -0.6465777917977317 -0.5642542117657714
endloop
endfacet
facet normal 0 0 0
outer loop
vertex 0.5257311121191336 -0.85065080835204 0.0
vertex 0.6040434718285418 -0.7938632042573209 -0.07009063466413208
vertex 0.6040434718285418 -0.7938632042573209 0.07009063466413208
endloop
endfacet
facet normal 0 0 0
outer loop
vertex 0.6817183540715489 -0.7165669224151787 -0.1476209044221631
vertex 0.6892699839446963 -0.7245045819267661 0.0
vertex 0.6040434718285418 -0.7938632042573209 -0.07009063466413208
endloop
endfacet
facet normal 0 0 0
outer loop
vertex 0.6817183540715489 -0.7165669224151787 0.1476209044221631
vertex 0.6040434718285418 -0.7938632042573209 0.07009063466413208
vertex 0.6892699839446963 -0.7245045819267661 0.0
endloop
endfacet
facet normal 0 0 0
outer loop
vertex 0.6040434718285418 -0.7938632042573209 -0.07009063466413208
vertex 0.6892699839446963 -0.7245045819267661 0.0
vertex 0.6040434718285418 -0.7938632042573209 0.07009063466413208
endloop
endfacet
facet normal 0 0 0
outer loop
vertex 0.8090169943749475 -0.5000000000000001 -0.30901699437494745
vertex 0.8396425434090719 -0.5189276302272154 -0.1603574565909282
vertex 0.7523439028017583 -0.6176706970007558 -0.2290448907607829
endloop
endfacet
facet normal 0 0 0
outer loop
vertex 0.8506508083520399 -0.5257311121191336 0.0
vertex 0.7705241128862674 -0.6325965613464364 -0.07819323521568113
vertex 0.8396425434090719 -0.5189276302272154 -0.1603574565909282
endloop
endfacet
facet normal 0 0 0
outer loop
vertex 0.6817183540715489 -0.7165669224151787 -0.1476209044221631
vertex 0.7523439028017583 -0.6176706970007558 -0.2290448907607829
vertex 0.7705241128862674 -0.6325965613464364 -0.07819323521568113
endloop
endfacet
facet normal 0 0 0
outer loop
vertex 0.8396425434090719 -0.5189276302272154 -0.1603574565909282
vertex 0.7705241128862674 -0.6325965613464364 -0.07819323521568113
vertex 0.7523439028017583 -0.6176706970007558 -0.2290448907607829
endloop
endfacet
facet normal 0 0 0
outer loop
vertex 0.8090169943749475 -0.5000000000000001 0.30901699437494745
vertex 0.7523439028017583 -0.6176706970007558 0.2290448907607829
vertex 0.8396425434090719 -0.5189276302272154 0.1603574565909282
endloop
endfacet
facet normal 0 0 0
outer loop
vertex 0.6817183540715489 -0.7165669224151787 0.1476209044221631
vertex 0.7705241128862674 -0.6325965613464364 0.07819323521568113
vertex 0.7523439028017583 -0.6176706970007558 0.2290448907607829
endloop
endfacet
facet normal 0 0 0
outer loop
vertex 0.8506508083520399 -0.5257311121191336 0.0
vertex 0.8396425434090719 -0.5189276302272154 0.1603574565909282
vertex 0.7705241128862674 -0.6325965613464364 0.07819323521568113
endloop
endfacet
facet normal 0 0 0
outer loop
vertex 0.7523439028017583 -0.6176706970007558 0.2290448907607829
vertex 0.7705241128862674 -0.6325965613464364 0.07819323521568113
vertex 0.8396425434090719 -0.5189276302272154 0.1603574565909282
endloop
endfacet
facet normal 0 0 0
outer loop
vertex 0.6817183540715489 -0.7165669224151787 -0.1476209044221631
vertex 0.7705241128862674 -0.6325965613464364 -0.07819323521568113
vertex 0.6892699839446963 -0.7245045819267661 0.0
endloop
endfacet
facet normal 0 0 0
outer loop
vertex 0.8506508083520399 -0.5257311121191336 0.0
vertex 0.7705241128862674 -0.6325965613464364 0.07819323521568113
vertex 0.7705241128862674 -0.6325965613464364 -0.07819323521568113
endloop
endfacet
facet normal 0 0 0
outer loop
vertex 0.6817183540715489 -0.7165669224151787 0.1476209044221631
vertex 0.6892699839446963 -0.7245045819267661 0.0
vertex 0.7705241128862674 -0.6325965613464364 0.07819323521568113
endloop
endfacet
facet normal 0 0 0
outer loop
vertex 0.7705241128862674 -0.6325965613464364 -0.07819323521568113
vertex 0.7705241128862674 -0.6325965613464364 0.07819323521568113
vertex 0.6892699839446963 -0.7245045819267661 0.0
endloop
endfacet
facet normal 0 0 0
outer loop
vertex 0.85065080835204 0.0 -0.5257311121191336
vertex 0.9072722334369383 0.0 -0.4205438079847925
vertex 0.863953838921453 -0.11340902917961729 -0.49063444264892453
endloop
endfacet
facet normal 0 0 0
outer loop
vertex 0.9554225632202384 0.0 -0.29524180884432627
vertex 0.9198834216871895 -0.12075076365446102 -0.3731403805298118
vertex 0.9072722334369383 0.0 -0.4205438079847925
endloop
endfacet
facet normal 0 0 0
outer loop
vertex 0.864187826837342 -0.2388556408050596 -0.4428627132664894
vertex 0.863953838921453 -0.11340902917961729 -0.49063444264892453
vertex 0.9198834216871895 -0.12075076365446102 -0.3731403805298118
endloop
endfacet
facet normal 0 0 0
outer loop
vertex 0.9072722334369383 0.0 -0.4205438079847925
vertex 0.9198834216871895 -0.12075076365446102 -0.3731403805298118
vertex 0.863953838921453 -0.11340902917961729 -0.49063444264892453
endloop
endfacet
facet normal 0 0 0
outer loop
vertex 1.0 0.0 0.0
vertex 0.988302081193091 -0.12973190755680386 -0.0801787282954641
vertex 0.9882731152012093 0.0 -0.15269659384052192
endloop
endfacet
facet normal 0 0 0
outer loop
vertex 0.9510565162951536 -0.2628655560595668 -0.16245984811645314
vertex 0.9638284211006921 -0.12651931226928728 -0.2345797056470434
vertex 0.988302081193091 -0.12973190755680386 -0.0801787282954641
endloop
endfacet
facet normal 0 0 0
outer loop
vertex 0.9554225632202384 0.0 -0.29524180884432627
vertex 0.9882731152012093 0.0 -0.15269659384052192
vertex 0.9638284211006921 -0.12651931226928728 -0.2345797056470434
endloop
endfacet
facet normal 0 0 0
outer loop
vertex 0.988302081193091 -0.12973190755680386 -0.0801787282954641
vertex 0.9638284211006921 -0.12651931226928728 -0.2345797056470434
vertex 0.9882731152012093 0.0 -0.15269659384052192
endloop
endfacet
facet normal 0 0 0
outer loop
vertex 0.8090169943749475 -0.5000000000000001 -0.30901699437494745
vertex 0.8467155877615387 -0.3706024182004535 -0.38174148460130475
vertex 0.8891957226704116 -0.3891957226704116 -0.24053618488639233
endloop
endfacet
facet normal 0 0 0
outer loop
vertex 0.864187826837342 -0.2388556408050596 -0.4428627132664894
vertex 0.9155023440470861 -0.2530386245385746 -0.31277294086272456
vertex 0.8467155877615387 -0.3706024182004535 -0.38174148460130475
endloop
endfacet
facet normal 0 0 0
outer loop
vertex 0.9510565162951536 -0.2628655560595668 -0.16245984811645314
vertex 0.8891957226704116 -0.3891957226704116 -0.24053618488639233
vertex 0.9155023440470861 -0.2530386245385746 -0.31277294086272456
endloop
endfacet
facet normal 0 0 0
outer loop
vertex 0.8467155877615387 -0.3706024182004535 -0.38174148460130475
vertex 0.9155023440470861 -0.2530386245385746 -0.31277294086272456
vertex 0.8891957226704116 -0.3891957226704116 -0.24053618488639233
endloop
endfacet
facet normal 0 0 0
outer loop
vertex 0.9554225632202384 0.0 -0.29524180884432627
vertex 0.9638284211006921 -0.12651931226928728 -0.2345797056470434
vertex 0.9198834216871895 -0.12075076365446102 -0.3731403805298118
endloop
endfacet
facet normal 0 0 0
outer loop
vertex 0.9510565162951536 -0.2628655560595668 -0.16245984811645314
vertex 0.9155023440470861 -0.2530386245385746 -0.31277294086272456
vertex 0.9638284211006921 -0.12651931226928728 -0.2345797056470434
endloop
endfacet
facet normal 0 0 0
outer loop
vertex 0.864187826837342 -0.2388556408050596 -0.4428627132664894
vertex 0.9198834216871895 -0.12075076365446102 -0.3731403805298118
vertex 0.9155023440470861 -0.2530386245385746 -0.31277294086272456
endloop
endfacet
facet normal 0 0 0
outer loop
vertex 0.9638284211006921 -0.12651931226928728 -0.2345797056470434
vertex 0.9155023440470861 -0.2530386245385746 -0.31277294086272456
vertex 0.9198834216871895 -0.12075076365446102 -0.3731403805298118
endloop
endfacet
facet normal 0 0 0
outer loop
vertex 0.85065080835204 0.0 0.5257311121191336
vertex 0.863953838921453 -0.11340902917961729 0.49063444264892453
vertex 0.9072722334369383 0.0 0.4205438079847925
endloop
endfacet
facet normal 0 0 0
outer loop
vertex 0.864187826837342 -0.2388556408050596 0.4428627132664894
vertex 0.9198834216871895 -0.12075076365446102 0.3731403805298118
vertex 0.863953838921453 -0.11340902917961729 0.49063444264892453
endloop
endfacet
facet normal 0 0 0
outer loop
vertex 0.9554225632202384 0.0 0.29524180884432627
vertex 0.9072722334369383 0.0 0.4205438079847925
vertex 0.9198834216871895 -0.12075076365446102 0.3731403805298118
endloop
endfacet
facet normal 0 0 0
outer loop
vertex 0.863953838921453 -0.11340902917961729 0.49063444264892453
vertex 0.9198834216871895 -0.12075076365446102 0.3731403805298118
vertex 0.9072722334369383 0.0 0.4205438079847925
endloop
endfacet
facet normal 0 0 0
outer loop
vertex 0.8090169943749475 -0.5000000000000001 0.30901699437494745
vertex 0.8891957226704116 -0.3891957226704116 0.24053618488639233
vertex 0.8467155877615387 -0.3706024182004535 0.38174148460130475
endloop
endfacet
facet normal 0 0 0
outer loop
vertex 0.9510565162951536 -0.2628655560595668 0.16245984811645314
vertex 0.9155023440470861 -0.2530386245385746 0.31277294086272456
vertex 0.8891957226704116 -0.3891957226704116 0.24053618488639233
endloop
endfacet
facet normal 0 0 0
outer loop
vertex 0.864187826837342 -0.2388556408050596 0.4428627132664894
vertex 0.8467155877615387 -0.3706024182004535 0.38174148460130475
vertex 0.9155023440470861 -0.2530386245385746 0.31277294086272456
endloop
endfacet
facet normal 0 0 0
outer loop
vertex 0.8891957226704116 -0.3891957226704116 0.24053618488639233
vertex 0.9155023440470861 -0.2530386245385746 0.31277294086272456
vertex 0.8467155877615387 -0.3706024182004535 0.38174148460130475
endloop
endfacet
facet normal 0 0 0
outer loop
vertex 1.0 0.0 0.0
vertex 0.9882731152012093 0.0 0.15269659384052192
vertex 0.988302081193091 -0.12973190755680386 0.0801787282954641
endloop
endfacet
facet normal 0 0 0
outer loop
vertex 0.9554225632202384 0.0 0.29524180884432627
vertex 0.9638284211006921 -0.12651931226928728 0.2345797056470434
vertex 0.9882731152012093 0.0 0.15269659384052192
endloop
endfacet
facet normal 0 0 0
outer loop
vertex 0.9510565162951536 -0.2628655560595668 0.16245984811645314
vertex 0.988302081193091 -0.12973190755680386 0.0801787282954641
vertex 0.9638284211006921 -0.12651931226928728 0.2345797056470434
endloop
endfacet
facet normal 0 0 0
outer loop
vertex 0.9882731152012093 0.0 0.15269659384052192
vertex 0.9638284211006921 -0.12651931226928728 0.2345797056470434
vertex 0.988302081193091 -0.12973190755680386 0.0801787282954641
endloop
endfacet
facet normal 0 0 0
outer loop
vertex 0.864187826837342 -0.2388556408050596 0.4428627132664894
vertex 0.9155023440470861 -0.2530386245385746 0.31277294086272456
vertex 0.9198834216871895 -0.12075076365446102 0.3731403805298118
endloop
endfacet
facet normal 0 0 0
outer loop
vertex 0.9510565162951536 -0.2628655560595668 0.16245984811645314
vertex 0.9638284211006921 -0.12651931226928728 0.2345797056470434
vertex 0.9155023440470861 -0.2530386245385746 0.31277294086272456
endloop
endfacet
facet normal 0 0 0
outer loop
vertex 0.9554225632202384 0.0 0.29524180884432627
vertex 0.9198834216871895 -0.12075076365446102 0.3731403805298118
vertex 0.9638284211006921 -0.12651931226928728 0.2345797056470434
endloop
endfacet
facet normal 0 0 0
outer loop
vertex 0.9155023440470861 -0.2530386245385746 0.31277294086272456
vertex 0.9638284211006921 -0.12651931226928728 0.2345797056470434
vertex 0.9198834216871895 -0.12075076365446102 0.3731403805298118
endloop
endfacet
facet normal 0 0 0
outer loop
vertex 0.8090169943749475 -0.5000000000000001 -0.30901699437494745
vertex 0.8891957226704116 -0.3891957226704116 -0.24053618488639233
vertex 0.8396425434090719 -0.5189276302272154 -0.1603574565909282
endloop
endfacet
facet normal 0 0 0
outer loop
vertex 0.9510565162951536 -0.2628655560595668 -0.16245984811645314
vertex 0.912982492932299 -0.3996070517018511 -0.08232358003196016
vertex 0.8891957226704116 -0.3891957226704116 -0.24053618488639233
endloop
endfacet
facet normal 0 0 0
outer loop
vertex 0.8506508083520399 -0.5257311121191336 0.0
vertex 0.8396425434090719 -0.5189276302272154 -0.1603574565909282
vertex 0.912982492932299 -0.3996070517018511 -0.08232358003196016
endloop
endfacet
facet normal 0 0 0
outer loop
vertex 0.8891957226704116 -0.3891957226704116 -0.24053618488639233
vertex 0.912982492932299 -0.3996070517018511 -0.08232358003196016
vertex 0.8396425434090719 -0.5189276302272154 -0.1603574565909282
endloop
endfacet
facet normal 0 0 0
outer loop
vertex 1.0 0.0 0.0
vertex 0.988302081193091 -0.12973190755680386 0.0801787282954641
vertex 0.988302081193091 -0.12973190755680386 -0.0801787282954641
endloop
endfacet
facet normal 0 0 0
outer loop
vertex 0.9510565162951536 -0.2628655560595668 0.16245984811645314
vertex 0.9638612634676227 -0.26640470113456743 0.0
vertex 0.988302081193091 -0.12973190755680386 0.0801787282954641
endloop
endfacet
facet normal 0 0 0
outer loop
vertex 0.9510565162951536 -0.2628655560595668 -0.16245984811645314
vertex 0.988302081193091 -0.12973190755680386 -0.0801787282954641
vertex 0.9638612634676227 -0.26640470113456743 0.0
endloop
endfacet
facet normal 0 0 0
outer loop
vertex 0.988302081193091 -0.12973190755680386 0.0801787282954641
vertex 0.9638612634676227 -0.26640470113456743 0.0
vertex 0.988302081193091 -0.12973190755680386 -0.0801787282954641
endloop
endfacet
facet normal 0 0 0
outer loop
vertex 0.8090169943749475 -0.5000000000000001 0.30901699437494745
vertex 0.8396425434090719 -0.5189276302272154 0.1603574565909282
vertex 0.8891957226704116 -0.3891957226704116 0.24053618488639233
endloop
endfacet
facet normal 0 0 0
outer loop
vertex 0.8506508083520399 -0.5257311121191336 0.0
vertex 0.912982492932299 -0.3996070517018511 0.08232358003196016
vertex 0.8396425434090719 -0.5189276302272154 0.1603574565909282
endloop
endfacet
facet normal 0 0 0
outer loop
vertex 0.9510565162951536 -0.2628655560595668 0.16245984811645314
vertex 0.8891957226704116 -0.3891957226704116 0.24053618488639233
vertex 0.912982492932299 -0.3996070517018511 0.08232358003196016
endloop
endfacet
facet normal 0 0 0
outer loop
vertex 0.8396425434090719 -0.5189276302272154 0.1603574565909282
vertex 0.912982492932299 -0.3996070517018511 0.08232358003196016
vertex 0.8891957226704116 -0.3891957226704116 0.24053618488639233
endloop
endfacet
facet normal 0 0 0
outer loop
vertex 0.9510565162951536 -0.2628655560595668 -0.16245984811645314
vertex 0.9638612634676227 -0.26640470113456743 0.0
vertex 0.912982492932299 -0.3996070517018511 -0.08232358003196016
endloop
endfacet
facet normal 0 0 0
outer loop
vertex 0.9510565162951536 -0.2628655560595668 0.16245984811645314
vertex 0.912982492932299 -0.3996070517018511 0.08232358003196016
vertex 0.9638612634676227 -0.26640470113456743 0.0
endloop
endfacet
facet normal 0 0 0
outer loop
vertex 0.8506508083520399 -0.5257311121191336 0.0
vertex 0.912982492932299 -0.3996070517018511 -0.08232358003196016
vertex 0.912982492932299 -0.3996070517018511 0.08232358003196016
endloop
endfacet
facet normal 0 0 0
outer loop
vertex 0.9638612634676227 -0.26640470113456743 0.0
vertex 0.912982492932299 -0.3996070517018511 0.08232358003196016
vertex 0.912982492932299 -0.3996070517018511 -0.08232358003196016
endloop
endfacet
facet normal 0 0 0
outer loop
vertex 0.0 -0.5257311121191336 0.85065080835204
vertex 0.11340902917961729 -0.49063444264892453 0.863953838921453
vertex 0.0 -0.4205438079847925 0.9072722334369383
endloop
endfacet
facet normal 0 0 0
outer loop
vertex 0.2388556408050596 -0.4428627132664894 0.864187826837342
vertex 0.12075076365446102 -0.3731403805298118 0.9198834216871895
vertex 0.11340902917961729 -0.49063444264892453 0.863953838921453
endloop
endfacet
facet normal 0 0 0
outer loop
vertex 0.0 -0.29524180884432627 0.9554225632202384
vertex 0.0 -0.4205438079847925 0.9072722334369383
vertex 0.12075076365446102 -0.3731403805298118 0.9198834216871895
endloop
endfacet
facet normal 0 0 0
outer loop
vertex 0.11340902917961729 -0.49063444264892453 0.863953838921453
vertex 0.12075076365446102 -0.3731403805298118 0.9198834216871895
vertex 0.0 -0.4205438079847925 0.9072722334369383
endloop
endfacet
facet normal 0 0 0
outer loop
vertex 0.5000000000000001 -0.30901699437494745 0.8090169943749475
vertex 0.3891957226704116 -0.24053618488639233 0.8891957226704116
vertex 0.3706024182004535 -0.38174148460130475 0.8467155877615387
endloop
endfacet
facet normal 0 0 0
outer loop
vertex 0.2628655560595668 -0.16245984811645314 0.9510565162951536
vertex 0.25303862453857456 -0.3127729408627245 0.915502344047086
vertex 0.3891957226704116 -0.24053618488639233 0.8891957226704116
endloop
endfacet
facet normal 0 0 0
outer loop
vertex 0.2388556408050596 -0.4428627132664894 0.864187826837342
vertex 0.3706024182004535 -0.38174148460130475 0.8467155877615387
vertex 0.25303862453857456 -0.3127729408627245 0.915502344047086
endloop
endfacet
facet normal 0 0 0
outer loop
vertex 0.3891957226704116 -0.24053618488639233 0.8891957226704116
vertex 0.25303862453857456 -0.3127729408627245 0.915502344047086
vertex 0.3706024182004535 -0.38174148460130475 0.8467155877615387
endloop
endfacet
facet normal 0 0 0
outer loop
vertex 0.0 0.0 1.0
vertex 0.0 -0.15269659384052192 0.9882731152012093
vertex 0.12973190755680386 -0.0801787282954641 0.988302081193091
endloop
endfacet
facet normal 0 0 0
outer loop
vertex 0.0 -0.29524180884432627 0.9554225632202384
vertex 0.12651931226928728 -0.2345797056470434 0.9638284211006921
vertex 0.0 -0.15269659384052192 0.9882731152012093
endloop
endfacet
facet normal 0 0 0
outer loop
vertex 0.2628655560595668 -0.16245984811645314 0.9510565162951536
vertex 0.12973190755680386 -0.0801787282954641 0.988302081193091
vertex 0.12651931226928728 -0.2345797056470434 0.9638284211006921
endloop
endfacet
facet normal 0 0 0
outer loop
vertex 0.0 -0.15269659384052192 0.9882731152012093
vertex 0.12651931226928728 -0.2345797056470434 0.9638284211006921
vertex 0.12973190755680386 -0.0801787282954641 0.988302081193091
endloop
endfacet
facet normal 0 0 0
outer loop
vertex 0.2388556408050596 -0.4428627132664894 0.864187826837342
vertex 0.25303862453857456 -0.3127729408627245 0.915502344047086
vertex 0.12075076365446102 -0.3731403805298118 0.9198834216871895
endloop
endfacet
facet normal 0 0 0
outer loop
vertex 0.2628655560595668 -0.16245984811645314 0.9510565162951536
vertex 0.12651931226928728 -0.2345797056470434 0.9638284211006921
vertex 0.25303862453857456 -0.3127729408627245 0.915502344047086
endloop
endfacet
facet normal 0 0 0
outer loop
vertex 0.0 -0.29524180884432627 0.9554225632202384
vertex 0.12075076365446102 -0.3731403805298118 0.9198834216871895
vertex 0.12651931226928728 -0.2345797056470434 0.9638284211006921
endloop
endfacet
facet normal 0 0 0
outer loop
vertex 0.25303862453857456 -0.3127729408627245 0.915502344047086
vertex 0.12651931226928728 -0.2345797056470434 0.9638284211006921
vertex 0.12075076365446102 -0.3731403805298118 0.9198834216871895
endloop
endfacet
facet normal 0 0 0
outer loop
vertex 0.85065080835204 0.0 0.5257311121191336
vertex 0.7938632042573209 0.07009063466413208 0.6040434718285418
vertex 0.7938632042573209 -0.07009063466413208 0.6040434718285418
endloop
endfacet
facet normal 0 0 0
outer loop
vertex 0.7165669224151787 0.1476209044221631 0.6817183540715489
vertex 0.7245045819267661 0.0 0.6892699839446963
vertex 0.7938632042573209 0.07009063466413208 0.6040434718285418
endloop
endfacet
facet normal 0 0 0
outer loop
vertex 0.7165669224151787 -0.1476209044221631 0.6817183540715489
vertex 0.7938632042573209 -0.07009063466413208 0.6040434718285418
vertex 0.7245045819267661 0.0 0.6892699839446963
endloop
endfacet
facet normal 0 0 0
outer loop
vertex 0.7938632042573209 0.07009063466413208 0.6040434718285418
vertex 0.7245045819267661 0.0 0.6892699839446963
vertex 0.7938632042573209 -0.07009063466413208 0.6040434718285418
endloop
endfacet
facet normal 0 0 0
outer loop
vertex 0.5000000000000001 0.30901699437494745 0.8090169943749475
vertex 0.5189276302272154 0.1603574565909282 0.8396425434090719
vertex 0.6176706970007557 0.22904489076078288 0.7523439028017582
endloop
endfacet
facet normal 0 0 0
outer loop
vertex 0.5257311121191336 0.0 0.8506508083520399
vertex 0.6325965613464364 0.07819323521568113 0.7705241128862674
vertex 0.5189276302272154 0.1603574565909282 0.8396425434090719
endloop
endfacet
facet normal 0 0 0
outer loop
vertex 0.7165669224151787 0.1476209044221631 0.6817183540715489
vertex 0.6176706970007557 0.22904489076078288 0.7523439028017582
vertex 0.6325965613464364 0.07819323521568113 0.7705241128862674
endloop
endfacet
facet normal 0 0 0
outer loop
vertex 0.5189276302272154 0.1603574565909282 0.8396425434090719
vertex 0.6325965613464364 0.07819323521568113 0.7705241128862674
vertex 0.6176706970007557 0.22904489076078288 0.7523439028017582
endloop
endfacet
facet normal 0 0 0
outer loop
vertex 0.5000000000000001 -0.30901699437494745 0.8090169943749475
vertex 0.6176706970007557 -0.22904489076078288 0.7523439028017582
vertex 0.5189276302272154 -0.1603574565909282 0.8396425434090719
endloop
endfacet
facet normal 0 0 0
outer loop
vertex 0.7165669224151787 -0.1476209044221631 0.6817183540715489
vertex 0.6325965613464364 -0.07819323521568113 0.7705241128862674
vertex 0.6176706970007557 -0.22904489076078288 0.7523439028017582
endloop
endfacet
facet normal 0 0 0
outer loop
vertex 0.5257311121191336 0.0 0.8506508083520399
vertex 0.5189276302272154 -0.1603574565909282 0.8396425434090719
vertex 0.6325965613464364 -0.07819323521568113 0.7705241128862674
endloop
endfacet
facet normal 0 0 0
outer loop
vertex 0.6176706970007557 -0.22904489076078288 0.7523439028017582
vertex 0.6325965613464364 -0.07819323521568113 0.7705241128862674
vertex 0.5189276302272154 -0.1603574565909282 0.8396425434090719
endloop
endfacet
facet normal 0 0 0
outer loop
vertex 0.7165669224151787 0.1476209044221631 0.6817183540715489
vertex 0.6325965613464364 0.07819323521568113 0.7705241128862674
vertex 0.7245045819267661 0.0 0.6892699839446963
endloop
endfacet
facet normal 0 0 0
outer loop
vertex 0.5257311121191336 0.0 0.8506508083520399
vertex 0.6325965613464364 -0.07819323521568113 0.7705241128862674
vertex 0.6325965613464364 0.07819323521568113 0.7705241128862674
endloop
endfacet
facet normal 0 0 0
outer loop
vertex 0.7165669224151787 -0.1476209044221631 0.6817183540715489
vertex 0.7245045819267661 0.0 0.6892699839446963
vertex 0.6325965613464364 -0.07819323521568113 0.7705241128862674
endloop
endfacet
facet normal 0 0 0
outer loop
vertex 0.6325965613464364 0.07819323521568113 0.7705241128862674
vertex 0.6325965613464364 -0.07819323521568113 0.7705241128862674
vertex 0.7245045819267661 0.0 0.6892699839446963
endloop
endfacet
facet normal 0 0 0
outer loop
vertex 0.0 0.5257311121191336 0.85065080835204
vertex 0.0 0.4205438079847925 0.9072722334369383
vertex 0.11340902917961729 0.49063444264892453 0.863953838921453
endloop
endfacet
facet normal 0 0 0
outer loop
vertex 0.0 0.29524180884432627 0.9554225632202384
vertex 0.12075076365446102 0.3731403805298118 0.9198834216871895
vertex 0.0 0.4205438079847925 0.9072722334369383
endloop
endfacet
facet normal 0 0 0
outer loop
vertex 0.2388556408050596 0.4428627132664894 0.864187826837342
vertex 0.11340902917961729 0.49063444264892453 0.863953838921453
vertex 0.12075076365446102 0.3731403805298118 0.9198834216871895
endloop
endfacet
facet normal 0 0 0
outer loop
vertex 0.0 0.4205438079847925 0.9072722334369383
vertex 0.12075076365446102 0.3731403805298118 0.9198834216871895
vertex 0.11340902917961729 0.49063444264892453 0.863953838921453
endloop
endfacet
facet normal 0 0 0
outer loop
vertex 0.0 0.0 1.0
vertex 0.12973190755680386 0.0801787282954641 0.988302081193091
vertex 0.0 0.15269659384052192 0.9882731152012093
endloop
endfacet
facet normal 0 0 0
outer loop
vertex 0.2628655560595668 0.16245984811645314 0.9510565162951536
vertex 0.12651931226928728 0.2345797056470434 0.9638284211006921
vertex 0.12973190755680386 0.0801787282954641 0.988302081193091
endloop
endfacet
facet normal 0 0 0
outer loop
vertex 0.0 0.29524180884432627 0.9554225632202384
vertex 0.0 0.15269659384052192 0.9882731152012093
vertex 0.12651931226928728 0.2345797056470434 0.9638284211006921
endloop
endfacet
facet normal 0 0 0
outer loop
vertex 0.12973190755680386 0.0801787282954641 0.988302081193091
vertex 0.12651931226928728 0.2345797056470434 0.9638284211006921
vertex 0.0 0.15269659384052192 0.9882731152012093
endloop
endfacet
facet normal 0 0 0
outer loop
vertex 0.5000000000000001 0.30901699437494745 0.8090169943749475
vertex 0.3706024182004535 0.38174148460130475 0.8467155877615387
vertex 0.3891957226704116 0.24053618488639233 0.8891957226704116
endloop
endfacet
facet normal 0 0 0
outer loop
vertex 0.2388556408050596 0.4428627132664894 0.864187826837342
vertex 0.25303862453857456 0.3127729408627245 0.915502344047086
vertex 0.3706024182004535 0.38174148460130475 0.8467155877615387
endloop
endfacet
facet normal 0 0 0
outer loop
vertex 0.2628655560595668 0.16245984811645314 0.9510565162951536
vertex 0.3891957226704116 0.24053618488639233 0.8891957226704116
vertex 0.25303862453857456 0.3127729408627245 0.915502344047086
endloop
endfacet
facet normal 0 0 0
outer loop
vertex 0.3706024182004535 0.38174148460130475 0.8467155877615387
vertex 0.25303862453857456 0.3127729408627245 0.915502344047086
vertex 0.3891957226704116 0.24053618488639233 0.8891957226704116
endloop
endfacet
facet normal 0 0 0
outer loop
vertex 0.0 0.29524180884432627 0.9554225632202384
vertex 0.12651931226928728 0.2345797056470434 0.9638284211006921
vertex 0.12075076365446102 0.3731403805298118 0.9198834216871895
endloop
endfacet
facet normal 0 0 0
outer loop
vertex 0.2628655560595668 0.16245984811645314 0.9510565162951536
vertex 0.25303862453857456 0.3127729408627245 0.915502344047086
vertex 0.12651931226928728 0.2345797056470434 0.9638284211006921
endloop
endfacet
facet normal 0 0 0
outer loop
vertex 0.2388556408050596 0.4428627132664894 0.864187826837342
vertex 0.12075076365446102 0.3731403805298118 0.9198834216871895
vertex 0.25303862453857456 0.3127729408627245 0.915502344047086
endloop
endfacet
facet normal 0 0 0
outer loop
vertex 0.12651931226928728 0.2345797056470434 0.9638284211006921
vertex 0.25303862453857456 0.3127729408627245 0.915502344047086
vertex 0.12075076365446102 0.3731403805298118 0.9198834216871895
endloop
endfacet
facet normal 0 0 0
outer loop
vertex 0.5000000000000001 -0.30901699437494745 0.8090169943749475
vertex 0.5189276302272154 -0.1603574565909282 0.8396425434090719
vertex 0.3891957226704116 -0.24053618488639233 0.8891957226704116
endloop
endfacet
facet normal 0 0 0
outer loop
vertex 0.5257311121191336 0.0 0.8506508083520399
vertex 0.3996070517018511 -0.08232358003196016 0.912982492932299
vertex 0.5189276302272154 -0.1603574565909282 0.8396425434090719
endloop
endfacet
facet normal 0 0 0
outer loop
vertex 0.2628655560595668 -0.16245984811645314 0.9510565162951536
vertex 0.3891957226704116 -0.24053618488639233 0.8891957226704116
vertex 0.3996070517018511 -0.08232358003196016 0.912982492932299
endloop
endfacet
facet normal 0 0 0
outer loop
vertex 0.5189276302272154 -0.1603574565909282 0.8396425434090719
vertex 0.3996070517018511 -0.08232358003196016 0.912982492932299
vertex 0.3891957226704116 -0.24053618488639233 0.8891957226704116
endloop
endfacet
facet normal 0 0 0
outer loop
vertex 0.5000000000000001 0.30901699437494745 0.8090169943749475
vertex 0.3891957226704116 0.24053618488639233 0.8891957226704116
vertex 0.5189276302272154 0.1603574565909282 0.8396425434090719
endloop
endfacet
facet normal 0 0 0
outer loop
vertex 0.2628655560595668 0.16245984811645314 0.9510565162951536
vertex 0.3996070517018511 0.08232358003196016 0.912982492932299
vertex 0.3891957226704116 0.24053618488639233 0.8891957226704116
endloop
endfacet
facet normal 0 0 0
outer loop
vertex 0.5257311121191336 0.0 0.8506508083520399
vertex 0.5189276302272154 0.1603574565909282 0.8396425434090719
vertex 0.3996070517018511 0.08232358003196016 0.912982492932299
endloop
endfacet
facet normal 0 0 0
outer loop
vertex 0.3891957226704116 0.24053618488639233 0.8891957226704116
vertex 0.3996070517018511 0.08232358003196016 0.912982492932299
vertex 0.5189276302272154 0.1603574565909282 0.8396425434090719
endloop
endfacet
facet normal 0 0 0
outer loop
vertex 0.0 0.0 1.0
vertex 0.12973190755680386 -0.0801787282954641 0.988302081193091
vertex 0.12973190755680386 0.0801787282954641 0.988302081193091
endloop
endfacet
facet normal 0 0 0
outer loop
vertex 0.2628655560595668 -0.16245984811645314 0.9510565162951536
vertex 0.26640470113456743 0.0 0.9638612634676227
vertex 0.12973190755680386 -0.0801787282954641 0.988302081193091
endloop
endfacet
facet normal 0 0 0
outer loop
vertex 0.2628655560595668 0.16245984811645314 0.9510565162951536
vertex 0.12973190755680386 0.0801787282954641 0.988302081193091
vertex 0.26640470113456743 0.0 0.9638612634676227
endloop
endfacet
facet normal 0 0 0
outer loop
vertex 0.12973190755680386 -0.0801787282954641 0.988302081193091
vertex 0.26640470113456743 0.0 0.9638612634676227
vertex 0.12973190755680386 0.0801787282954641 0.988302081193091
endloop
endfacet
facet normal 0 0 0
outer loop
vertex 0.5257311121191336 0.0 0.8506508083520399
vertex 0.3996070517018511 0.08232358003196016 0.912982492932299
vertex 0.3996070517018511 -0.08232358003196016 0.912982492932299
endloop
endfacet
facet normal 0 0 0
outer loop
vertex 0.2628655560595668 0.16245984811645314 0.9510565162951536
vertex 0.26640470113456743 0.0 0.9638612634676227
vertex 0.3996070517018511 0.08232358003196016 0.912982492932299
endloop
endfacet
facet normal 0 0 0
outer loop
vertex 0.2628655560595668 -0.16245984811645314 0.9510565162951536
vertex 0.3996070517018511 -0.08232358003196016 0.912982492932299
vertex 0.26640470113456743 0.0 0.9638612634676227
endloop
endfacet
facet normal 0 0 0
outer loop
vertex 0.3996070517018511 0.08232358003196016 0.912982492932299
vertex 0.26640470113456743 0.0 0.9638612634676227
vertex 0.3996070517018511 -0.08232358003196016 0.912982492932299
endloop
endfacet
facet normal 0 0 0
outer loop
vertex -0.5257311121191336 -0.85065080835204 0.0
vertex -0.49063444264892453 -0.863953838921453 0.11340902917961729
vertex -0.6040434718285418 -0.7938632042573209 0.07009063466413208
endloop
endfacet
facet normal 0 0 0
outer loop
vertex -0.4428627132664894 -0.864187826837342 0.2388556408050596
vertex -0.5685192202902352 -0.7991326580327286 0.1953788397604234
vertex -0.49063444264892453 -0.863953838921453 0.11340902917961729
endloop
endfacet
facet normal 0 0 0
outer loop
vertex -0.6817183540715489 -0.7165669224151787 0.1476209044221631
vertex -0.6040434718285418 -0.7938632042573209 0.07009063466413208
vertex -0.5685192202902352 -0.7991326580327286 0.1953788397604234
endloop
endfacet
facet normal 0 0 0
outer loop
vertex -0.49063444264892453 -0.863953838921453 0.11340902917961729
vertex -0.5685192202902352 -0.7991326580327286 0.1953788397604234
vertex -0.6040434718285418 -0.7938632042573209 0.07009063466413208
endloop
endfacet
facet normal 0 0 0
outer loop
vertex -0.3090169943749474 -0.8090169943749473 0.5
vertex -0.45044682073866027 -0.7594638151136078 0.46937445096587566
vertex -0.38174148460130475 -0.8467155877615387 0.3706024182004535
endloop
endfacet
facet normal 0 0 0
outer loop
vertex -0.5877852522924731 -0.6881909602355868 0.42532540417601994
vertex -0.5174854883476929 -0.7889830317777986 0.33123185975425573
vertex -0.45044682073866027 -0.7594638151136078 0.46937445096587566
endloop
endfacet
facet normal 0 0 0
outer loop
vertex -0.4428627132664894 -0.864187826837342 0.2388556408050596
vertex -0.38174148460130475 -0.8467155877615387 0.3706024182004535
vertex -0.5174854883476929 -0.7889830317777986 0.33123185975425573
endloop
endfacet
facet normal 0 0 0
outer loop
vertex -0.45044682073866027 -0.7594638151136078 0.46937445096587566
vertex -0.5174854883476929 -0.7889830317777986 0.33123185975425573
vertex -0.38174148460130475 -0.8467155877615387 0.3706024182004535
endloop
endfacet
facet normal 0 0 0
outer loop
vertex -0.8090169943749475 -0.5000000000000001 0.30901699437494745
vertex -0.7523439028017583 -0.6176706970007558 0.2290448907607829
vertex -0.7099106358522679 -0.5991063585226795 0.37026809244319614
endloop
endfacet
facet normal 0 0 0
outer loop
vertex -0.6817183540715489 -0.7165669224151787 0.1476209044221631
vertex -0.6440048006169802 -0.7107897965621175 0.28290578270064953
vertex -0.7523439028017583 -0.6176706970007558 0.2290448907607829
endloop
endfacet
facet normal 0 0 0
outer loop
vertex -0.5877852522924731 -0.6881909602355868 0.42532540417601994
vertex -0.7099106358522679 -0.5991063585226795 0.37026809244319614
vertex -0.6440048006169802 -0.7107897965621175 0.28290578270064953
endloop
endfacet
facet normal 0 0 0
outer loop
vertex -0.7523439028017583 -0.6176706970007558 0.2290448907607829
vertex -0.6440048006169802 -0.7107897965621175 0.28290578270064953
vertex -0.7099106358522679 -0.5991063585226795 0.37026809244319614
endloop
endfacet
facet normal 0 0 0
outer loop
vertex -0.4428627132664894 -0.864187826837342 0.2388556408050596
vertex -0.5174854883476929 -0.7889830317777986 0.33123185975425573
vertex -0.5685192202902352 -0.7991326580327286 0.1953788397604234
endloop
endfacet
facet normal 0 0 0
outer loop
vertex -0.5877852522924731 -0.6881909602355868 0.42532540417601994
vertex -0.6440048006169802 -0.7107897965621175 0.28290578270064953
vertex -0.5174854883476929 -0.7889830317777986 0.33123185975425573
endloop
endfacet
facet normal 0 0 0
outer loop
vertex -0.6817183540715489 -0.7165669224151787 0.1476209044221631
vertex -0.5685192202902352 -0.7991326580327286 0.1953788397604234
vertex -0.6440048006169802 -0.7107897965621175 0.28290578270064953
endloop
endfacet
facet normal 0 0 0
outer loop
vertex -0.5174854883476929 -0.7889830317777986 0.33123185975425573
vertex -0.6440048006169802 -0.7107897965621175 0.28290578270064953
vertex -0.5685192202902352 -0.7991326580327286 0.1953788397604234
endloop
endfacet
facet normal 0 0 0
outer loop
vertex 0.0 -0.5257311121191336 0.85065080835204
vertex -0.11340902917961729 -0.49063444264892453 0.863953838921453
vertex -0.07009063466413208 -0.6040434718285418 0.7938632042573209
endloop
endfacet
facet normal 0 0 0
outer loop
vertex -0.2388556408050596 -0.4428627132664894 0.864187826837342
vertex -0.19537883976042336 -0.5685192202902352 0.7991326580327285
vertex -0.11340902917961729 -0.49063444264892453 0.863953838921453
endloop
endfacet
facet normal 0 0 0
outer loop
vertex -0.1476209044221631 -0.6817183540715489 0.7165669224151787
vertex -0.07009063466413208 -0.6040434718285418 0.7938632042573209
vertex -0.19537883976042336 -0.5685192202902352 0.7991326580327285
endloop
endfacet
facet normal 0 0 0
outer loop
vertex -0.11340902917961729 -0.49063444264892453 0.863953838921453
vertex -0.19537883976042336 -0.5685192202902352 0.7991326580327285
vertex -0.07009063466413208 -0.6040434718285418 0.7938632042573209
endloop
endfacet
facet normal 0 0 0
outer loop
vertex -0.5000000000000001 -0.30901699437494745 0.8090169943749475
vertex -0.4693744509658756 -0.4504468207386602 0.7594638151136077
vertex -0.3706024182004535 -0.38174148460130475 0.8467155877615387
endloop
endfacet
facet normal 0 0 0
outer loop
vertex -0.42532540417601994 -0.5877852522924731 0.6881909602355868
vertex -0.33123185975425573 -0.5174854883476929 0.7889830317777986
vertex -0.4693744509658756 -0.4504468207386602 0.7594638151136077
endloop
endfacet
facet normal 0 0 0
outer loop
vertex -0.2388556408050596 -0.4428627132664894 0.864187826837342
vertex -0.3706024182004535 -0.38174148460130475 0.8467155877615387
vertex -0.33123185975425573 -0.5174854883476929 0.7889830317777986
endloop
endfacet
facet normal 0 0 0
outer loop
vertex -0.4693744509658756 -0.4504468207386602 0.7594638151136077
vertex -0.33123185975425573 -0.5174854883476929 0.7889830317777986
vertex -0.3706024182004535 -0.38174148460130475 0.8467155877615387
endloop
endfacet
facet normal 0 0 0
outer loop
vertex -0.3090169943749474 -0.8090169943749473 0.5
vertex -0.22904489076078288 -0.7523439028017582 0.6176706970007557
vertex -0.37026809244319614 -0.7099106358522679 0.5991063585226795
endloop
endfacet
facet normal 0 0 0
outer loop
vertex -0.1476209044221631 -0.6817183540715489 0.7165669224151787
vertex -0.28290578270064953 -0.6440048006169802 0.7107897965621175
vertex -0.22904489076078288 -0.7523439028017582 0.6176706970007557
endloop
endfacet
facet normal 0 0 0
outer loop
vertex -0.42532540417601994 -0.5877852522924731 0.6881909602355868
vertex -0.37026809244319614 -0.7099106358522679 0.5991063585226795
vertex -0.28290578270064953 -0.6440048006169802 0.7107897965621175
endloop
endfacet
facet normal 0 0 0
outer loop
vertex -0.22904489076078288 -0.7523439028017582 0.6176706970007557
vertex -0.28290578270064953 -0.6440048006169802 0.7107897965621175
vertex -0.37026809244319614 -0.7099106358522679 0.5991063585226795
endloop
endfacet
facet normal 0 0 0
outer loop
vertex -0.2388556408050596 -0.4428627132664894 0.864187826837342
vertex -0.33123185975425573 -0.5174854883476929 0.7889830317777986
vertex -0.19537883976042336 -0.5685192202902352 0.7991326580327285
endloop
endfacet
facet normal 0 0 0
outer loop
vertex -0.42532540417601994 -0.5877852522924731 0.6881909602355868
vertex -0.28290578270064953 -0.6440048006169802 0.7107897965621175
vertex -0.33123185975425573 -0.5174854883476929 0.7889830317777986
endloop
endfacet
facet normal 0 0 0
outer loop
vertex -0.1476209044221631 -0.6817183540715489 0.7165669224151787
vertex -0.19537883976042336 -0.5685192202902352 0.7991326580327285
vertex -0.28290578270064953 -0.6440048006169802 0.7107897965621175
endloop
endfacet
facet normal 0 0 0
outer loop
vertex -0.33123185975425573 -0.5174854883476929 0.7889830317777986
vertex -0.28290578270064953 -0.6440048006169802 0.7107897965621175
vertex -0.19537883976042336 -0.5685192202902352 0.7991326580327285
endloop
endfacet
facet normal 0 0 0
outer loop
vertex -0.85065080835204 0.0 0.5257311121191336
vertex -0.863953838921453 -0.11340902917961729 0.49063444264892453
vertex -0.7938632042573209 -0.07009063466413208 0.6040434718285418
endloop
endfacet
facet normal 0 0 0
outer loop
vertex -0.864187826837342 -0.2388556408050596 0.4428627132664894
vertex -0.7991326580327285 -0.19537883976042336 0.5685192202902352
vertex -0.863953838921453 -0.11340902917961729 0.49063444264892453
endloop
endfacet
facet normal 0 0 0
outer loop
vertex -0.7165669224151787 -0.1476209044221631 0.6817183540715489
vertex -0.7938632042573209 -0.07009063466413208 0.6040434718285418
vertex -0.7991326580327285 -0.19537883976042336 0.5685192202902352
endloop
endfacet
facet normal 0 0 0
outer loop
vertex -0.863953838921453 -0.11340902917961729 0.49063444264892453
vertex -0.7991326580327285 -0.19537883976042336 0.5685192202902352
vertex -0.7938632042573209 -0.07009063466413208 0.6040434718285418
endloop
endfacet
facet normal 0 0 0
outer loop
vertex -0.8090169943749475 -0.5000000000000001 0.30901699437494745
vertex -0.7594638151136077 -0.4693744509658756 0.4504468207386602
vertex -0.8467155877615387 -0.3706024182004535 0.38174148460130475
endloop
endfacet
facet normal 0 0 0
outer loop
vertex -0.6881909602355868 -0.42532540417601994 0.5877852522924731
vertex -0.7889830317777986 -0.33123185975425573 0.5174854883476929
vertex -0.7594638151136077 -0.4693744509658756 0.4504468207386602
endloop
endfacet
facet normal 0 0 0
outer loop
vertex -0.864187826837342 -0.2388556408050596 0.4428627132664894
vertex -0.8467155877615387 -0.3706024182004535 0.38174148460130475
vertex -0.7889830317777986 -0.33123185975425573 0.5174854883476929
endloop
endfacet
facet normal 0 0 0
outer loop
vertex -0.7594638151136077 -0.4693744509658756 0.4504468207386602
vertex -0.7889830317777986 -0.33123185975425573 0.5174854883476929
vertex -0.8467155877615387 -0.3706024182004535 0.38174148460130475
endloop
endfacet
facet normal 0 0 0
outer loop
vertex -0.5000000000000001 -0.30901699437494745 0.8090169943749475
vertex -0.6176706970007557 -0.22904489076078288 0.7523439028017582
vertex -0.5991063585226795 -0.37026809244319614 0.7099106358522679
endloop
endfacet
facet normal 0 0 0
outer loop
vertex -0.7165669224151787 -0.1476209044221631 0.6817183540715489
vertex -0.7107897965621175 -0.28290578270064953 0.6440048006169802
vertex -0.6176706970007557 -0.22904489076078288 0.7523439028017582
endloop
endfacet
facet normal 0 0 0
outer loop
vertex -0.6881909602355868 -0.42532540417601994 0.5877852522924731
vertex -0.5991063585226795 -0.37026809244319614 0.7099106358522679
vertex -0.7107897965621175 -0.28290578270064953 0.6440048006169802
endloop
endfacet
facet normal 0 0 0
outer loop
vertex -0.6176706970007557 -0.22904489076078288 0.7523439028017582
vertex -0.7107897965621175 -0.28290578270064953 0.6440048006169802
vertex -0.5991063585226795 -0.37026809244319614 0.7099106358522679
endloop
endfacet
facet normal 0 0 0
outer loop
vertex -0.864187826837342 -0.2388556408050596 0.4428627132664894
vertex -0.7889830317777986 -0.33123185975425573 0.5174854883476929
vertex -0.7991326580327285 -0.19537883976042336 0.5685192202902352
endloop
endfacet
facet normal 0 0 0
outer loop
vertex -0.6881909602355868 -0.42532540417601994 0.5877852522924731
vertex -0.7107897965621175 -0.28290578270064953 0.6440048006169802
vertex -0.7889830317777986 -0.33123185975425573 0.5174854883476929
endloop
endfacet
facet normal 0 0 0
outer loop
vertex -0.7165669224151787 -0.1476209044221631 0.6817183540715489
vertex -0.7991326580327285 -0.19537883976042336 0.5685192202902352
vertex -0.7107897965621175 -0.28290578270064953 0.6440048006169802
endloop
endfacet
facet normal 0 0 0
outer loop
vertex -0.7889830317777986 -0.33123185975425573 0.5174854883476929
vertex -0.7107897965621175 -0.28290578270064953 0.6440048006169802
vertex -0.7991326580327285 -0.19537883976042336 0.5685192202902352
endloop
endfacet
facet normal 0 0 0
outer loop
vertex -0.3090169943749474 -0.8090169943749473 0.5
vertex -0.37026809244319614 -0.7099106358522679 0.5991063585226795
vertex -0.45044682073866027 -0.7594638151136078 0.46937445096587566
endloop
endfacet
facet normal 0 0 0
outer loop
vertex -0.42532540417601994 -0.5877852522924731 0.6881909602355868
vertex -0.5133754412304479 -0.6465777917977317 0.5642542117657714
vertex -0.37026809244319614 -0.7099106358522679 0.5991063585226795
endloop
endfacet
facet normal 0 0 0
outer loop
vertex -0.5877852522924731 -0.6881909602355868 0.42532540417601994
vertex -0.45044682073866027 -0.7594638151136078 0.46937445096587566
vertex -0.5133754412304479 -0.6465777917977317 0.5642542117657714
endloop
endfacet
facet normal 0 0 0
outer loop
vertex -0.37026809244319614 -0.7099106358522679 0.5991063585226795
vertex -0.5133754412304479 -0.6465777917977317 0.5642542117657714
vertex -0.45044682073866027 -0.7594638151136078 0.46937445096587566
endloop
endfacet
facet normal 0 0 0
outer loop
vertex -0.5000000000000001 -0.30901699437494745 0.8090169943749475
vertex -0.5991063585226795 -0.37026809244319614 0.7099106358522679
vertex -0.4693744509658756 -0.4504468207386602 0.7594638151136077
endloop
endfacet
facet normal 0 0 0
outer loop
vertex -0.6881909602355868 -0.42532540417601994 0.5877852522924731
vertex -0.5642542117657714 -0.5133754412304479 0.6465777917977317
vertex -0.5991063585226795 -0.37026809244319614 0.7099106358522679
endloop
endfacet
facet normal 0 0 0
outer loop
vertex -0.42532540417601994 -0.5877852522924731 0.6881909602355868
vertex -0.4693744509658756 -0.4504468207386602 0.7594638151136077
vertex -0.5642542117657714 -0.5133754412304479 0.6465777917977317
endloop
endfacet
facet normal 0 0 0
outer loop
vertex -0.5991063585226795 -0.37026809244319614 0.7099106358522679
vertex -0.5642542117657714 -0.5133754412304479 0.6465777917977317
vertex -0.4693744509658756 -0.4504468207386602 0.7594638151136077
endloop
endfacet
facet normal 0 0 0
outer loop
vertex -0.8090169943749475 -0.5000000000000001 0.30901699437494745
vertex -0.7099106358522679 -0.5991063585226795 0.37026809244319614
vertex -0.7594638151136077 -0.4693744509658756 0.4504468207386602
endloop
endfacet
facet normal 0 0 0
outer loop
vertex -0.5877852522924731 -0.6881909602355868 0.42532540417601994
vertex -0.6465777917977317 -0.5642542117657714 0.5133754412304479
vertex -0.7099106358522679 -0.5991063585226795 0.37026809244319614
endloop
endfacet
facet normal 0 0 0
outer loop
vertex -0.6881909602355868 -0.42532540417601994 0.5877852522924731
vertex -0.7594638151136077 -0.4693744509658756 0.4504468207386602
vertex -0.6465777917977317 -0.5642542117657714 0.5133754412304479
endloop
endfacet
facet normal 0 0 0
outer loop
vertex -0.7099106358522679 -0.5991063585226795 0.37026809244319614
vertex -0.6465777917977317 -0.5642542117657714 0.5133754412304479
vertex -0.7594638151136077 -0.4693744509658756 0.4504468207386602
endloop
endfacet
facet normal 0 0 0
outer loop
vertex -0.42532540417601994 -0.5877852522924731 0.6881909602355868
vertex -0.5642542117657714 -0.5133754412304479 0.6465777917977317
vertex -0.5133754412304479 -0.6465777917977317 0.5642542117657714
endloop
endfacet
facet normal 0 0 0
outer loop
vertex -0.6881909602355868 -0.42532540417601994 0.5877852522924731
vertex -0.6465777917977317 -0.5642542117657714 0.5133754412304479
vertex -0.5642542117657714 -0.5133754412304479 0.6465777917977317
endloop
endfacet
facet normal 0 0 0
outer loop
vertex -0.5877852522924731 -0.6881909602355868 0.42532540417601994
vertex -0.5133754412304479 -0.6465777917977317 0.5642542117657714
vertex -0.6465777917977317 -0.5642542117657714 0.5133754412304479
endloop
endfacet
facet normal 0 0 0
outer loop
vertex -0.5642542117657714 -0.5133754412304479 0.6465777917977317
vertex -0.6465777917977317 -0.5642542117657714 0.5133754412304479
vertex -0.5133754412304479 -0.6465777917977317 0.5642542117657714
endloop
endfacet
facet normal 0 0 0
outer loop
vertex 0.0 -0.5257311121191336 -0.85065080835204
vertex -0.07009063466413208 -0.6040434718285418 -0.7938632042573209
vertex -0.11340902917961729 -0.49063444264892453 -0.863953838921453
endloop
endfacet
facet normal 0 0 0
outer loop
vertex -0.1476209044221631 -0.6817183540715489 -0.7165669224151787
vertex -0.19537883976042336 -0.5685192202902352 -0.7991326580327285
vertex -0.07009063466413208 -0.6040434718285418 -0.7938632042573209
endloop
endfacet
facet normal 0 0 0
outer loop
vertex -0.2388556408050596 -0.4428627132664894 -0.864187826837342
vertex -0.11340902917961729 -0.49063444264892453 -0.863953838921453
vertex -0.19537883976042336 -0.5685192202902352 -0.7991326580327285
endloop
endfacet
facet normal 0 0 0
outer loop
vertex -0.07009063466413208 -0.6040434718285418 -0.7938632042573209
vertex -0.19537883976042336 -0.5685192202902352 -0.7991326580327285
vertex -0.11340902917961729 -0.49063444264892453 -0.863953838921453
endloop
endfacet
facet normal 0 0 0
outer loop
vertex -0.3090169943749474 -0.8090169943749473 -0.5
vertex -0.37026809244319614 -0.7099106358522679 -0.5991063585226795
vertex -0.22904489076078288 -0.7523439028017582 -0.6176706970007557
endloop
endfacet
facet normal 0 0 0
outer loop
vertex -0.42532540417601994 -0.5877852522924731 -0.6881909602355868
vertex -0.28290578270064953 -0.6440048006169802 -0.7107897965621175
vertex -0.37026809244319614 -0.7099106358522679 -0.5991063585226795
endloop
endfacet
facet normal 0 0 0
outer loop
vertex -0.1476209044221631 -0.6817183540715489 -0.7165669224151787
vertex -0.22904489076078288 -0.7523439028017582 -0.6176706970007557
vertex -0.28290578270064953 -0.6440048006169802 -0.7107897965621175
endloop
endfacet
facet normal 0 0 0
outer loop
vertex -0.37026809244319614 -0.7099106358522679 -0.5991063585226795
vertex -0.28290578270064953 -0.6440048006169802 -0.7107897965621175
vertex -0.22904489076078288 -0.7523439028017582 -0.6176706970007557
endloop
endfacet
facet normal 0 0 0
outer loop
vertex -0.5000000000000001 -0.30901699437494745 -0.8090169943749475
vertex -0.3706024182004535 -0.38174148460130475 -0.8467155877615387
vertex -0.4693744509658756 -0.4504468207386602 -0.7594638151136077
endloop
endfacet
facet normal 0 0 0
outer loop
vertex -0.2388556408050596 -0.4428627132664894 -0.864187826837342
vertex -0.33123185975425573 -0.5174854883476929 -0.7889830317777986
vertex -0.3706024182004535 -0.38174148460130475 -0.8467155877615387
endloop
endfacet
facet normal 0 0 0
outer loop
vertex -0.42532540417601994 -0.5877852522924731 -0.6881909602355868
vertex -0.4693744509658756 -0.4504468207386602 -0.7594638151136077
vertex -0.33123185975425573 -0.5174854883476929 -0.7889830317777986
endloop
endfacet
facet normal 0 0 0
outer loop
vertex -0.3706024182004535 -0.38174148460130475 -0.8467155877615387
vertex -0.33123185975425573 -0.5174854883476929 -0.7889830317777986
vertex -0.4693744509658756 -0.4504468207386602 -0.7594638151136077
endloop
endfacet
facet normal 0 0 0
outer loop
vertex -0.1476209044221631 -0.6817183540715489 -0.7165669224151787
vertex -0.28290578270064953 -0.6440048006169802 -0.7107897965621175
vertex -0.19537883976042336 -0.5685192202902352 -0.7991326580327285
endloop
endfacet
facet normal 0 0 0
outer loop
vertex -0.42532540417601994 -0.5877852522924731 -0.6881909602355868
vertex -0.33123185975425573 -0.5174854883476929 -0.7889830317777986
vertex -0.28290578270064953 -0.6440048006169802 -0.7107897965621175
endloop
endfacet
facet normal 0 0 0
outer loop
vertex -0.2388556408050596 -0.4428627132664894 -0.864187826837342
vertex -0.19537883976042336 -0.5685192202902352 -0.7991326580327285
vertex -0.33123185975425573 -0.5174854883476929 -0.7889830317777986
endloop
endfacet
facet normal 0 0 0
outer loop
vertex -0.28290578270064953 -0.6440048006169802 -0.7107897965621175
vertex -0.33123185975425573 -0.5174854883476929 -0.7889830317777986
vertex -0.19537883976042336 -0.5685192202902352 -0.7991326580327285
endloop
endfacet
facet normal 0 0 0
outer loop
vertex -0.5257311121191336 -0.85065080835204 0.0
vertex -0.6040434718285418 -0.7938632042573209 -0.07009063466413208
vertex -0.49063444264892453 -0.863953838921453 -0.11340902917961729
endloop
endfacet
facet normal 0 0 0
outer loop
vertex -0.6817183540715489 -0.7165669224151787 -0.1476209044221631
vertex -0.5685192202902352 -0.7991326580327286 -0.1953788397604234
vertex -0.6040434718285418 -0.7938632042573209 -0.07009063466413208
endloop
endfacet
facet normal 0 0 0
outer loop
vertex -0.4428627132664894 -0.864187826837342 -0.2388556408050596
vertex -0.49063444264892453 -0.863953838921453 -0.11340902917961729
vertex -0.5685192202902352 -0.7991326580327286 -0.1953788397604234
endloop
endfacet
facet normal 0 0 0
outer loop
vertex -0.6040434718285418 -0.7938632042573209 -0.07009063466413208
vertex -0.5685192202902352 -0.7991326580327286 -0.1953788397604234
vertex -0.49063444264892453 -0.863953838921453 -0.11340902917961729
endloop
endfacet
facet normal 0 0 0
outer loop
vertex -0.8090169943749475 -0.5000000000000001 -0.30901699437494745
vertex -0.7099106358522679 -0.5991063585226795 -0.37026809244319614
vertex -0.7523439028017583 -0.6176706970007558 -0.2290448907607829
endloop
endfacet
facet normal 0 0 0
outer loop
vertex -0.5877852522924731 -0.6881909602355868 -0.42532540417601994
vertex -0.6440048006169802 -0.7107897965621175 -0.28290578270064953
vertex -0.7099106358522679 -0.5991063585226795 -0.37026809244319614
endloop
endfacet
facet normal 0 0 0
outer loop
vertex -0.6817183540715489 -0.7165669224151787 -0.1476209044221631
vertex -0.7523439028017583 -0.6176706970007558 -0.2290448907607829
vertex -0.6440048006169802 -0.7107897965621175 -0.28290578270064953
endloop
endfacet
facet normal 0 0 0
outer loop
vertex -0.7099106358522679 -0.5991063585226795 -0.37026809244319614
vertex -0.6440048006169802 -0.7107897965621175 -0.28290578270064953
vertex -0.7523439028017583 -0.6176706970007558 -0.2290448907607829
endloop
endfacet
facet normal 0 0 0
outer loop
vertex -0.3090169943749474 -0.8090169943749473 -0.5
vertex -0.38174148460130475 -0.8467155877615387 -0.3706024182004535
vertex -0.45044682073866027 -0.7594638151136078 -0.46937445096587566
endloop
endfacet
facet normal 0 0 0
outer loop
vertex -0.4428627132664894 -0.864187826837342 -0.2388556408050596
vertex -0.5174854883476929 -0.7889830317777986 -0.33123185975425573
vertex -0.38174148460130475 -0.8467155877615387 -0.3706024182004535
endloop
endfacet
facet normal 0 0 0
outer loop
vertex -0.5877852522924731 -0.6881909602355868 -0.42532540417601994
vertex -0.45044682073866027 -0.7594638151136078 -0.46937445096587566
vertex -0.5174854883476929 -0.7889830317777986 -0.33123185975425573
endloop
endfacet
facet normal 0 0 0
outer loop
vertex -0.38174148460130475 -0.8467155877615387 -0.3706024182004535
vertex -0.5174854883476929 -0.7889830317777986 -0.33123185975425573
vertex -0.45044682073866027 -0.7594638151136078 -0.46937445096587566
endloop
endfacet
facet normal 0 0 0
outer loop
vertex -0.6817183540715489 -0.7165669224151787 -0.1476209044221631
vertex -0.6440048006169802 -0.7107897965621175 -0.28290578270064953
vertex -0.5685192202902352 -0.7991326580327286 -0.1953788397604234
endloop
endfacet
facet normal 0 0 0
outer loop
vertex -0.5877852522924731 -0.6881909602355868 -0.42532540417601994
vertex -0.5174854883476929 -0.7889830317777986 -0.33123185975425573
vertex -0.6440048006169802 -0.7107897965621175 -0.28290578270064953
endloop
endfacet
facet normal 0 0 0
outer loop
vertex -0.4428627132664894 -0.864187826837342 -0.2388556408050596
vertex -0.5685192202902352 -0.7991326580327286 -0.1953788397604234
vertex -0.5174854883476929 -0.7889830317777986 -0.33123185975425573
endloop
endfacet
facet normal 0 0 0
outer loop
vertex -0.6440048006169802 -0.7107897965621175 -0.28290578270064953
vertex -0.5174854883476929 -0.7889830317777986 -0.33123185975425573
vertex -0.5685192202902352 -0.7991326580327286 -0.1953788397604234
endloop
endfacet
facet normal 0 0 0
outer loop
vertex -0.85065080835204 0.0 -0.5257311121191336
vertex -0.7938632042573209 -0.07009063466413208 -0.6040434718285418
vertex -0.863953838921453 -0.11340902917961729 -0.49063444264892453
endloop
endfacet
facet normal 0 0 0
outer loop
vertex -0.7165669224151787 -0.1476209044221631 -0.6817183540715489
vertex -0.7991326580327285 -0.19537883976042336 -0.5685192202902352
vertex -0.7938632042573209 -0.07009063466413208 -0.6040434718285418
endloop
endfacet
facet normal 0 0 0
outer loop
vertex -0.864187826837342 -0.2388556408050596 -0.4428627132664894
vertex -0.863953838921453 -0.11340902917961729 -0.49063444264892453
vertex -0.7991326580327285 -0.19537883976042336 -0.5685192202902352
endloop
endfacet
facet normal 0 0 0
outer loop
vertex -0.7938632042573209 -0.07009063466413208 -0.6040434718285418
vertex -0.7991326580327285 -0.19537883976042336 -0.5685192202902352
vertex -0.863953838921453 -0.11340902917961729 -0.49063444264892453
endloop
endfacet
facet normal 0 0 0
outer loop
vertex -0.5000000000000001 -0.30901699437494745 -0.8090169943749475
vertex -0.5991063585226795 -0.37026809244319614 -0.7099106358522679
vertex -0.6176706970007557 -0.22904489076078288 -0.7523439028017582
endloop
endfacet
facet normal 0 0 0
outer loop
vertex -0.6881909602355868 -0.42532540417601994 -0.5877852522924731
vertex -0.7107897965621175 -0.28290578270064953 -0.6440048006169802
vertex -0.5991063585226795 -0.37026809244319614 -0.7099106358522679
endloop
endfacet
facet normal 0 0 0
outer loop
vertex -0.7165669224151787 -0.1476209044221631 -0.6817183540715489
vertex -0.6176706970007557 -0.22904489076078288 -0.7523439028017582
vertex -0.7107897965621175 -0.28290578270064953 -0.6440048006169802
endloop
endfacet
facet normal 0 0 0
outer loop
vertex -0.5991063585226795 -0.37026809244319614 -0.7099106358522679
vertex -0.7107897965621175 -0.28290578270064953 -0.6440048006169802
vertex -0.6176706970007557 -0.22904489076078288 -0.7523439028017582
endloop
endfacet
facet normal 0 0 0
outer loop
vertex -0.8090169943749475 -0.5000000000000001 -0.30901699437494745
vertex -0.8467155877615387 -0.3706024182004535 -0.38174148460130475
vertex -0.7594638151136077 -0.4693744509658756 -0.4504468207386602
endloop
endfacet
facet normal 0 0 0
outer loop
vertex -0.864187826837342 -0.2388556408050596 -0.4428627132664894
vertex -0.7889830317777986 -0.33123185975425573 -0.5174854883476929
vertex -0.8467155877615387 -0.3706024182004535 -0.38174148460130475
endloop
endfacet
facet normal 0 0 0
outer loop
vertex -0.6881909602355868 -0.42532540417601994 -0.5877852522924731
vertex -0.7594638151136077 -0.4693744509658756 -0.4504468207386602
vertex -0.7889830317777986 -0.33123185975425573 -0.5174854883476929
endloop
endfacet
facet normal 0 0 0
outer loop
vertex -0.8467155877615387 -0.3706024182004535 -0.38174148460130475
vertex -0.7889830317777986 -0.33123185975425573 -0.5174854883476929
vertex -0.7594638151136077 -0.4693744509658756 -0.4504468207386602
endloop
endfacet
facet normal 0 0 0
outer loop
vertex -0.7165669224151787 -0.1476209044221631 -0.6817183540715489
vertex -0.7107897965621175 -0.28290578270064953 -0.6440048006169802
vertex -0.7991326580327285 -0.19537883976042336 -0.5685192202902352
endloop
endfacet
facet normal 0 0 0
outer loop
vertex -0.6881909602355868 -0.42532540417601994 -0.5877852522924731
vertex -0.7889830317777986 -0.33123185975425573 -0.5174854883476929
vertex -0.7107897965621175 -0.28290578270064953 -0.6440048006169802
endloop
endfacet
facet normal 0 0 0
outer loop
vertex -0.864187826837342 -0.2388556408050596 -0.4428627132664894
vertex -0.7991326580327285 -0.19537883976042336 -0.5685192202902352
vertex -0.7889830317777986 -0.33123185975425573 -0.5174854883476929
endloop
endfacet
facet normal 0 0 0
outer loop
vertex -0.7107897965621175 -0.28290578270064953 -0.6440048006169802
vertex -0.7889830317777986 -0.33123185975425573 -0.5174854883476929
vertex -0.7991326580327285 -0.19537883976042336 -0.5685192202902352
endloop
endfacet
facet normal 0 0 0
outer loop
vertex -0.3090169943749474 -0.8090169943749473 -0.5
vertex -0.45044682073866027 -0.7594638151136078 -0.46937445096587566
vertex -0.37026809244319614 -0.7099106358522679 -0.5991063585226795
endloop
endfacet
facet normal 0 0 0
outer loop
vertex -0.5877852522924731 -0.6881909602355868 -0.42532540417601994
vertex -0.5133754412304479 -0.6465777917977317 -0.5642542117657714
vertex -0.45044682073866027 -0.7594638151136078 -0.46937445096587566
endloop
endfacet
facet normal 0 0 0
outer loop
vertex -0.42532540417601994 -0.5877852522924731 -0.6881909602355868
vertex -0.37026809244319614 -0.7099106358522679 -0.5991063585226795
vertex -0.5133754412304479 -0.6465777917977317 -0.5642542117657714
endloop
endfacet
facet normal 0 0 0
outer loop
vertex -0.45044682073866027 -0.7594638151136078 -0.46937445096587566
vertex -0.5133754412304479 -0.6465777917977317 -0.5642542117657714
vertex -0.37026809244319614 -0.7099106358522679 -0.5991063585226795
endloop
endfacet
facet normal 0 0 0
outer loop
vertex -0.8090169943749475 -0.5000000000000001 -0.30901699437494745
vertex -0.7594638151136077 -0.4693744509658756 -0.4504468207386602
vertex -0.7099106358522679 -0.5991063585226795 -0.37026809244319614
endloop
endfacet
facet normal 0 0 0
outer loop
vertex -0.6881909602355868 -0.42532540417601994 -0.5877852522924731
vertex -0.6465777917977317 -0.5642542117657714 -0.5133754412304479
vertex -0.7594638151136077 -0.4693744509658756 -0.4504468207386602
endloop
endfacet
facet normal 0 0 0
outer loop
vertex -0.5877852522924731 -0.6881909602355868 -0.42532540417601994
vertex -0.7099106358522679 -0.5991063585226795 -0.37026809244319614
vertex -0.6465777917977317 -0.5642542117657714 -0.5133754412304479
endloop
endfacet
facet normal 0 0 0
outer loop
vertex -0.7594638151136077 -0.4693744509658756 -0.4504468207386602
vertex -0.6465777917977317 -0.5642542117657714 -0.5133754412304479
vertex -0.7099106358522679 -0.5991063585226795 -0.37026809244319614
endloop
endfacet
facet normal 0 0 0
outer loop
vertex -0.5000000000000001 -0.30901699437494745 -0.8090169943749475
vertex -0.4693744509658756 -0.4504468207386602 -0.7594638151136077
vertex -0.5991063585226795 -0.37026809244319614 -0.7099106358522679
endloop
endfacet
facet normal 0 0 0
outer loop
vertex -0.42532540417601994 -0.5877852522924731 -0.6881909602355868
vertex -0.5642542117657714 -0.5133754412304479 -0.6465777917977317
vertex -0.4693744509658756 -0.4504468207386602 -0.7594638151136077
endloop
endfacet
facet normal 0 0 0
outer loop
vertex -0.6881909602355868 -0.42532540417601994 -0.5877852522924731
vertex -0.5991063585226795 -0.37026809244319614 -0.7099106358522679
vertex -0.5642542117657714 -0.5133754412304479 -0.6465777917977317
endloop
endfacet
facet normal 0 0 0
outer loop
vertex -0.4693744509658756 -0.4504468207386602 -0.7594638151136077
vertex -0.5642542117657714 -0.5133754412304479 -0.6465777917977317
vertex -0.5991063585226795 -0.37026809244319614 -0.7099106358522679
endloop
endfacet
facet normal 0 0 0
outer loop
vertex -0.5877852522924731 -0.6881909602355868 -0.42532540417601994
vertex -0.6465777917977317 -0.5642542117657714 -0.5133754412304479
vertex -0.5133754412304479 -0.6465777917977317 -0.5642542117657714
endloop
endfacet
facet normal 0 0 0
outer loop
vertex -0.6881909602355868 -0.42532540417601994 -0.5877852522924731
vertex -0.5642542117657714 -0.5133754412304479 -0.6465777917977317
vertex -0.6465777917977317 -0.5642542117657714 -0.5133754412304479
endloop
endfacet
facet normal 0 0 0
outer loop
vertex -0.42532540417601994 -0.5877852522924731 -0.6881909602355868
vertex -0.5133754412304479 -0.6465777917977317 -0.5642542117657714
vertex -0.5642542117657714 -0.5133754412304479 -0.6465777917977317
endloop
endfacet
facet normal 0 0 0
outer loop
vertex -0.6465777917977317 -0.5642542117657714 -0.5133754412304479
vertex -0.5642542117657714 -0.5133754412304479 -0.6465777917977317
vertex -0.5133754412304479 -0.6465777917977317 -0.5642542117657714
endloop
endfacet
facet normal 0 0 0
outer loop
vertex 0.85065080835204 0.0 -0.5257311121191336
vertex 0.7938632042573209 -0.07009063466413208 -0.6040434718285418
vertex 0.7938632042573209 0.07009063466413208 -0.6040434718285418
endloop
endfacet
facet normal 0 0 0
outer loop
vertex 0.7165669224151787 -0.1476209044221631 -0.6817183540715489
vertex 0.7245045819267661 0.0 -0.6892699839446963
vertex 0.7938632042573209 -0.07009063466413208 -0.6040434718285418
endloop
endfacet
facet normal 0 0 0
outer loop
vertex 0.7165669224151787 0.1476209044221631 -0.6817183540715489
vertex 0.7938632042573209 0.07009063466413208 -0.6040434718285418
vertex 0.7245045819267661 0.0 -0.6892699839446963
endloop
endfacet
facet normal 0 0 0
outer loop
vertex 0.7938632042573209 -0.07009063466413208 -0.6040434718285418
vertex 0.7245045819267661 0.0 -0.6892699839446963
vertex 0.7938632042573209 0.07009063466413208 -0.6040434718285418
endloop
endfacet
facet normal 0 0 0
outer loop
vertex 0.5000000000000001 -0.30901699437494745 -0.8090169943749475
vertex 0.5189276302272154 -0.1603574565909282 -0.8396425434090719
vertex 0.6176706970007557 -0.22904489076078288 -0.7523439028017582
endloop
endfacet
facet normal 0 0 0
outer loop
vertex 0.5257311121191336 0.0 -0.8506508083520399
vertex 0.6325965613464364 -0.07819323521568113 -0.7705241128862674
vertex 0.5189276302272154 -0.1603574565909282 -0.8396425434090719
endloop
endfacet
facet normal 0 0 0
outer loop
vertex 0.7165669224151787 -0.1476209044221631 -0.6817183540715489
vertex 0.6176706970007557 -0.22904489076078288 -0.7523439028017582
vertex 0.6325965613464364 -0.07819323521568113 -0.7705241128862674
endloop
endfacet
facet normal 0 0 0
outer loop
vertex 0.5189276302272154 -0.1603574565909282 -0.8396425434090719
vertex 0.6325965613464364 -0.07819323521568113 -0.7705241128862674
vertex 0.6176706970007557 -0.22904489076078288 -0.7523439028017582
endloop
endfacet
facet normal 0 0 0
outer loop
vertex 0.5000000000000001 0.30901699437494745 -0.8090169943749475
vertex 0.6176706970007557 0.22904489076078288 -0.7523439028017582
vertex 0.5189276302272154 0.1603574565909282 -0.8396425434090719
endloop
endfacet
facet normal 0 0 0
outer loop
vertex 0.7165669224151787 0.1476209044221631 -0.6817183540715489
vertex 0.6325965613464364 0.07819323521568113 -0.7705241128862674
vertex 0.6176706970007557 0.22904489076078288 -0.7523439028017582
endloop
endfacet
facet normal 0 0 0
outer loop
vertex 0.5257311121191336 0.0 -0.8506508083520399
vertex 0.5189276302272154 0.1603574565909282 -0.8396425434090719
vertex 0.6325965613464364 0.07819323521568113 -0.7705241128862674
endloop
endfacet
facet normal 0 0 0
outer loop
vertex 0.6176706970007557 0.22904489076078288 -0.7523439028017582
vertex 0.6325965613464364 0.07819323521568113 -0.7705241128862674
vertex 0.5189276302272154 0.1603574565909282 -0.8396425434090719
endloop
endfacet
facet normal 0 0 0
outer loop
vertex 0.7165669224151787 -0.1476209044221631 -0.6817183540715489
vertex 0.6325965613464364 -0.07819323521568113 -0.7705241128862674
vertex 0.7245045819267661 0.0 -0.6892699839446963
endloop
endfacet
facet normal 0 0 0
outer loop
vertex 0.5257311121191336 0.0 -0.8506508083520399
vertex 0.6325965613464364 0.07819323521568113 -0.7705241128862674
vertex 0.6325965613464364 -0.07819323521568113 -0.7705241128862674
endloop
endfacet
facet normal 0 0 0
outer loop
vertex 0.7165669224151787 0.1476209044221631 -0.6817183540715489
vertex 0.7245045819267661 0.0 -0.6892699839446963
vertex 0.6325965613464364 0.07819323521568113 -0.7705241128862674
endloop
endfacet
facet normal 0 0 0
outer loop
vertex 0.6325965613464364 -0.07819323521568113 -0.7705241128862674
vertex 0.6325965613464364 0.07819323521568113 -0.7705241128862674
vertex 0.7245045819267661 0.0 -0.6892699839446963
endloop
endfacet
facet normal 0 0 0
outer loop
vertex 0.0 -0.5257311121191336 -0.85065080835204
vertex 0.0 -0.4205438079847925 -0.9072722334369383
vertex 0.11340902917961729 -0.49063444264892453 -0.863953838921453
endloop
endfacet
facet normal 0 0 0
outer loop
vertex 0.0 -0.29524180884432627 -0.9554225632202384
vertex 0.12075076365446102 -0.3731403805298118 -0.9198834216871895
vertex 0.0 -0.4205438079847925 -0.9072722334369383
endloop
endfacet
facet normal 0 0 0
outer loop
vertex 0.2388556408050596 -0.4428627132664894 -0.864187826837342
vertex 0.11340902917961729 -0.49063444264892453 -0.863953838921453
vertex 0.12075076365446102 -0.3731403805298118 -0.9198834216871895
endloop
endfacet
facet normal 0 0 0
outer loop
vertex 0.0 -0.4205438079847925 -0.9072722334369383
vertex 0.12075076365446102 -0.3731403805298118 -0.9198834216871895
vertex 0.11340902917961729 -0.49063444264892453 -0.863953838921453
endloop
endfacet
facet normal 0 0 0
outer loop
vertex 0.0 0.0 -1.0
vertex 0.12973190755680386 -0.0801787282954641 -0.988302081193091
vertex 0.0 -0.15269659384052192 -0.9882731152012093
endloop
endfacet
facet normal 0 0 0
outer loop
vertex 0.2628655560595668 -0.16245984811645314 -0.9510565162951536
vertex 0.12651931226928728 -0.2345797056470434 -0.9638284211006921
vertex 0.12973190755680386 -0.0801787282954641 -0.988302081193091
endloop
endfacet
facet normal 0 0 0
outer loop
vertex 0.0 -0.29524180884432627 -0.9554225632202384
vertex 0.0 -0.15269659384052192 -0.9882731152012093
vertex 0.12651931226928728 -0.2345797056470434 -0.9638284211006921
endloop
endfacet
facet normal 0 0 0
outer loop
vertex 0.12973190755680386 -0.0801787282954641 -0.988302081193091
vertex 0.12651931226928728 -0.2345797056470434 -0.9638284211006921
vertex 0.0 -0.15269659384052192 -0.9882731152012093
endloop
endfacet
facet normal 0 0 0
outer loop
vertex 0.5000000000000001 -0.30901699437494745 -0.8090169943749475
vertex 0.3706024182004535 -0.38174148460130475 -0.8467155877615387
vertex 0.3891957226704116 -0.24053618488639233 -0.8891957226704116
endloop
endfacet
facet normal 0 0 0
outer loop
vertex 0.2388556408050596 -0.4428627132664894 -0.864187826837342
vertex 0.25303862453857456 -0.3127729408627245 -0.915502344047086
vertex 0.3706024182004535 -0.38174148460130475 -0.8467155877615387
endloop
endfacet
facet normal 0 0 0
outer loop
vertex 0.2628655560595668 -0.16245984811645314 -0.9510565162951536
vertex 0.3891957226704116 -0.24053618488639233 -0.8891957226704116
vertex 0.25303862453857456 -0.3127729408627245 -0.915502344047086
endloop
endfacet
facet normal 0 0 0
outer loop
vertex 0.3706024182004535 -0.38174148460130475 -0.8467155877615387
vertex 0.25303862453857456 -0.3127729408627245 -0.915502344047086
vertex 0.3891957226704116 -0.24053618488639233 -0.8891957226704116
endloop
endfacet
facet normal 0 0 0
outer loop
vertex 0.0 -0.29524180884432627 -0.9554225632202384
vertex 0.12651931226928728 -0.2345797056470434 -0.9638284211006921
vertex 0.12075076365446102 -0.3731403805298118 -0.9198834216871895
endloop
endfacet
facet normal 0 0 0
outer loop
vertex 0.2628655560595668 -0.16245984811645314 -0.9510565162951536
vertex 0.25303862453857456 -0.3127729408627245 -0.915502344047086
vertex 0.12651931226928728 -0.2345797056470434 -0.9638284211006921
endloop
endfacet
facet normal 0 0 0
outer loop
vertex 0.2388556408050596 -0.4428627132664894 -0.864187826837342
vertex 0.12075076365446102 -0.3731403805298118 -0.9198834216871895
vertex 0.25303862453857456 -0.3127729408627245 -0.915502344047086
endloop
endfacet
facet normal 0 0 0
outer loop
vertex 0.12651931226928728 -0.2345797056470434 -0.9638284211006921
vertex 0.25303862453857456 -0.3127729408627245 -0.915502344047086
vertex 0.12075076365446102 -0.3731403805298118 -0.9198834216871895
endloop
endfacet
facet normal 0 0 0
outer loop
vertex 0.0 0.5257311121191336 -0.85065080835204
vertex 0.11340902917961729 0.49063444264892453 -0.863953838921453
vertex 0.0 0.4205438079847925 -0.9072722334369383
endloop
endfacet
facet normal 0 0 0
outer loop
vertex 0.2388556408050596 0.4428627132664894 -0.864187826837342
vertex 0.12075076365446102 0.3731403805298118 -0.9198834216871895
vertex 0.11340902917961729 0.49063444264892453 -0.863953838921453
endloop
endfacet
facet normal 0 0 0
outer loop
vertex 0.0 0.29524180884432627 -0.9554225632202384
vertex 0.0 0.4205438079847925 -0.9072722334369383
vertex 0.12075076365446102 0.3731403805298118 -0.9198834216871895
endloop
endfacet
facet normal 0 0 0
outer loop
vertex 0.11340902917961729 0.49063444264892453 -0.863953838921453
vertex 0.12075076365446102 0.3731403805298118 -0.9198834216871895
vertex 0.0 0.4205438079847925 -0.9072722334369383
endloop
endfacet
facet normal 0 0 0
outer loop
vertex 0.5000000000000001 0.30901699437494745 -0.8090169943749475
vertex 0.3891957226704116 0.24053618488639233 -0.8891957226704116
vertex 0.3706024182004535 0.38174148460130475 -0.8467155877615387
endloop
endfacet
facet normal 0 0 0
outer loop
vertex 0.2628655560595668 0.16245984811645314 -0.9510565162951536
vertex 0.25303862453857456 0.3127729408627245 -0.915502344047086
vertex 0.3891957226704116 0.24053618488639233 -0.8891957226704116
endloop
endfacet
facet normal 0 0 0
outer loop
vertex 0.2388556408050596 0.4428627132664894 -0.864187826837342
vertex 0.3706024182004535 0.38174148460130475 -0.8467155877615387
vertex 0.25303862453857456 0.3127729408627245 -0.915502344047086
endloop
endfacet
facet normal 0 0 0
outer loop
vertex 0.3891957226704116 0.24053618488639233 -0.8891957226704116
vertex 0.25303862453857456 0.3127729408627245 -0.915502344047086
vertex 0.3706024182004535 0.38174148460130475 -0.8467155877615387
endloop
endfacet
facet normal 0 0 0
outer loop
vertex 0.0 0.0 -1.0
vertex 0.0 0.15269659384052192 -0.9882731152012093
vertex 0.12973190755680386 0.0801787282954641 -0.988302081193091
endloop
endfacet
facet normal 0 0 0
outer loop
vertex 0.0 0.29524180884432627 -0.9554225632202384
vertex 0.12651931226928728 0.2345797056470434 -0.9638284211006921
vertex 0.0 0.15269659384052192 -0.9882731152012093
endloop
endfacet
facet normal 0 0 0
outer loop
vertex 0.2628655560595668 0.16245984811645314 -0.9510565162951536
vertex 0.12973190755680386 0.0801787282954641 -0.988302081193091
vertex 0.12651931226928728 0.2345797056470434 -0.9638284211006921
endloop
endfacet
facet normal 0 0 0
outer loop
vertex 0.0 0.15269659384052192 -0.9882731152012093
vertex 0.12651931226928728 0.2345797056470434 -0.9638284211006921
vertex 0.12973190755680386 0.0801787282954641 -0.988302081193091
endloop
endfacet
facet normal 0 0 0
outer loop
vertex 0.2388556408050596 0.4428627132664894 -0.864187826837342
vertex 0.25303862453857456 0.3127729408627245 -0.915502344047086
vertex 0.12075076365446102 0.3731403805298118 -0.9198834216871895
endloop
endfacet
facet normal 0 0 0
outer loop
vertex 0.2628655560595668 0.16245984811645314 -0.9510565162951536
vertex 0.12651931226928728 0.2345797056470434 -0.9638284211006921
vertex 0.25303862453857456 0.3127729408627245 -0.915502344047086
endloop
endfacet
facet normal 0 0 0
outer loop
vertex 0.0 0.29524180884432627 -0.9554225632202384
vertex 0.12075076365446102 0.3731403805298118 -0.9198834216871895
vertex 0.12651931226928728 0.2345797056470434 -0.9638284211006921
endloop
endfacet
facet normal 0 0 0
outer loop
vertex 0.25303862453857456 0.3127729408627245 -0.915502344047086
vertex 0.12651931226928728 0.2345797056470434 -0.9638284211006921
vertex 0.12075076365446102 0.3731403805298118 -0.9198834216871895
endloop
endfacet
facet normal 0 0 0
outer loop
vertex 0.5000000000000001 -0.30901699437494745 -0.8090169943749475
vertex 0.3891957226704116 -0.24053618488639233 -0.8891957226704116
vertex 0.5189276302272154 -0.1603574565909282 -0.8396425434090719
endloop
endfacet
facet normal 0 0 0
outer loop
vertex 0.2628655560595668 -0.16245984811645314 -0.9510565162951536
vertex 0.3996070517018511 -0.08232358003196016 -0.912982492932299
vertex 0.3891957226704116 -0.24053618488639233 -0.8891957226704116
endloop
endfacet
facet normal 0 0 0
outer loop
vertex 0.5257311121191336 0.0 -0.8506508083520399
vertex 0.5189276302272154 -0.1603574565909282 -0.8396425434090719
vertex 0.3996070517018511 -0.08232358003196016 -0.912982492932299
endloop
endfacet
facet normal 0 0 0
outer loop
vertex 0.3891957226704116 -0.24053618488639233 -0.8891957226704116
vertex 0.3996070517018511 -0.08232358003196016 -0.912982492932299
vertex 0.5189276302272154 -0.1603574565909282 -0.8396425434090719
endloop
endfacet
facet normal 0 0 0
outer loop
vertex 0.0 0.0 -1.0
vertex 0.12973190755680386 0.0801787282954641 -0.988302081193091
vertex 0.12973190755680386 -0.0801787282954641 -0.988302081193091
endloop
endfacet
facet normal 0 0 0
outer loop
vertex 0.2628655560595668 0.16245984811645314 -0.9510565162951536
vertex 0.26640470113456743 0.0 -0.9638612634676227
vertex 0.12973190755680386 0.0801787282954641 -0.988302081193091
endloop
endfacet
facet normal 0 0 0
outer loop
vertex 0.2628655560595668 -0.16245984811645314 -0.9510565162951536
vertex 0.12973190755680386 -0.0801787282954641 -0.988302081193091
vertex 0.26640470113456743 0.0 -0.9638612634676227
endloop
endfacet
facet normal 0 0 0
outer loop
vertex 0.12973190755680386 0.0801787282954641 -0.988302081193091
vertex 0.26640470113456743 0.0 -0.9638612634676227
vertex 0.12973190755680386 -0.0801787282954641 -0.988302081193091
endloop
endfacet
facet normal 0 0 0
outer loop
vertex 0.5000000000000001 0.30901699437494745 -0.8090169943749475
vertex 0.5189276302272154 0.1603574565909282 -0.8396425434090719
vertex 0.3891957226704116 0.24053618488639233 -0.8891957226704116
endloop
endfacet
facet normal 0 0 0
outer loop
vertex 0.5257311121191336 0.0 -0.8506508083520399
vertex 0.3996070517018511 0.08232358003196016 -0.912982492932299
vertex 0.5189276302272154 0.1603574565909282 -0.8396425434090719
endloop
endfacet
facet normal 0 0 0
outer loop
vertex 0.2628655560595668 0.16245984811645314 -0.9510565162951536
vertex 0.3891957226704116 0.24053618488639233 -0.8891957226704116
vertex 0.3996070517018511 0.08232358003196016 -0.912982492932299
endloop
endfacet
facet normal 0 0 0
outer loop
vertex 0.5189276302272154 0.1603574565909282 -0.8396425434090719
vertex 0.3996070517018511 0.08232358003196016 -0.912982492932299
vertex 0.3891957226704116 0.24053618488639233 -0.8891957226704116
endloop
endfacet
facet normal 0 0 0
outer loop
vertex 0.2628655560595668 -0.16245984811645314 -0.9510565162951536
vertex 0.26640470113456743 0.0 -0.9638612634676227
vertex 0.3996070517018511 -0.08232358003196016 -0.912982492932299
endloop
endfacet
facet normal 0 0 0
outer loop
vertex 0.2628655560595668 0.16245984811645314 -0.9510565162951536
vertex 0.3996070517018511 0.08232358003196016 -0.912982492932299
vertex 0.26640470113456743 0.0 -0.9638612634676227
endloop
endfacet
facet normal 0 0 0
outer loop
vertex 0.5257311121191336 0.0 -0.8506508083520399
vertex 0.3996070517018511 -0.08232358003196016 -0.912982492932299
vertex 0.3996070517018511 0.08232358003196016 -0.912982492932299
endloop
endfacet
facet normal 0 0 0
outer loop
vertex 0.26640470113456743 0.0 -0.9638612634676227
vertex 0.3996070517018511 0.08232358003196016 -0.912982492932299
vertex 0.3996070517018511 -0.08232358003196016 -0.912982492932299
endloop
endfacet
facet normal 0 0 0
outer loop
vertex 0.85065080835204 0.0 0.5257311121191336
vertex 0.9072722334369383 0.0 0.4205438079847925
vertex 0.863953838921453 0.11340902917961729 0.49063444264892453
endloop
endfacet
facet normal 0 0 0
outer loop
vertex 0.9554225632202384 0.0 0.29524180884432627
vertex 0.9198834216871895 0.12075076365446102 0.3731403805298118
vertex 0.9072722334369383 0.0 0.4205438079847925
endloop
endfacet
facet normal 0 0 0
outer loop
vertex 0.864187826837342 0.2388556408050596 0.4428627132664894
vertex 0.863953838921453 0.11340902917961729 0.49063444264892453
vertex 0.9198834216871895 0.12075076365446102 0.3731403805298118
endloop
endfacet
facet normal 0 0 0
outer loop
vertex 0.9072722334369383 0.0 0.4205438079847925
vertex 0.9198834216871895 0.12075076365446102 0.3731403805298118
vertex 0.863953838921453 0.11340902917961729 0.49063444264892453
endloop
endfacet
facet normal 0 0 0
outer loop
vertex 1.0 0.0 0.0
vertex 0.988302081193091 0.12973190755680386 0.0801787282954641
vertex 0.9882731152012093 0.0 0.15269659384052192
endloop
endfacet
facet normal 0 0 0
outer loop
vertex 0.9510565162951536 0.2628655560595668 0.16245984811645314
vertex 0.9638284211006921 0.12651931226928728 0.2345797056470434
vertex 0.988302081193091 0.12973190755680386 0.0801787282954641
endloop
endfacet
facet normal 0 0 0
outer loop
vertex 0.9554225632202384 0.0 0.29524180884432627
vertex 0.9882731152012093 0.0 0.15269659384052192
vertex 0.9638284211006921 0.12651931226928728 0.2345797056470434
endloop
endfacet
facet normal 0 0 0
outer loop
vertex 0.988302081193091 0.12973190755680386 0.0801787282954641
vertex 0.9638284211006921 0.12651931226928728 0.2345797056470434
vertex 0.9882731152012093 0.0 0.15269659384052192
endloop
endfacet
facet normal 0 0 0
outer loop
vertex 0.8090169943749475 0.5000000000000001 0.30901699437494745
vertex 0.8467155877615387 0.3706024182004535 0.38174148460130475
vertex 0.8891957226704116 0.3891957226704116 0.24053618488639233
endloop
endfacet
facet normal 0 0 0
outer loop
vertex 0.864187826837342 0.2388556408050596 0.4428627132664894
vertex 0.9155023440470861 0.2530386245385746 0.31277294086272456
vertex 0.8467155877615387 0.3706024182004535 0.38174148460130475
endloop
endfacet
facet normal 0 0 0
outer loop
vertex 0.9510565162951536 0.2628655560595668 0.16245984811645314
vertex 0.8891957226704116 0.3891957226704116 0.24053618488639233
vertex 0.9155023440470861 0.2530386245385746 0.31277294086272456
endloop
endfacet
facet normal 0 0 0
outer loop
vertex 0.8467155877615387 0.3706024182004535 0.38174148460130475
vertex 0.9155023440470861 0.2530386245385746 0.31277294086272456
vertex 0.8891957226704116 0.3891957226704116 0.24053618488639233
endloop
endfacet
facet normal 0 0 0
outer loop
vertex 0.9554225632202384 0.0 0.29524180884432627
vertex 0.9638284211006921 0.12651931226928728 0.2345797056470434
vertex 0.9198834216871895 0.12075076365446102 0.3731403805298118
endloop
endfacet
facet normal 0 0 0
outer loop
vertex 0.9510565162951536 0.2628655560595668 0.16245984811645314
vertex 0.9155023440470861 0.2530386245385746 0.31277294086272456
vertex 0.9638284211006921 0.12651931226928728 0.2345797056470434
endloop
endfacet
facet normal 0 0 0
outer loop
vertex 0.864187826837342 0.2388556408050596 0.4428627132664894
vertex 0.9198834216871895 0.12075076365446102 0.3731403805298118
vertex 0.9155023440470861 0.2530386245385746 0.31277294086272456
endloop
endfacet
facet normal 0 0 0
outer loop
vertex 0.9638284211006921 0.12651931226928728 0.2345797056470434
vertex 0.9155023440470861 0.2530386245385746 0.31277294086272456
vertex 0.9198834216871895 0.12075076365446102 0.3731403805298118
endloop
endfacet
facet normal 0 0 0
outer loop
vertex 0.85065080835204 0.0 -0.5257311121191336
vertex 0.863953838921453 0.11340902917961729 -0.49063444264892453
vertex 0.9072722334369383 0.0 -0.4205438079847925
endloop
endfacet
facet normal 0 0 0
outer loop
vertex 0.864187826837342 0.2388556408050596 -0.4428627132664894
vertex 0.9198834216871895 0.12075076365446102 -0.3731403805298118
vertex 0.863953838921453 0.11340902917961729 -0.49063444264892453
endloop
endfacet
facet normal 0 0 0
outer loop
vertex 0.9554225632202384 0.0 -0.29524180884432627
vertex 0.9072722334369383 0.0 -0.4205438079847925
vertex 0.9198834216871895 0.12075076365446102 -0.3731403805298118
endloop
endfacet
facet normal 0 0 0
outer loop
vertex 0.863953838921453 0.11340902917961729 -0.49063444264892453
vertex 0.9198834216871895 0.12075076365446102 -0.3731403805298118
vertex 0.9072722334369383 0.0 -0.4205438079847925
endloop
endfacet
facet normal 0 0 0
outer loop
vertex 0.8090169943749475 0.5000000000000001 -0.30901699437494745
vertex 0.8891957226704116 0.3891957226704116 -0.24053618488639233
vertex 0.8467155877615387 0.3706024182004535 -0.38174148460130475
endloop
endfacet
facet normal 0 0 0
outer loop
vertex 0.9510565162951536 0.2628655560595668 -0.16245984811645314
vertex 0.9155023440470861 0.2530386245385746 -0.31277294086272456
vertex 0.8891957226704116 0.3891957226704116 -0.24053618488639233
endloop
endfacet
facet normal 0 0 0
outer loop
vertex 0.864187826837342 0.2388556408050596 -0.4428627132664894
vertex 0.8467155877615387 0.3706024182004535 -0.38174148460130475
vertex 0.9155023440470861 0.2530386245385746 -0.31277294086272456
endloop
endfacet
facet normal 0 0 0
outer loop
vertex 0.8891957226704116 0.3891957226704116 -0.24053618488639233
vertex 0.9155023440470861 0.2530386245385746 -0.31277294086272456
vertex 0.8467155877615387 0.3706024182004535 -0.38174148460130475
endloop
endfacet
facet normal 0 0 0
outer loop
vertex 1.0 0.0 0.0
vertex 0.9882731152012093 0.0 -0.15269659384052192
vertex 0.988302081193091 0.12973190755680386 -0.0801787282954641
endloop
endfacet
facet normal 0 0 0
outer loop
vertex 0.9554225632202384 0.0 -0.29524180884432627
vertex 0.9638284211006921 0.12651931226928728 -0.2345797056470434
vertex 0.9882731152012093 0.0 -0.15269659384052192
endloop
endfacet
facet normal 0 0 0
outer loop
vertex 0.9510565162951536 0.2628655560595668 -0.16245984811645314
vertex 0.988302081193091 0.12973190755680386 -0.0801787282954641
vertex 0.9638284211006921 0.12651931226928728 -0.2345797056470434
endloop
endfacet
facet normal 0 0 0
outer loop
vertex 0.9882731152012093 0.0 -0.15269659384052192
vertex 0.9638284211006921 0.12651931226928728 -0.2345797056470434
vertex 0.988302081193091 0.12973190755680386 -0.0801787282954641
endloop
endfacet
facet normal 0 0 0
outer loop
vertex 0.864187826837342 0.2388556408050596 -0.4428627132664894
vertex 0.9155023440470861 0.2530386245385746 -0.31277294086272456
vertex 0.9198834216871895 0.12075076365446102 -0.3731403805298118
endloop
endfacet
facet normal 0 0 0
outer loop
vertex 0.9510565162951536 0.2628655560595668 -0.16245984811645314
vertex 0.9638284211006921 0.12651931226928728 -0.2345797056470434
vertex 0.9155023440470861 0.2530386245385746 -0.31277294086272456
endloop
endfacet
facet normal 0 0 0
outer loop
vertex 0.9554225632202384 0.0 -0.29524180884432627
vertex 0.9198834216871895 0.12075076365446102 -0.3731403805298118
vertex 0.9638284211006921 0.12651931226928728 -0.2345797056470434
endloop
endfacet
facet normal 0 0 0
outer loop
vertex 0.9155023440470861 0.2530386245385746 -0.31277294086272456
vertex 0.9638284211006921 0.12651931226928728 -0.2345797056470434
vertex 0.9198834216871895 0.12075076365446102 -0.3731403805298118
endloop
endfacet
facet normal 0 0 0
outer loop
vertex 0.5257311121191336 0.85065080835204 0.0
vertex 0.6040434718285418 0.7938632042573209 0.07009063466413208
vertex 0.6040434718285418 0.7938632042573209 -0.07009063466413208
endloop
endfacet
facet normal 0 0 0
outer loop
vertex 0.6817183540715489 0.7165669224151787 0.1476209044221631
vertex 0.6892699839446963 0.7245045819267661 0.0
vertex 0.6040434718285418 0.7938632042573209 0.07009063466413208
endloop
endfacet
facet normal 0 0 0
outer loop
vertex 0.6817183540715489 0.7165669224151787 -0.1476209044221631
vertex 0.6040434718285418 0.7938632042573209 -0.07009063466413208
vertex 0.6892699839446963 0.7245045819267661 0.0
endloop
endfacet
facet normal 0 0 0
outer loop
vertex 0.6040434718285418 0.7938632042573209 0.07009063466413208
vertex 0.6892699839446963 0.7245045819267661 0.0
vertex 0.6040434718285418 0.7938632042573209 -0.07009063466413208
endloop
endfacet
facet normal 0 0 0
outer loop
vertex 0.8090169943749475 0.5000000000000001 0.30901699437494745
vertex 0.8396425434090719 0.5189276302272154 0.1603574565909282
vertex 0.7523439028017583 0.6176706970007558 0.2290448907607829
endloop
endfacet
facet normal 0 0 0
outer loop
vertex 0.8506508083520399 0.5257311121191336 0.0
vertex 0.7705241128862674 0.6325965613464364 0.07819323521568113
vertex 0.8396425434090719 0.5189276302272154 0.1603574565909282
endloop
endfacet
facet normal 0 0 0
outer loop
vertex 0.6817183540715489 0.7165669224151787 0.1476209044221631
vertex 0.7523439028017583 0.6176706970007558 0.2290448907607829
vertex 0.7705241128862674 0.6325965613464364 0.07819323521568113
endloop
endfacet
facet normal 0 0 0
outer loop
vertex 0.8396425434090719 0.5189276302272154 0.1603574565909282
vertex 0.7705241128862674 0.6325965613464364 0.07819323521568113
vertex 0.7523439028017583 0.6176706970007558 0.2290448907607829
endloop
endfacet
facet normal 0 0 0
outer loop
vertex 0.8090169943749475 0.5000000000000001 -0.30901699437494745
vertex 0.7523439028017583 0.6176706970007558 -0.2290448907607829
vertex 0.8396425434090719 0.5189276302272154 -0.1603574565909282
endloop
endfacet
facet normal 0 0 0
outer loop
vertex 0.6817183540715489 0.7165669224151787 -0.1476209044221631
vertex 0.7705241128862674 0.6325965613464364 -0.07819323521568113
vertex 0.7523439028017583 0.6176706970007558 -0.2290448907607829
endloop
endfacet
facet normal 0 0 0
outer loop
vertex 0.8506508083520399 0.5257311121191336 0.0
vertex 0.8396425434090719 0.5189276302272154 -0.1603574565909282
vertex 0.7705241128862674 0.6325965613464364 -0.07819323521568113
endloop
endfacet
facet normal 0 0 0
outer loop
vertex 0.7523439028017583 0.6176706970007558 -0.2290448907607829
vertex 0.7705241128862674 0.6325965613464364 -0.07819323521568113
vertex 0.8396425434090719 0.5189276302272154 -0.1603574565909282
endloop
endfacet
facet normal 0 0 0
outer loop
vertex 0.6817183540715489 0.7165669224151787 0.1476209044221631
vertex 0.7705241128862674 0.6325965613464364 0.07819323521568113
vertex 0.6892699839446963 0.7245045819267661 0.0
endloop
endfacet
facet normal 0 0 0
outer loop
vertex 0.8506508083520399 0.5257311121191336 0.0
vertex 0.7705241128862674 0.6325965613464364 -0.07819323521568113
vertex 0.7705241128862674 0.6325965613464364 0.07819323521568113
endloop
endfacet
facet normal 0 0 0
outer loop
vertex 0.6817183540715489 0.7165669224151787 -0.1476209044221631
vertex 0.6892699839446963 0.7245045819267661 0.0
vertex 0.7705241128862674 0.6325965613464364 -0.07819323521568113
endloop
endfacet
facet normal 0 0 0
outer loop
vertex 0.7705241128862674 0.6325965613464364 0.07819323521568113
vertex 0.7705241128862674 0.6325965613464364 -0.07819323521568113
vertex 0.6892699839446963 0.7245045819267661 0.0
endloop
endfacet
facet normal 0 0 0
outer loop
vertex 1.0 0.0 0.0
vertex 0.988302081193091 0.12973190755680386 -0.0801787282954641
vertex 0.988302081193091 0.12973190755680386 0.0801787282954641
endloop
endfacet
facet normal 0 0 0
outer loop
vertex 0.9510565162951536 0.2628655560595668 -0.16245984811645314
vertex 0.9638612634676227 0.26640470113456743 0.0
vertex 0.988302081193091 0.12973190755680386 -0.0801787282954641
endloop
endfacet
facet normal 0 0 0
outer loop
vertex 0.9510565162951536 0.2628655560595668 0.16245984811645314
vertex 0.988302081193091 0.12973190755680386 0.0801787282954641
vertex 0.9638612634676227 0.26640470113456743 0.0
endloop
endfacet
facet normal 0 0 0
outer loop
vertex 0.988302081193091 0.12973190755680386 -0.0801787282954641
vertex 0.9638612634676227 0.26640470113456743 0.0
vertex 0.988302081193091 0.12973190755680386 0.0801787282954641
endloop
endfacet
facet normal 0 0 0
outer loop
vertex 0.8090169943749475 0.5000000000000001 -0.30901699437494745
vertex 0.8396425434090719 0.5189276302272154 -0.1603574565909282
vertex 0.8891957226704116 0.3891957226704116 -0.24053618488639233
endloop
endfacet
facet normal 0 0 0
outer loop
vertex 0.8506508083520399 0.5257311121191336 0.0
vertex 0.912982492932299 0.3996070517018511 -0.08232358003196016
vertex 0.8396425434090719 0.5189276302272154 -0.1603574565909282
endloop
endfacet
facet normal 0 0 0
outer loop
vertex 0.9510565162951536 0.2628655560595668 -0.16245984811645314
vertex 0.8891957226704116 0.3891957226704116 -0.24053618488639233
vertex 0.912982492932299 0.3996070517018511 -0.08232358003196016
endloop
endfacet
facet normal 0 0 0
outer loop
vertex 0.8396425434090719 0.5189276302272154 -0.1603574565909282
vertex 0.912982492932299 0.3996070517018511 -0.08232358003196016
vertex 0.8891957226704116 0.3891957226704116 -0.24053618488639233
endloop
endfacet
facet normal 0 0 0
outer loop
vertex 0.8090169943749475 0.5000000000000001 0.30901699437494745
vertex 0.8891957226704116 0.3891957226704116 0.24053618488639233
vertex 0.8396425434090719 0.5189276302272154 0.1603574565909282
endloop
endfacet
facet normal 0 0 0
outer loop
vertex 0.9510565162951536 0.2628655560595668 0.16245984811645314
vertex 0.912982492932299 0.3996070517018511 0.08232358003196016
vertex 0.8891957226704116 0.3891957226704116 0.24053618488639233
endloop
endfacet
facet normal 0 0 0
outer loop
vertex 0.8506508083520399 0.5257311121191336 0.0
vertex 0.8396425434090719 0.5189276302272154 0.1603574565909282
vertex 0.912982492932299 0.3996070517018511 0.08232358003196016
endloop
endfacet
facet normal 0 0 0
outer loop
vertex 0.8891957226704116 0.3891957226704116 0.24053618488639233
vertex 0.912982492932299 0.3996070517018511 0.08232358003196016
vertex 0.8396425434090719 0.5189276302272154 0.1603574565909282
endloop
endfacet
facet normal 0 0 0
outer loop
vertex 0.9510565162951536 0.2628655560595668 -0.16245984811645314
vertex 0.912982492932299 0.3996070517018511 -0.08232358003196016
vertex 0.9638612634676227 0.26640470113456743 0.0
endloop
endfacet
facet normal 0 0 0
outer loop
vertex 0.8506508083520399 0.5257311121191336 0.0
vertex 0.912982492932299 0.3996070517018511 0.08232358003196016
vertex 0.912982492932299 0.3996070517018511 -0.08232358003196016
endloop
endfacet
facet normal 0 0 0
outer loop
vertex 0.9510565162951536 0.2628655560595668 0.16245984811645314
vertex 0.9638612634676227 0.26640470113456743 0.0
vertex 0.912982492932299 0.3996070517018511 0.08232358003196016
endloop
endfacet
facet normal 0 0 0
outer loop
vertex 0.912982492932299 0.3996070517018511 -0.08232358003196016
vertex 0.912982492932299 0.3996070517018511 0.08232358003196016
vertex 0.9638612634676227 0.26640470113456743 0.0
endloop
endfacet
endsolid wing3d
