solid wing3d
facet normal 0 0 0
outer loop
vertex 0.0 0.068075 0.09814999999999999
vertex 0.0 0.06720015522715223 0.10997358414339789
vertex 0.03866666666666667 0.09937089620573812 0.13550777497818053
endloop
endfacet
facet normal 0 0 0
outer loop
vertex 0.0 0.068075 0.09814999999999999
vertex 0.03866666666666667 0.09937089620573812 0.13550777497818053
vertex 0.03866666666666667 0.10066455555555556 0.11641355555555556
endloop
endfacet
facet normal 0 0 0
outer loop
vertex 0.0 0.06720015522715223 0.10997358414339789
vertex 0.0 0.06457501969351355 0.11667756887537081
vertex 0.03866666666666667 0.09548902912139244 0.14633421761399462
endloop
endfacet
facet normal 0 0 0
outer loop
vertex 0.0 0.06720015522715223 0.10997358414339789
vertex 0.03866666666666667 0.09548902912139244 0.14633421761399462
vertex 0.03866666666666667 0.09937089620573812 0.13550777497818053
endloop
endfacet
facet normal 0 0 0
outer loop
vertex 0.0 0.06457501969351355 0.11667756887537081
vertex 0.0 0.06019381989280422 0.12190479617681176
vertex 0.03866666666666667 0.08901041684466099 0.15477580553311823
endloop
endfacet
facet normal 0 0 0
outer loop
vertex 0.0 0.06457501969351355 0.11667756887537081
vertex 0.03866666666666667 0.08901041684466099 0.15477580553311823
vertex 0.03866666666666667 0.09548902912139244 0.14633421761399462
endloop
endfacet
facet normal 0 0 0
outer loop
vertex 0.0 0.06019381989280422 0.12190479617681176
vertex 0.0 0.05403116330636759 0.1260485734883411
vertex 0.03866666666666667 0.07989751069240009 0.161467701346201
endloop
endfacet
facet normal 0 0 0
outer loop
vertex 0.0 0.06019381989280422 0.12190479617681176
vertex 0.03866666666666667 0.07989751069240009 0.161467701346201
vertex 0.03866666666666667 0.08901041684466099 0.15477580553311823
endloop
endfacet
facet normal 0 0 0
outer loop
vertex 0.0 0.05403116330636759 0.1260485734883411
vertex 0.0 0.046005910376570744 0.12923061357667376
vertex 0.03866666666666667 0.06803032715367192 0.16660646222626288
endloop
endfacet
facet normal 0 0 0
outer loop
vertex 0.0 0.05403116330636759 0.1260485734883411
vertex 0.03866666666666667 0.06803032715367192 0.16660646222626288
vertex 0.03866666666666667 0.07989751069240009 0.161467701346201
endloop
endfacet
facet normal 0 0 0
outer loop
vertex 0.0 0.046005910376570744 0.12923061357667376
vertex 0.0 0.035882340005430134 0.13149281222514875
vertex 0.03866666666666667 0.05306029833183923 0.17025974678428465
endloop
endfacet
facet normal 0 0 0
outer loop
vertex 0.0 0.046005910376570744 0.12923061357667376
vertex 0.03866666666666667 0.05306029833183923 0.17025974678428465
vertex 0.03866666666666667 0.06803032715367192 0.16660646222626288
endloop
endfacet
facet normal 0 0 0
outer loop
vertex 0.0 0.035882340005430134 0.13149281222514875
vertex 0.0 0.02289873372864333 0.13284828066447887
vertex 0.03866666666666667 0.03386104816127639 0.17244872869426367
endloop
endfacet
facet normal 0 0 0
outer loop
vertex 0.0 0.035882340005430134 0.13149281222514875
vertex 0.03866666666666667 0.03386104816127639 0.17244872869426367
vertex 0.03866666666666667 0.05306029833183923 0.17025974678428465
endloop
endfacet
facet normal 0 0 0
outer loop
vertex 0.0 0.02289873372864333 0.13284828066447887
vertex 0.0 1.0575678034920838e-12 0.13329999999999997
vertex 0.03866666666666667 1.5638574059257544e-12 0.17317822222222223
endloop
endfacet
facet normal 0 0 0
outer loop
vertex 0.0 0.02289873372864333 0.13284828066447887
vertex 0.03866666666666667 1.5638574059257544e-12 0.17317822222222223
vertex 0.03866666666666667 0.03386104816127639 0.17244872869426367
endloop
endfacet
facet normal 0 0 0
outer loop
vertex 0.0 1.0575678034920838e-12 0.13329999999999997
vertex 0.0 -0.022898733728643317 0.13284828066447887
vertex 0.03866666666666667 -0.03386104816127638 0.17244872869426367
endloop
endfacet
facet normal 0 0 0
outer loop
vertex 0.0 1.0575678034920838e-12 0.13329999999999997
vertex 0.03866666666666667 -0.03386104816127638 0.17244872869426367
vertex 0.03866666666666667 1.5638574059257544e-12 0.17317822222222223
endloop
endfacet
facet normal 0 0 0
outer loop
vertex 0.0 -0.022898733728643317 0.13284828066447887
vertex 0.0 -0.03588234000543013 0.13149281222514875
vertex 0.03866666666666667 -0.05306029833183922 0.17025974678428465
endloop
endfacet
facet normal 0 0 0
outer loop
vertex 0.0 -0.022898733728643317 0.13284828066447887
vertex 0.03866666666666667 -0.05306029833183922 0.17025974678428465
vertex 0.03866666666666667 -0.03386104816127638 0.17244872869426367
endloop
endfacet
facet normal 0 0 0
outer loop
vertex 0.0 -0.03588234000543013 0.13149281222514875
vertex 0.0 -0.04600591037657073 0.12923061357667376
vertex 0.03866666666666667 -0.0680303271536719 0.1666064622262629
endloop
endfacet
facet normal 0 0 0
outer loop
vertex 0.0 -0.03588234000543013 0.13149281222514875
vertex 0.03866666666666667 -0.0680303271536719 0.1666064622262629
vertex 0.03866666666666667 -0.05306029833183922 0.17025974678428465
endloop
endfacet
facet normal 0 0 0
outer loop
vertex 0.0 -0.04600591037657073 0.12923061357667376
vertex 0.0 -0.054031163306367584 0.1260485734883411
vertex 0.03866666666666667 -0.07989751069240007 0.161467701346201
endloop
endfacet
facet normal 0 0 0
outer loop
vertex 0.0 -0.04600591037657073 0.12923061357667376
vertex 0.03866666666666667 -0.07989751069240007 0.161467701346201
vertex 0.03866666666666667 -0.0680303271536719 0.1666064622262629
endloop
endfacet
facet normal 0 0 0
outer loop
vertex 0.0 -0.054031163306367584 0.1260485734883411
vertex 0.0 -0.06019381989280423 0.12190479617681176
vertex 0.03866666666666667 -0.08901041684466099 0.15477580553311823
endloop
endfacet
facet normal 0 0 0
outer loop
vertex 0.0 -0.054031163306367584 0.1260485734883411
vertex 0.03866666666666667 -0.08901041684466099 0.15477580553311823
vertex 0.03866666666666667 -0.07989751069240007 0.161467701346201
endloop
endfacet
facet normal 0 0 0
outer loop
vertex 0.0 -0.06019381989280423 0.12190479617681176
vertex 0.0 -0.06457501969351355 0.11667756887537081
vertex 0.03866666666666667 -0.09548902912139244 0.14633421761399462
endloop
endfacet
facet normal 0 0 0
outer loop
vertex 0.0 -0.06019381989280423 0.12190479617681176
vertex 0.03866666666666667 -0.09548902912139244 0.14633421761399462
vertex 0.03866666666666667 -0.08901041684466099 0.15477580553311823
endloop
endfacet
facet normal 0 0 0
outer loop
vertex 0.0 -0.06457501969351355 0.11667756887537081
vertex 0.0 -0.06720015522715223 0.1099735841433979
vertex 0.03866666666666667 -0.09937089620573812 0.13550777497818056
endloop
endfacet
facet normal 0 0 0
outer loop
vertex 0.0 -0.06457501969351355 0.11667756887537081
vertex 0.03866666666666667 -0.09937089620573812 0.13550777497818056
vertex 0.03866666666666667 -0.09548902912139244 0.14633421761399462
endloop
endfacet
facet normal 0 0 0
outer loop
vertex 0.0 -0.06720015522715223 0.1099735841433979
vertex 0.0 -0.068075 0.09815000000086681
vertex 0.03866666666666667 -0.10066455555555556 0.11641355555695543
endloop
endfacet
facet normal 0 0 0
outer loop
vertex 0.0 -0.06720015522715223 0.1099735841433979
vertex 0.03866666666666667 -0.10066455555555556 0.11641355555695543
vertex 0.03866666666666667 -0.09937089620573812 0.13550777497818056
endloop
endfacet
facet normal 0 0 0
outer loop
vertex 0.0 -0.068075 0.09815000000086681
vertex 0.0 -0.06720015522715223 0.08632641585660207
vertex 0.03866666666666667 -0.09937089620573812 0.09731933613293058
endloop
endfacet
facet normal 0 0 0
outer loop
vertex 0.0 -0.068075 0.09815000000086681
vertex 0.03866666666666667 -0.09937089620573812 0.09731933613293058
vertex 0.03866666666666667 -0.10066455555555556 0.11641355555695543
endloop
endfacet
facet normal 0 0 0
outer loop
vertex 0.0 -0.06720015522715223 0.08632641585660207
vertex 0.0 -0.06457501969351356 0.07962243112462916
vertex 0.03866666666666667 -0.09548902912139245 0.0864928934971165
endloop
endfacet
facet normal 0 0 0
outer loop
vertex 0.0 -0.06720015522715223 0.08632641585660207
vertex 0.03866666666666667 -0.09548902912139245 0.0864928934971165
vertex 0.03866666666666667 -0.09937089620573812 0.09731933613293058
endloop
endfacet
facet normal 0 0 0
outer loop
vertex 0.0 -0.06457501969351356 0.07962243112462916
vertex 0.0 -0.060193819892804236 0.07439520382318823
vertex 0.03866666666666667 -0.089010416844661 0.07805130557799289
endloop
endfacet
facet normal 0 0 0
outer loop
vertex 0.0 -0.06457501969351356 0.07962243112462916
vertex 0.03866666666666667 -0.089010416844661 0.07805130557799289
vertex 0.03866666666666667 -0.09548902912139245 0.0864928934971165
endloop
endfacet
facet normal 0 0 0
outer loop
vertex 0.0 -0.060193819892804236 0.07439520382318823
vertex 0.0 -0.0540311633063676 0.07025142651165889
vertex 0.03866666666666667 -0.0798975106924001 0.07135940976491013
endloop
endfacet
facet normal 0 0 0
outer loop
vertex 0.0 -0.060193819892804236 0.07439520382318823
vertex 0.03866666666666667 -0.0798975106924001 0.07135940976491013
vertex 0.03866666666666667 -0.089010416844661 0.07805130557799289
endloop
endfacet
facet normal 0 0 0
outer loop
vertex 0.0 -0.0540311633063676 0.07025142651165889
vertex 0.0 -0.04600591037657074 0.0670693864233262
vertex 0.03866666666666667 -0.06803032715367191 0.06622064888484824
endloop
endfacet
facet normal 0 0 0
outer loop
vertex 0.0 -0.0540311633063676 0.07025142651165889
vertex 0.03866666666666667 -0.06803032715367191 0.06622064888484824
vertex 0.03866666666666667 -0.0798975106924001 0.07135940976491013
endloop
endfacet
facet normal 0 0 0
outer loop
vertex 0.0 -0.04600591037657074 0.0670693864233262
vertex 0.0 -0.03588234000543016 0.06480718777485125
vertex 0.03866666666666667 -0.05306029833183928 0.06256736432682647
endloop
endfacet
facet normal 0 0 0
outer loop
vertex 0.0 -0.04600591037657074 0.0670693864233262
vertex 0.03866666666666667 -0.05306029833183928 0.06256736432682647
vertex 0.03866666666666667 -0.06803032715367191 0.06622064888484824
endloop
endfacet
facet normal 0 0 0
outer loop
vertex 0.0 -0.03588234000543016 0.06480718777485125
vertex 0.0 -0.022898733728643355 0.06345171933552111
vertex 0.03866666666666667 -0.033861048161276434 0.06037838241684747
endloop
endfacet
facet normal 0 0 0
outer loop
vertex 0.0 -0.03588234000543016 0.06480718777485125
vertex 0.03866666666666667 -0.033861048161276434 0.06037838241684747
vertex 0.03866666666666667 -0.05306029833183928 0.06256736432682647
endloop
endfacet
facet normal 0 0 0
outer loop
vertex 0.0 -0.022898733728643355 0.06345171933552111
vertex 0.0 -2.199829679824418e-12 0.063
vertex 0.03866666666666667 -3.2529544916260766e-12 0.05964888888888889
endloop
endfacet
facet normal 0 0 0
outer loop
vertex 0.0 -0.022898733728643355 0.06345171933552111
vertex 0.03866666666666667 -3.2529544916260766e-12 0.05964888888888889
vertex 0.03866666666666667 -0.033861048161276434 0.06037838241684747
endloop
endfacet
facet normal 0 0 0
outer loop
vertex 0.0 -2.199829679824418e-12 0.063
vertex 0.0 0.02289873372864333 0.0634517193355211
vertex 0.03866666666666667 0.03386104816127639 0.06037838241684746
endloop
endfacet
facet normal 0 0 0
outer loop
vertex 0.0 -2.199829679824418e-12 0.063
vertex 0.03866666666666667 0.03386104816127639 0.06037838241684746
vertex 0.03866666666666667 -3.2529544916260766e-12 0.05964888888888889
endloop
endfacet
facet normal 0 0 0
outer loop
vertex 0.0 0.02289873372864333 0.0634517193355211
vertex 0.0 0.03588234000543014 0.06480718777485125
vertex 0.03866666666666667 0.05306029833183924 0.06256736432682647
endloop
endfacet
facet normal 0 0 0
outer loop
vertex 0.0 0.02289873372864333 0.0634517193355211
vertex 0.03866666666666667 0.05306029833183924 0.06256736432682647
vertex 0.03866666666666667 0.03386104816127639 0.06037838241684746
endloop
endfacet
facet normal 0 0 0
outer loop
vertex 0.0 0.03588234000543014 0.06480718777485125
vertex 0.0 0.04600591037657072 0.0670693864233262
vertex 0.03866666666666667 0.06803032715367188 0.06622064888484822
endloop
endfacet
facet normal 0 0 0
outer loop
vertex 0.0 0.03588234000543014 0.06480718777485125
vertex 0.03866666666666667 0.06803032715367188 0.06622064888484822
vertex 0.03866666666666667 0.05306029833183924 0.06256736432682647
endloop
endfacet
facet normal 0 0 0
outer loop
vertex 0.0 0.04600591037657072 0.0670693864233262
vertex 0.0 0.05403116330636758 0.07025142651165889
vertex 0.03866666666666667 0.07989751069240006 0.07135940976491012
endloop
endfacet
facet normal 0 0 0
outer loop
vertex 0.0 0.04600591037657072 0.0670693864233262
vertex 0.03866666666666667 0.07989751069240006 0.07135940976491012
vertex 0.03866666666666667 0.06803032715367188 0.06622064888484822
endloop
endfacet
facet normal 0 0 0
outer loop
vertex 0.0 0.05403116330636758 0.07025142651165889
vertex 0.0 0.06019381989280422 0.07439520382318822
vertex 0.03866666666666667 0.08901041684466099 0.07805130557799289
endloop
endfacet
facet normal 0 0 0
outer loop
vertex 0.0 0.05403116330636758 0.07025142651165889
vertex 0.03866666666666667 0.08901041684466099 0.07805130557799289
vertex 0.03866666666666667 0.07989751069240006 0.07135940976491012
endloop
endfacet
facet normal 0 0 0
outer loop
vertex 0.0 0.06019381989280422 0.07439520382318822
vertex 0.0 0.06457501969351355 0.07962243112462915
vertex 0.03866666666666667 0.09548902912139243 0.08649289349711646
endloop
endfacet
facet normal 0 0 0
outer loop
vertex 0.0 0.06019381989280422 0.07439520382318822
vertex 0.03866666666666667 0.09548902912139243 0.08649289349711646
vertex 0.03866666666666667 0.08901041684466099 0.07805130557799289
endloop
endfacet
facet normal 0 0 0
outer loop
vertex 0.0 0.06457501969351355 0.07962243112462915
vertex 0.0 0.06720015522715221 0.08632641585660206
vertex 0.03866666666666667 0.09937089620573811 0.09731933613293055
endloop
endfacet
facet normal 0 0 0
outer loop
vertex 0.0 0.06457501969351355 0.07962243112462915
vertex 0.03866666666666667 0.09937089620573811 0.09731933613293055
vertex 0.03866666666666667 0.09548902912139243 0.08649289349711646
endloop
endfacet
facet normal 0 0 0
outer loop
vertex 0.0 0.06720015522715221 0.08632641585660206
vertex 0.0 0.068075 0.09814999999999999
vertex 0.03866666666666667 0.10066455555555556 0.11641355555555556
endloop
endfacet
facet normal 0 0 0
outer loop
vertex 0.0 0.06720015522715221 0.08632641585660206
vertex 0.03866666666666667 0.10066455555555556 0.11641355555555556
vertex 0.03866666666666667 0.09937089620573811 0.09731933613293055
endloop
endfacet
facet normal 0 0 0
outer loop
vertex 0.03866666666666667 0.10066455555555556 0.11641355555555556
vertex 0.03866666666666667 0.09937089620573812 0.13550777497818053
vertex 0.07733333333333334 0.13154163718432402 0.1610419658129632
endloop
endfacet
facet normal 0 0 0
outer loop
vertex 0.03866666666666667 0.10066455555555556 0.11641355555555556
vertex 0.07733333333333334 0.13154163718432402 0.1610419658129632
vertex 0.07733333333333334 0.13325411111111113 0.13467711111111114
endloop
endfacet
facet normal 0 0 0
outer loop
vertex 0.03866666666666667 0.09937089620573812 0.13550777497818053
vertex 0.03866666666666667 0.09548902912139244 0.14633421761399462
vertex 0.07733333333333334 0.12640303854927132 0.17599086635261846
endloop
endfacet
facet normal 0 0 0
outer loop
vertex 0.03866666666666667 0.09937089620573812 0.13550777497818053
vertex 0.07733333333333334 0.12640303854927132 0.17599086635261846
vertex 0.07733333333333334 0.13154163718432402 0.1610419658129632
endloop
endfacet
facet normal 0 0 0
outer loop
vertex 0.03866666666666667 0.09548902912139244 0.14633421761399462
vertex 0.03866666666666667 0.08901041684466099 0.15477580553311823
vertex 0.07733333333333334 0.11782701379651775 0.18764681488942472
endloop
endfacet
facet normal 0 0 0
outer loop
vertex 0.03866666666666667 0.09548902912139244 0.14633421761399462
vertex 0.07733333333333334 0.11782701379651775 0.18764681488942472
vertex 0.07733333333333334 0.12640303854927132 0.17599086635261846
endloop
endfacet
facet normal 0 0 0
outer loop
vertex 0.03866666666666667 0.08901041684466099 0.15477580553311823
vertex 0.03866666666666667 0.07989751069240009 0.161467701346201
vertex 0.07733333333333334 0.10576385807843258 0.19688682920406092
endloop
endfacet
facet normal 0 0 0
outer loop
vertex 0.03866666666666667 0.08901041684466099 0.15477580553311823
vertex 0.07733333333333334 0.10576385807843258 0.19688682920406092
vertex 0.07733333333333334 0.11782701379651775 0.18764681488942472
endloop
endfacet
facet normal 0 0 0
outer loop
vertex 0.03866666666666667 0.07989751069240009 0.161467701346201
vertex 0.03866666666666667 0.06803032715367192 0.16660646222626288
vertex 0.07733333333333334 0.0900547439307731 0.203982310875852
endloop
endfacet
facet normal 0 0 0
outer loop
vertex 0.03866666666666667 0.07989751069240009 0.161467701346201
vertex 0.07733333333333334 0.0900547439307731 0.203982310875852
vertex 0.07733333333333334 0.10576385807843258 0.19688682920406092
endloop
endfacet
facet normal 0 0 0
outer loop
vertex 0.03866666666666667 0.06803032715367192 0.16660646222626288
vertex 0.03866666666666667 0.05306029833183923 0.17025974678428465
vertex 0.07733333333333334 0.07023825665824833 0.20902668134342056
endloop
endfacet
facet normal 0 0 0
outer loop
vertex 0.03866666666666667 0.06803032715367192 0.16660646222626288
vertex 0.07733333333333334 0.07023825665824833 0.20902668134342056
vertex 0.07733333333333334 0.0900547439307731 0.203982310875852
endloop
endfacet
facet normal 0 0 0
outer loop
vertex 0.03866666666666667 0.05306029833183923 0.17025974678428465
vertex 0.03866666666666667 0.03386104816127639 0.17244872869426367
vertex 0.07733333333333334 0.044823362593909455 0.21204917672404844
endloop
endfacet
facet normal 0 0 0
outer loop
vertex 0.03866666666666667 0.05306029833183923 0.17025974678428465
vertex 0.07733333333333334 0.044823362593909455 0.21204917672404844
vertex 0.07733333333333334 0.07023825665824833 0.20902668134342056
endloop
endfacet
facet normal 0 0 0
outer loop
vertex 0.03866666666666667 0.03386104816127639 0.17244872869426367
vertex 0.03866666666666667 1.5638574059257544e-12 0.17317822222222223
vertex 0.07733333333333334 2.070147008359425e-12 0.2130564444444445
endloop
endfacet
facet normal 0 0 0
outer loop
vertex 0.03866666666666667 0.03386104816127639 0.17244872869426367
vertex 0.07733333333333334 2.070147008359425e-12 0.2130564444444445
vertex 0.07733333333333334 0.044823362593909455 0.21204917672404844
endloop
endfacet
facet normal 0 0 0
outer loop
vertex 0.03866666666666667 1.5638574059257544e-12 0.17317822222222223
vertex 0.03866666666666667 -0.03386104816127638 0.17244872869426367
vertex 0.07733333333333334 -0.044823362593909434 0.21204917672404844
endloop
endfacet
facet normal 0 0 0
outer loop
vertex 0.03866666666666667 1.5638574059257544e-12 0.17317822222222223
vertex 0.07733333333333334 -0.044823362593909434 0.21204917672404844
vertex 0.07733333333333334 2.070147008359425e-12 0.2130564444444445
endloop
endfacet
facet normal 0 0 0
outer loop
vertex 0.03866666666666667 -0.03386104816127638 0.17244872869426367
vertex 0.03866666666666667 -0.05306029833183922 0.17025974678428465
vertex 0.07733333333333334 -0.07023825665824832 0.20902668134342056
endloop
endfacet
facet normal 0 0 0
outer loop
vertex 0.03866666666666667 -0.03386104816127638 0.17244872869426367
vertex 0.07733333333333334 -0.07023825665824832 0.20902668134342056
vertex 0.07733333333333334 -0.044823362593909434 0.21204917672404844
endloop
endfacet
facet normal 0 0 0
outer loop
vertex 0.03866666666666667 -0.05306029833183922 0.17025974678428465
vertex 0.03866666666666667 -0.0680303271536719 0.1666064622262629
vertex 0.07733333333333334 -0.09005474393077308 0.203982310875852
endloop
endfacet
facet normal 0 0 0
outer loop
vertex 0.03866666666666667 -0.05306029833183922 0.17025974678428465
vertex 0.07733333333333334 -0.09005474393077308 0.203982310875852
vertex 0.07733333333333334 -0.07023825665824832 0.20902668134342056
endloop
endfacet
facet normal 0 0 0
outer loop
vertex 0.03866666666666667 -0.0680303271536719 0.1666064622262629
vertex 0.03866666666666667 -0.07989751069240007 0.161467701346201
vertex 0.07733333333333334 -0.10576385807843257 0.19688682920406092
endloop
endfacet
facet normal 0 0 0
outer loop
vertex 0.03866666666666667 -0.0680303271536719 0.1666064622262629
vertex 0.07733333333333334 -0.10576385807843257 0.19688682920406092
vertex 0.07733333333333334 -0.09005474393077308 0.203982310875852
endloop
endfacet
facet normal 0 0 0
outer loop
vertex 0.03866666666666667 -0.07989751069240007 0.161467701346201
vertex 0.03866666666666667 -0.08901041684466099 0.15477580553311823
vertex 0.07733333333333334 -0.11782701379651776 0.18764681488942472
endloop
endfacet
facet normal 0 0 0
outer loop
vertex 0.03866666666666667 -0.07989751069240007 0.161467701346201
vertex 0.07733333333333334 -0.11782701379651776 0.18764681488942472
vertex 0.07733333333333334 -0.10576385807843257 0.19688682920406092
endloop
endfacet
facet normal 0 0 0
outer loop
vertex 0.03866666666666667 -0.08901041684466099 0.15477580553311823
vertex 0.03866666666666667 -0.09548902912139244 0.14633421761399462
vertex 0.07733333333333334 -0.12640303854927132 0.17599086635261846
endloop
endfacet
facet normal 0 0 0
outer loop
vertex 0.03866666666666667 -0.08901041684466099 0.15477580553311823
vertex 0.07733333333333334 -0.12640303854927132 0.17599086635261846
vertex 0.07733333333333334 -0.11782701379651776 0.18764681488942472
endloop
endfacet
facet normal 0 0 0
outer loop
vertex 0.03866666666666667 -0.09548902912139244 0.14633421761399462
vertex 0.03866666666666667 -0.09937089620573812 0.13550777497818056
vertex 0.07733333333333334 -0.13154163718432402 0.16104196581296323
endloop
endfacet
facet normal 0 0 0
outer loop
vertex 0.03866666666666667 -0.09548902912139244 0.14633421761399462
vertex 0.07733333333333334 -0.13154163718432402 0.16104196581296323
vertex 0.07733333333333334 -0.12640303854927132 0.17599086635261846
endloop
endfacet
facet normal 0 0 0
outer loop
vertex 0.03866666666666667 -0.09937089620573812 0.13550777497818056
vertex 0.03866666666666667 -0.10066455555555556 0.11641355555695543
vertex 0.07733333333333334 -0.13325411111111113 0.13467711111304403
endloop
endfacet
facet normal 0 0 0
outer loop
vertex 0.03866666666666667 -0.09937089620573812 0.13550777497818056
vertex 0.07733333333333334 -0.13325411111111113 0.13467711111304403
vertex 0.07733333333333334 -0.13154163718432402 0.16104196581296323
endloop
endfacet
facet normal 0 0 0
outer loop
vertex 0.03866666666666667 -0.10066455555555556 0.11641355555695543
vertex 0.03866666666666667 -0.09937089620573812 0.09731933613293058
vertex 0.07733333333333334 -0.13154163718432402 0.10831225640925907
endloop
endfacet
facet normal 0 0 0
outer loop
vertex 0.03866666666666667 -0.10066455555555556 0.11641355555695543
vertex 0.07733333333333334 -0.13154163718432402 0.10831225640925907
vertex 0.07733333333333334 -0.13325411111111113 0.13467711111304403
endloop
endfacet
facet normal 0 0 0
outer loop
vertex 0.03866666666666667 -0.09937089620573812 0.09731933613293058
vertex 0.03866666666666667 -0.09548902912139245 0.0864928934971165
vertex 0.07733333333333334 -0.12640303854927135 0.09336335586960381
endloop
endfacet
facet normal 0 0 0
outer loop
vertex 0.03866666666666667 -0.09937089620573812 0.09731933613293058
vertex 0.07733333333333334 -0.12640303854927135 0.09336335586960381
vertex 0.07733333333333334 -0.13154163718432402 0.10831225640925907
endloop
endfacet
facet normal 0 0 0
outer loop
vertex 0.03866666666666667 -0.09548902912139245 0.0864928934971165
vertex 0.03866666666666667 -0.089010416844661 0.07805130557799289
vertex 0.07733333333333334 -0.11782701379651778 0.08170740733279755
endloop
endfacet
facet normal 0 0 0
outer loop
vertex 0.03866666666666667 -0.09548902912139245 0.0864928934971165
vertex 0.07733333333333334 -0.11782701379651778 0.08170740733279755
vertex 0.07733333333333334 -0.12640303854927135 0.09336335586960381
endloop
endfacet
facet normal 0 0 0
outer loop
vertex 0.03866666666666667 -0.089010416844661 0.07805130557799289
vertex 0.03866666666666667 -0.0798975106924001 0.07135940976491013
vertex 0.07733333333333334 -0.1057638580784326 0.07246739301816138
endloop
endfacet
facet normal 0 0 0
outer loop
vertex 0.03866666666666667 -0.089010416844661 0.07805130557799289
vertex 0.07733333333333334 -0.1057638580784326 0.07246739301816138
vertex 0.07733333333333334 -0.11782701379651778 0.08170740733279755
endloop
endfacet
facet normal 0 0 0
outer loop
vertex 0.03866666666666667 -0.0798975106924001 0.07135940976491013
vertex 0.03866666666666667 -0.06803032715367191 0.06622064888484824
vertex 0.07733333333333334 -0.09005474393077309 0.06537191134637027
endloop
endfacet
facet normal 0 0 0
outer loop
vertex 0.03866666666666667 -0.0798975106924001 0.07135940976491013
vertex 0.07733333333333334 -0.09005474393077309 0.06537191134637027
vertex 0.07733333333333334 -0.1057638580784326 0.07246739301816138
endloop
endfacet
facet normal 0 0 0
outer loop
vertex 0.03866666666666667 -0.06803032715367191 0.06622064888484824
vertex 0.03866666666666667 -0.05306029833183928 0.06256736432682647
vertex 0.07733333333333334 -0.07023825665824839 0.0603275408788017
endloop
endfacet
facet normal 0 0 0
outer loop
vertex 0.03866666666666667 -0.06803032715367191 0.06622064888484824
vertex 0.07733333333333334 -0.07023825665824839 0.0603275408788017
vertex 0.07733333333333334 -0.09005474393077309 0.06537191134637027
endloop
endfacet
facet normal 0 0 0
outer loop
vertex 0.03866666666666667 -0.05306029833183928 0.06256736432682647
vertex 0.03866666666666667 -0.033861048161276434 0.06037838241684747
vertex 0.07733333333333334 -0.04482336259390951 0.05730504549817382
endloop
endfacet
facet normal 0 0 0
outer loop
vertex 0.03866666666666667 -0.05306029833183928 0.06256736432682647
vertex 0.07733333333333334 -0.04482336259390951 0.05730504549817382
vertex 0.07733333333333334 -0.07023825665824839 0.0603275408788017
endloop
endfacet
facet normal 0 0 0
outer loop
vertex 0.03866666666666667 -0.033861048161276434 0.06037838241684747
vertex 0.03866666666666667 -3.2529544916260766e-12 0.05964888888888889
vertex 0.07733333333333334 -4.306079303427735e-12 0.05629777777777778
endloop
endfacet
facet normal 0 0 0
outer loop
vertex 0.03866666666666667 -0.033861048161276434 0.06037838241684747
vertex 0.07733333333333334 -4.306079303427735e-12 0.05629777777777778
vertex 0.07733333333333334 -0.04482336259390951 0.05730504549817382
endloop
endfacet
facet normal 0 0 0
outer loop
vertex 0.03866666666666667 -3.2529544916260766e-12 0.05964888888888889
vertex 0.03866666666666667 0.03386104816127639 0.06037838241684746
vertex 0.07733333333333334 0.044823362593909455 0.05730504549817382
endloop
endfacet
facet normal 0 0 0
outer loop
vertex 0.03866666666666667 -3.2529544916260766e-12 0.05964888888888889
vertex 0.07733333333333334 0.044823362593909455 0.05730504549817382
vertex 0.07733333333333334 -4.306079303427735e-12 0.05629777777777778
endloop
endfacet
facet normal 0 0 0
outer loop
vertex 0.03866666666666667 0.03386104816127639 0.06037838241684746
vertex 0.03866666666666667 0.05306029833183924 0.06256736432682647
vertex 0.07733333333333334 0.07023825665824834 0.0603275408788017
endloop
endfacet
facet normal 0 0 0
outer loop
vertex 0.03866666666666667 0.03386104816127639 0.06037838241684746
vertex 0.07733333333333334 0.07023825665824834 0.0603275408788017
vertex 0.07733333333333334 0.044823362593909455 0.05730504549817382
endloop
endfacet
facet normal 0 0 0
outer loop
vertex 0.03866666666666667 0.05306029833183924 0.06256736432682647
vertex 0.03866666666666667 0.06803032715367188 0.06622064888484822
vertex 0.07733333333333334 0.09005474393077306 0.06537191134637026
endloop
endfacet
facet normal 0 0 0
outer loop
vertex 0.03866666666666667 0.05306029833183924 0.06256736432682647
vertex 0.07733333333333334 0.09005474393077306 0.06537191134637026
vertex 0.07733333333333334 0.07023825665824834 0.0603275408788017
endloop
endfacet
facet normal 0 0 0
outer loop
vertex 0.03866666666666667 0.06803032715367188 0.06622064888484822
vertex 0.03866666666666667 0.07989751069240006 0.07135940976491012
vertex 0.07733333333333334 0.10576385807843255 0.07246739301816135
endloop
endfacet
facet normal 0 0 0
outer loop
vertex 0.03866666666666667 0.06803032715367188 0.06622064888484822
vertex 0.07733333333333334 0.10576385807843255 0.07246739301816135
vertex 0.07733333333333334 0.09005474393077306 0.06537191134637026
endloop
endfacet
facet normal 0 0 0
outer loop
vertex 0.03866666666666667 0.07989751069240006 0.07135940976491012
vertex 0.03866666666666667 0.08901041684466099 0.07805130557799289
vertex 0.07733333333333334 0.11782701379651775 0.08170740733279755
endloop
endfacet
facet normal 0 0 0
outer loop
vertex 0.03866666666666667 0.07989751069240006 0.07135940976491012
vertex 0.07733333333333334 0.11782701379651775 0.08170740733279755
vertex 0.07733333333333334 0.10576385807843255 0.07246739301816135
endloop
endfacet
facet normal 0 0 0
outer loop
vertex 0.03866666666666667 0.08901041684466099 0.07805130557799289
vertex 0.03866666666666667 0.09548902912139243 0.08649289349711646
vertex 0.07733333333333334 0.1264030385492713 0.09336335586960376
endloop
endfacet
facet normal 0 0 0
outer loop
vertex 0.03866666666666667 0.08901041684466099 0.07805130557799289
vertex 0.07733333333333334 0.1264030385492713 0.09336335586960376
vertex 0.07733333333333334 0.11782701379651775 0.08170740733279755
endloop
endfacet
facet normal 0 0 0
outer loop
vertex 0.03866666666666667 0.09548902912139243 0.08649289349711646
vertex 0.03866666666666667 0.09937089620573811 0.09731933613293055
vertex 0.07733333333333334 0.13154163718432402 0.10831225640925904
endloop
endfacet
facet normal 0 0 0
outer loop
vertex 0.03866666666666667 0.09548902912139243 0.08649289349711646
vertex 0.07733333333333334 0.13154163718432402 0.10831225640925904
vertex 0.07733333333333334 0.1264030385492713 0.09336335586960376
endloop
endfacet
facet normal 0 0 0
outer loop
vertex 0.03866666666666667 0.09937089620573811 0.09731933613293055
vertex 0.03866666666666667 0.10066455555555556 0.11641355555555556
vertex 0.07733333333333334 0.13325411111111113 0.13467711111111114
endloop
endfacet
facet normal 0 0 0
outer loop
vertex 0.03866666666666667 0.09937089620573811 0.09731933613293055
vertex 0.07733333333333334 0.13325411111111113 0.13467711111111114
vertex 0.07733333333333334 0.13154163718432402 0.10831225640925904
endloop
endfacet
facet normal 0 0 0
outer loop
vertex 0.07733333333333334 0.13325411111111113 0.13467711111111114
vertex 0.07733333333333334 0.13154163718432402 0.1610419658129632
vertex 0.116 0.1637123781629099 0.1865761566477458
endloop
endfacet
facet normal 0 0 0
outer loop
vertex 0.07733333333333334 0.13325411111111113 0.13467711111111114
vertex 0.116 0.1637123781629099 0.1865761566477458
vertex 0.116 0.16584366666666667 0.15294066666666667
endloop
endfacet
facet normal 0 0 0
outer loop
vertex 0.07733333333333334 0.13154163718432402 0.1610419658129632
vertex 0.07733333333333334 0.12640303854927132 0.17599086635261846
vertex 0.116 0.15731704797715018 0.2056475150912422
endloop
endfacet
facet normal 0 0 0
outer loop
vertex 0.07733333333333334 0.13154163718432402 0.1610419658129632
vertex 0.116 0.15731704797715018 0.2056475150912422
vertex 0.116 0.1637123781629099 0.1865761566477458
endloop
endfacet
facet normal 0 0 0
outer loop
vertex 0.07733333333333334 0.12640303854927132 0.17599086635261846
vertex 0.07733333333333334 0.11782701379651775 0.18764681488942472
vertex 0.116 0.14664361074837448 0.22051782424573113
endloop
endfacet
facet normal 0 0 0
outer loop
vertex 0.07733333333333334 0.12640303854927132 0.17599086635261846
vertex 0.116 0.14664361074837448 0.22051782424573113
vertex 0.116 0.15731704797715018 0.2056475150912422
endloop
endfacet
facet normal 0 0 0
outer loop
vertex 0.07733333333333334 0.11782701379651775 0.18764681488942472
vertex 0.07733333333333334 0.10576385807843258 0.19688682920406092
vertex 0.116 0.13163020546446505 0.23230595706192073
endloop
endfacet
facet normal 0 0 0
outer loop
vertex 0.07733333333333334 0.11782701379651775 0.18764681488942472
vertex 0.116 0.13163020546446505 0.23230595706192073
vertex 0.116 0.14664361074837448 0.22051782424573113
endloop
endfacet
facet normal 0 0 0
outer loop
vertex 0.07733333333333334 0.10576385807843258 0.19688682920406092
vertex 0.07733333333333334 0.0900547439307731 0.203982310875852
vertex 0.116 0.11207916070787426 0.24135815952544104
endloop
endfacet
facet normal 0 0 0
outer loop
vertex 0.07733333333333334 0.10576385807843258 0.19688682920406092
vertex 0.116 0.11207916070787426 0.24135815952544104
vertex 0.116 0.13163020546446505 0.23230595706192073
endloop
endfacet
facet normal 0 0 0
outer loop
vertex 0.07733333333333334 0.0900547439307731 0.203982310875852
vertex 0.07733333333333334 0.07023825665824833 0.20902668134342056
vertex 0.116 0.08741621498465742 0.24779361590255639
endloop
endfacet
facet normal 0 0 0
outer loop
vertex 0.07733333333333334 0.0900547439307731 0.203982310875852
vertex 0.116 0.08741621498465742 0.24779361590255639
vertex 0.116 0.11207916070787426 0.24135815952544104
endloop
endfacet
facet normal 0 0 0
outer loop
vertex 0.07733333333333334 0.07023825665824833 0.20902668134342056
vertex 0.07733333333333334 0.044823362593909455 0.21204917672404844
vertex 0.116 0.05578567702654252 0.2516496247538331
endloop
endfacet
facet normal 0 0 0
outer loop
vertex 0.07733333333333334 0.07023825665824833 0.20902668134342056
vertex 0.116 0.05578567702654252 0.2516496247538331
vertex 0.116 0.08741621498465742 0.24779361590255639
endloop
endfacet
facet normal 0 0 0
outer loop
vertex 0.07733333333333334 0.044823362593909455 0.21204917672404844
vertex 0.07733333333333334 2.070147008359425e-12 0.2130564444444445
vertex 0.116 2.5764366107930954e-12 0.25293466666666664
endloop
endfacet
facet normal 0 0 0
outer loop
vertex 0.07733333333333334 0.044823362593909455 0.21204917672404844
vertex 0.116 2.5764366107930954e-12 0.25293466666666664
vertex 0.116 0.05578567702654252 0.2516496247538331
endloop
endfacet
facet normal 0 0 0
outer loop
vertex 0.07733333333333334 2.070147008359425e-12 0.2130564444444445
vertex 0.07733333333333334 -0.044823362593909434 0.21204917672404844
vertex 0.116 -0.05578567702654249 0.2516496247538331
endloop
endfacet
facet normal 0 0 0
outer loop
vertex 0.07733333333333334 2.070147008359425e-12 0.2130564444444445
vertex 0.116 -0.05578567702654249 0.2516496247538331
vertex 0.116 2.5764366107930954e-12 0.25293466666666664
endloop
endfacet
facet normal 0 0 0
outer loop
vertex 0.07733333333333334 -0.044823362593909434 0.21204917672404844
vertex 0.07733333333333334 -0.07023825665824832 0.20902668134342056
vertex 0.116 -0.08741621498465739 0.24779361590255639
endloop
endfacet
facet normal 0 0 0
outer loop
vertex 0.07733333333333334 -0.044823362593909434 0.21204917672404844
vertex 0.116 -0.08741621498465739 0.24779361590255639
vertex 0.116 -0.05578567702654249 0.2516496247538331
endloop
endfacet
facet normal 0 0 0
outer loop
vertex 0.07733333333333334 -0.07023825665824832 0.20902668134342056
vertex 0.07733333333333334 -0.09005474393077308 0.203982310875852
vertex 0.116 -0.11207916070787423 0.24135815952544104
endloop
endfacet
facet normal 0 0 0
outer loop
vertex 0.07733333333333334 -0.07023825665824832 0.20902668134342056
vertex 0.116 -0.11207916070787423 0.24135815952544104
vertex 0.116 -0.08741621498465739 0.24779361590255639
endloop
endfacet
facet normal 0 0 0
outer loop
vertex 0.07733333333333334 -0.09005474393077308 0.203982310875852
vertex 0.07733333333333334 -0.10576385807843257 0.19688682920406092
vertex 0.116 -0.13163020546446502 0.23230595706192073
endloop
endfacet
facet normal 0 0 0
outer loop
vertex 0.07733333333333334 -0.09005474393077308 0.203982310875852
vertex 0.116 -0.13163020546446502 0.23230595706192073
vertex 0.116 -0.11207916070787423 0.24135815952544104
endloop
endfacet
facet normal 0 0 0
outer loop
vertex 0.07733333333333334 -0.10576385807843257 0.19688682920406092
vertex 0.07733333333333334 -0.11782701379651776 0.18764681488942472
vertex 0.116 -0.1466436107483745 0.22051782424573113
endloop
endfacet
facet normal 0 0 0
outer loop
vertex 0.07733333333333334 -0.10576385807843257 0.19688682920406092
vertex 0.116 -0.1466436107483745 0.22051782424573113
vertex 0.116 -0.13163020546446502 0.23230595706192073
endloop
endfacet
facet normal 0 0 0
outer loop
vertex 0.07733333333333334 -0.11782701379651776 0.18764681488942472
vertex 0.07733333333333334 -0.12640303854927132 0.17599086635261846
vertex 0.116 -0.15731704797715018 0.2056475150912422
endloop
endfacet
facet normal 0 0 0
outer loop
vertex 0.07733333333333334 -0.11782701379651776 0.18764681488942472
vertex 0.116 -0.15731704797715018 0.2056475150912422
vertex 0.116 -0.1466436107483745 0.22051782424573113
endloop
endfacet
facet normal 0 0 0
outer loop
vertex 0.07733333333333334 -0.12640303854927132 0.17599086635261846
vertex 0.07733333333333334 -0.13154163718432402 0.16104196581296323
vertex 0.116 -0.1637123781629099 0.18657615664774582
endloop
endfacet
facet normal 0 0 0
outer loop
vertex 0.07733333333333334 -0.12640303854927132 0.17599086635261846
vertex 0.116 -0.1637123781629099 0.18657615664774582
vertex 0.116 -0.15731704797715018 0.2056475150912422
endloop
endfacet
facet normal 0 0 0
outer loop
vertex 0.07733333333333334 -0.13154163718432402 0.16104196581296323
vertex 0.07733333333333334 -0.13325411111111113 0.13467711111304403
vertex 0.116 -0.16584366666666667 0.1529406666691326
endloop
endfacet
facet normal 0 0 0
outer loop
vertex 0.07733333333333334 -0.13154163718432402 0.16104196581296323
vertex 0.116 -0.16584366666666667 0.1529406666691326
vertex 0.116 -0.1637123781629099 0.18657615664774582
endloop
endfacet
facet normal 0 0 0
outer loop
vertex 0.07733333333333334 -0.13325411111111113 0.13467711111304403
vertex 0.07733333333333334 -0.13154163718432402 0.10831225640925907
vertex 0.116 -0.1637123781629099 0.11930517668558754
endloop
endfacet
facet normal 0 0 0
outer loop
vertex 0.07733333333333334 -0.13325411111111113 0.13467711111304403
vertex 0.116 -0.1637123781629099 0.11930517668558754
vertex 0.116 -0.16584366666666667 0.1529406666691326
endloop
endfacet
facet normal 0 0 0
outer loop
vertex 0.07733333333333334 -0.13154163718432402 0.10831225640925907
vertex 0.07733333333333334 -0.12640303854927135 0.09336335586960381
vertex 0.116 -0.15731704797715018 0.10023381824209113
endloop
endfacet
facet normal 0 0 0
outer loop
vertex 0.07733333333333334 -0.13154163718432402 0.10831225640925907
vertex 0.116 -0.15731704797715018 0.10023381824209113
vertex 0.116 -0.1637123781629099 0.11930517668558754
endloop
endfacet
facet normal 0 0 0
outer loop
vertex 0.07733333333333334 -0.12640303854927135 0.09336335586960381
vertex 0.07733333333333334 -0.11782701379651778 0.08170740733279755
vertex 0.116 -0.1466436107483745 0.08536350908760221
endloop
endfacet
facet normal 0 0 0
outer loop
vertex 0.07733333333333334 -0.12640303854927135 0.09336335586960381
vertex 0.116 -0.1466436107483745 0.08536350908760221
vertex 0.116 -0.15731704797715018 0.10023381824209113
endloop
endfacet
facet normal 0 0 0
outer loop
vertex 0.07733333333333334 -0.11782701379651778 0.08170740733279755
vertex 0.07733333333333334 -0.1057638580784326 0.07246739301816138
vertex 0.116 -0.13163020546446508 0.07357537627141261
endloop
endfacet
facet normal 0 0 0
outer loop
vertex 0.07733333333333334 -0.11782701379651778 0.08170740733279755
vertex 0.116 -0.13163020546446508 0.07357537627141261
vertex 0.116 -0.1466436107483745 0.08536350908760221
endloop
endfacet
facet normal 0 0 0
outer loop
vertex 0.07733333333333334 -0.1057638580784326 0.07246739301816138
vertex 0.07733333333333334 -0.09005474393077309 0.06537191134637027
vertex 0.116 -0.11207916070787424 0.06452317380789231
endloop
endfacet
facet normal 0 0 0
outer loop
vertex 0.07733333333333334 -0.1057638580784326 0.07246739301816138
vertex 0.116 -0.11207916070787424 0.06452317380789231
vertex 0.116 -0.13163020546446508 0.07357537627141261
endloop
endfacet
facet normal 0 0 0
outer loop
vertex 0.07733333333333334 -0.09005474393077309 0.06537191134637027
vertex 0.07733333333333334 -0.07023825665824839 0.0603275408788017
vertex 0.116 -0.08741621498465749 0.05808771743077694
endloop
endfacet
facet normal 0 0 0
outer loop
vertex 0.07733333333333334 -0.09005474393077309 0.06537191134637027
vertex 0.116 -0.08741621498465749 0.05808771743077694
vertex 0.116 -0.11207916070787424 0.06452317380789231
endloop
endfacet
facet normal 0 0 0
outer loop
vertex 0.07733333333333334 -0.07023825665824839 0.0603275408788017
vertex 0.07733333333333334 -0.04482336259390951 0.05730504549817382
vertex 0.116 -0.05578567702654258 0.0542317085795002
endloop
endfacet
facet normal 0 0 0
outer loop
vertex 0.07733333333333334 -0.07023825665824839 0.0603275408788017
vertex 0.116 -0.05578567702654258 0.0542317085795002
vertex 0.116 -0.08741621498465749 0.05808771743077694
endloop
endfacet
facet normal 0 0 0
outer loop
vertex 0.07733333333333334 -0.04482336259390951 0.05730504549817382
vertex 0.07733333333333334 -4.306079303427735e-12 0.05629777777777778
vertex 0.116 -5.359204115229392e-12 0.052946666666666684
endloop
endfacet
facet normal 0 0 0
outer loop
vertex 0.07733333333333334 -0.04482336259390951 0.05730504549817382
vertex 0.116 -5.359204115229392e-12 0.052946666666666684
vertex 0.116 -0.05578567702654258 0.0542317085795002
endloop
endfacet
facet normal 0 0 0
outer loop
vertex 0.07733333333333334 -4.306079303427735e-12 0.05629777777777778
vertex 0.07733333333333334 0.044823362593909455 0.05730504549817382
vertex 0.116 0.05578567702654252 0.05423170857950019
endloop
endfacet
facet normal 0 0 0
outer loop
vertex 0.07733333333333334 -4.306079303427735e-12 0.05629777777777778
vertex 0.116 0.05578567702654252 0.05423170857950019
vertex 0.116 -5.359204115229392e-12 0.052946666666666684
endloop
endfacet
facet normal 0 0 0
outer loop
vertex 0.07733333333333334 0.044823362593909455 0.05730504549817382
vertex 0.07733333333333334 0.07023825665824834 0.0603275408788017
vertex 0.116 0.08741621498465743 0.05808771743077694
endloop
endfacet
facet normal 0 0 0
outer loop
vertex 0.07733333333333334 0.044823362593909455 0.05730504549817382
vertex 0.116 0.08741621498465743 0.05808771743077694
vertex 0.116 0.05578567702654252 0.05423170857950019
endloop
endfacet
facet normal 0 0 0
outer loop
vertex 0.07733333333333334 0.07023825665824834 0.0603275408788017
vertex 0.07733333333333334 0.09005474393077306 0.06537191134637026
vertex 0.116 0.1120791607078742 0.06452317380789228
endloop
endfacet
facet normal 0 0 0
outer loop
vertex 0.07733333333333334 0.07023825665824834 0.0603275408788017
vertex 0.116 0.1120791607078742 0.06452317380789228
vertex 0.116 0.08741621498465743 0.05808771743077694
endloop
endfacet
facet normal 0 0 0
outer loop
vertex 0.07733333333333334 0.09005474393077306 0.06537191134637026
vertex 0.07733333333333334 0.10576385807843255 0.07246739301816135
vertex 0.116 0.13163020546446502 0.0735753762714126
endloop
endfacet
facet normal 0 0 0
outer loop
vertex 0.07733333333333334 0.09005474393077306 0.06537191134637026
vertex 0.116 0.13163020546446502 0.0735753762714126
vertex 0.116 0.1120791607078742 0.06452317380789228
endloop
endfacet
facet normal 0 0 0
outer loop
vertex 0.07733333333333334 0.10576385807843255 0.07246739301816135
vertex 0.07733333333333334 0.11782701379651775 0.08170740733279755
vertex 0.116 0.14664361074837448 0.0853635090876022
endloop
endfacet
facet normal 0 0 0
outer loop
vertex 0.07733333333333334 0.10576385807843255 0.07246739301816135
vertex 0.116 0.14664361074837448 0.0853635090876022
vertex 0.116 0.13163020546446502 0.0735753762714126
endloop
endfacet
facet normal 0 0 0
outer loop
vertex 0.07733333333333334 0.11782701379651775 0.08170740733279755
vertex 0.07733333333333334 0.1264030385492713 0.09336335586960376
vertex 0.116 0.15731704797715015 0.10023381824209107
endloop
endfacet
facet normal 0 0 0
outer loop
vertex 0.07733333333333334 0.11782701379651775 0.08170740733279755
vertex 0.116 0.15731704797715015 0.10023381824209107
vertex 0.116 0.14664361074837448 0.0853635090876022
endloop
endfacet
facet normal 0 0 0
outer loop
vertex 0.07733333333333334 0.1264030385492713 0.09336335586960376
vertex 0.07733333333333334 0.13154163718432402 0.10831225640925904
vertex 0.116 0.16371237816290987 0.11930517668558752
endloop
endfacet
facet normal 0 0 0
outer loop
vertex 0.07733333333333334 0.1264030385492713 0.09336335586960376
vertex 0.116 0.16371237816290987 0.11930517668558752
vertex 0.116 0.15731704797715015 0.10023381824209107
endloop
endfacet
facet normal 0 0 0
outer loop
vertex 0.07733333333333334 0.13154163718432402 0.10831225640925904
vertex 0.07733333333333334 0.13325411111111113 0.13467711111111114
vertex 0.116 0.16584366666666667 0.15294066666666667
endloop
endfacet
facet normal 0 0 0
outer loop
vertex 0.07733333333333334 0.13154163718432402 0.10831225640925904
vertex 0.116 0.16584366666666667 0.15294066666666667
vertex 0.116 0.16371237816290987 0.11930517668558752
endloop
endfacet
facet normal 0 0 0
outer loop
vertex 0.116 0.16584366666666667 0.15294066666666667
vertex 0.116 0.1637123781629099 0.1865761566477458
vertex 0.15466666666666667 0.19200044350614923 0.20902863479557188
endloop
endfacet
facet normal 0 0 0
outer loop
vertex 0.116 0.16584366666666667 0.15294066666666667
vertex 0.15466666666666667 0.19200044350614923 0.20902863479557188
vertex 0.15466666666666667 0.1945 0.16899999999999998
endloop
endfacet
facet normal 0 0 0
outer loop
vertex 0.116 0.1637123781629099 0.1865761566477458
vertex 0.116 0.15731704797715018 0.2056475150912422
vertex 0.15466666666666667 0.1845000562671816 0.23172491312003207
endloop
endfacet
facet normal 0 0 0
outer loop
vertex 0.116 0.1637123781629099 0.1865761566477458
vertex 0.15466666666666667 0.1845000562671816 0.23172491312003207
vertex 0.15466666666666667 0.19200044350614923 0.20902863479557188
endloop
endfacet
facet normal 0 0 0
outer loop
vertex 0.116 0.15731704797715018 0.2056475150912422
vertex 0.116 0.14664361074837448 0.22051782424573113
vertex 0.15466666666666667 0.17198234255086922 0.24942164281765578
endloop
endfacet
facet normal 0 0 0
outer loop
vertex 0.116 0.15731704797715018 0.2056475150912422
vertex 0.15466666666666667 0.17198234255086922 0.24942164281765578
vertex 0.15466666666666667 0.1845000562671816 0.23172491312003207
endloop
endfacet
facet normal 0 0 0
outer loop
vertex 0.116 0.14664361074837448 0.22051782424573113
vertex 0.116 0.13163020546446505 0.23230595706192073
vertex 0.15466666666666667 0.1543747523039074 0.26345036259210786
endloop
endfacet
facet normal 0 0 0
outer loop
vertex 0.116 0.14664361074837448 0.22051782424573113
vertex 0.15466666666666667 0.1543747523039074 0.26345036259210786
vertex 0.15466666666666667 0.17198234255086922 0.24942164281765578
endloop
endfacet
facet normal 0 0 0
outer loop
vertex 0.116 0.13163020546446505 0.23230595706192073
vertex 0.116 0.11207916070787426 0.24135815952544104
vertex 0.15466666666666667 0.13144545821877357 0.27422312988973485
endloop
endfacet
facet normal 0 0 0
outer loop
vertex 0.116 0.13163020546446505 0.23230595706192073
vertex 0.15466666666666667 0.13144545821877357 0.27422312988973485
vertex 0.15466666666666667 0.1543747523039074 0.26345036259210786
endloop
endfacet
facet normal 0 0 0
outer loop
vertex 0.116 0.11207916070787426 0.24135815952544104
vertex 0.116 0.08741621498465742 0.24779361590255639
vertex 0.15466666666666667 0.1025209714440861 0.28188178249765866
endloop
endfacet
facet normal 0 0 0
outer loop
vertex 0.116 0.11207916070787426 0.24135815952544104
vertex 0.15466666666666667 0.1025209714440861 0.28188178249765866
vertex 0.15466666666666667 0.13144545821877357 0.27422312988973485
endloop
endfacet
facet normal 0 0 0
outer loop
vertex 0.116 0.08741621498465742 0.24779361590255639
vertex 0.116 0.05578567702654252 0.2516496247538331
vertex 0.15466666666666667 0.06542495351040951 0.28647070836623006
endloop
endfacet
facet normal 0 0 0
outer loop
vertex 0.116 0.08741621498465742 0.24779361590255639
vertex 0.15466666666666667 0.06542495351040951 0.28647070836623006
vertex 0.15466666666666667 0.1025209714440861 0.28188178249765866
endloop
endfacet
facet normal 0 0 0
outer loop
vertex 0.116 0.05578567702654252 0.2516496247538331
vertex 0.116 2.5764366107930954e-12 0.25293466666666664
vertex 0.15466666666666667 3.021622295691668e-12 0.288
endloop
endfacet
facet normal 0 0 0
outer loop
vertex 0.116 0.05578567702654252 0.2516496247538331
vertex 0.15466666666666667 3.021622295691668e-12 0.288
vertex 0.15466666666666667 0.06542495351040951 0.28647070836623006
endloop
endfacet
facet normal 0 0 0
outer loop
vertex 0.116 2.5764366107930954e-12 0.25293466666666664
vertex 0.116 -0.05578567702654249 0.2516496247538331
vertex 0.15466666666666667 -0.06542495351040949 0.28647070836623006
endloop
endfacet
facet normal 0 0 0
outer loop
vertex 0.116 2.5764366107930954e-12 0.25293466666666664
vertex 0.15466666666666667 -0.06542495351040949 0.28647070836623006
vertex 0.15466666666666667 3.021622295691668e-12 0.288
endloop
endfacet
facet normal 0 0 0
outer loop
vertex 0.116 -0.05578567702654249 0.2516496247538331
vertex 0.116 -0.08741621498465739 0.24779361590255639
vertex 0.15466666666666667 -0.10252097144408608 0.28188178249765866
endloop
endfacet
facet normal 0 0 0
outer loop
vertex 0.116 -0.05578567702654249 0.2516496247538331
vertex 0.15466666666666667 -0.10252097144408608 0.28188178249765866
vertex 0.15466666666666667 -0.06542495351040949 0.28647070836623006
endloop
endfacet
facet normal 0 0 0
outer loop
vertex 0.116 -0.08741621498465739 0.24779361590255639
vertex 0.116 -0.11207916070787423 0.24135815952544104
vertex 0.15466666666666667 -0.13144545821877351 0.27422312988973485
endloop
endfacet
facet normal 0 0 0
outer loop
vertex 0.116 -0.08741621498465739 0.24779361590255639
vertex 0.15466666666666667 -0.13144545821877351 0.27422312988973485
vertex 0.15466666666666667 -0.10252097144408608 0.28188178249765866
endloop
endfacet
facet normal 0 0 0
outer loop
vertex 0.116 -0.11207916070787423 0.24135815952544104
vertex 0.116 -0.13163020546446502 0.23230595706192073
vertex 0.15466666666666667 -0.1543747523039074 0.26345036259210786
endloop
endfacet
facet normal 0 0 0
outer loop
vertex 0.116 -0.11207916070787423 0.24135815952544104
vertex 0.15466666666666667 -0.1543747523039074 0.26345036259210786
vertex 0.15466666666666667 -0.13144545821877351 0.27422312988973485
endloop
endfacet
facet normal 0 0 0
outer loop
vertex 0.116 -0.13163020546446502 0.23230595706192073
vertex 0.116 -0.1466436107483745 0.22051782424573113
vertex 0.15466666666666667 -0.17198234255086925 0.24942164281765578
endloop
endfacet
facet normal 0 0 0
outer loop
vertex 0.116 -0.13163020546446502 0.23230595706192073
vertex 0.15466666666666667 -0.17198234255086925 0.24942164281765578
vertex 0.15466666666666667 -0.1543747523039074 0.26345036259210786
endloop
endfacet
facet normal 0 0 0
outer loop
vertex 0.116 -0.1466436107483745 0.22051782424573113
vertex 0.116 -0.15731704797715018 0.2056475150912422
vertex 0.15466666666666667 -0.1845000562671816 0.23172491312003207
endloop
endfacet
facet normal 0 0 0
outer loop
vertex 0.116 -0.1466436107483745 0.22051782424573113
vertex 0.15466666666666667 -0.1845000562671816 0.23172491312003207
vertex 0.15466666666666667 -0.17198234255086925 0.24942164281765578
endloop
endfacet
facet normal 0 0 0
outer loop
vertex 0.116 -0.15731704797715018 0.2056475150912422
vertex 0.116 -0.1637123781629099 0.18657615664774582
vertex 0.15466666666666667 -0.19200044350614923 0.2090286347955719
endloop
endfacet
facet normal 0 0 0
outer loop
vertex 0.116 -0.15731704797715018 0.2056475150912422
vertex 0.15466666666666667 -0.19200044350614923 0.2090286347955719
vertex 0.15466666666666667 -0.1845000562671816 0.23172491312003207
endloop
endfacet
facet normal 0 0 0
outer loop
vertex 0.116 -0.1637123781629099 0.18657615664774582
vertex 0.116 -0.16584366666666667 0.1529406666691326
vertex 0.15466666666666667 -0.1945 0.1690000000029346
endloop
endfacet
facet normal 0 0 0
outer loop
vertex 0.116 -0.1637123781629099 0.18657615664774582
vertex 0.15466666666666667 -0.1945 0.1690000000029346
vertex 0.15466666666666667 -0.19200044350614923 0.2090286347955719
endloop
endfacet
facet normal 0 0 0
outer loop
vertex 0.116 -0.16584366666666667 0.1529406666691326
vertex 0.116 -0.1637123781629099 0.11930517668558754
vertex 0.15466666666666667 -0.19200044350614923 0.1289713652044281
endloop
endfacet
facet normal 0 0 0
outer loop
vertex 0.116 -0.16584366666666667 0.1529406666691326
vertex 0.15466666666666667 -0.19200044350614923 0.1289713652044281
vertex 0.15466666666666667 -0.1945 0.1690000000029346
endloop
endfacet
facet normal 0 0 0
outer loop
vertex 0.116 -0.1637123781629099 0.11930517668558754
vertex 0.116 -0.15731704797715018 0.10023381824209113
vertex 0.15466666666666667 -0.18450005626718163 0.10627508687996788
endloop
endfacet
facet normal 0 0 0
outer loop
vertex 0.116 -0.1637123781629099 0.11930517668558754
vertex 0.15466666666666667 -0.18450005626718163 0.10627508687996788
vertex 0.15466666666666667 -0.19200044350614923 0.1289713652044281
endloop
endfacet
facet normal 0 0 0
outer loop
vertex 0.116 -0.15731704797715018 0.10023381824209113
vertex 0.116 -0.1466436107483745 0.08536350908760221
vertex 0.15466666666666667 -0.17198234255086925 0.0885783571823442
endloop
endfacet
facet normal 0 0 0
outer loop
vertex 0.116 -0.15731704797715018 0.10023381824209113
vertex 0.15466666666666667 -0.17198234255086925 0.0885783571823442
vertex 0.15466666666666667 -0.18450005626718163 0.10627508687996788
endloop
endfacet
facet normal 0 0 0
outer loop
vertex 0.116 -0.1466436107483745 0.08536350908760221
vertex 0.116 -0.13163020546446508 0.07357537627141261
vertex 0.15466666666666667 -0.15437475230390743 0.07454963740789212
endloop
endfacet
facet normal 0 0 0
outer loop
vertex 0.116 -0.1466436107483745 0.08536350908760221
vertex 0.15466666666666667 -0.15437475230390743 0.07454963740789212
vertex 0.15466666666666667 -0.17198234255086925 0.0885783571823442
endloop
endfacet
facet normal 0 0 0
outer loop
vertex 0.116 -0.13163020546446508 0.07357537627141261
vertex 0.116 -0.11207916070787424 0.06452317380789231
vertex 0.15466666666666667 -0.13144545821877354 0.0637768701102651
endloop
endfacet
facet normal 0 0 0
outer loop
vertex 0.116 -0.13163020546446508 0.07357537627141261
vertex 0.15466666666666667 -0.13144545821877354 0.0637768701102651
vertex 0.15466666666666667 -0.15437475230390743 0.07454963740789212
endloop
endfacet
facet normal 0 0 0
outer loop
vertex 0.116 -0.11207916070787424 0.06452317380789231
vertex 0.116 -0.08741621498465749 0.05808771743077694
vertex 0.15466666666666667 -0.10252097144408619 0.05611821750234133
endloop
endfacet
facet normal 0 0 0
outer loop
vertex 0.116 -0.11207916070787424 0.06452317380789231
vertex 0.15466666666666667 -0.10252097144408619 0.05611821750234133
vertex 0.15466666666666667 -0.13144545821877354 0.0637768701102651
endloop
endfacet
facet normal 0 0 0
outer loop
vertex 0.116 -0.08741621498465749 0.05808771743077694
vertex 0.116 -0.05578567702654258 0.0542317085795002
vertex 0.15466666666666667 -0.0654249535104096 0.0515292916337699
endloop
endfacet
facet normal 0 0 0
outer loop
vertex 0.116 -0.08741621498465749 0.05808771743077694
vertex 0.15466666666666667 -0.0654249535104096 0.0515292916337699
vertex 0.15466666666666667 -0.10252097144408619 0.05611821750234133
endloop
endfacet
facet normal 0 0 0
outer loop
vertex 0.116 -0.05578567702654258 0.0542317085795002
vertex 0.116 -5.359204115229392e-12 0.052946666666666684
vertex 0.15466666666666667 -6.285227656641195e-12 0.04999999999999999
endloop
endfacet
facet normal 0 0 0
outer loop
vertex 0.116 -0.05578567702654258 0.0542317085795002
vertex 0.15466666666666667 -6.285227656641195e-12 0.04999999999999999
vertex 0.15466666666666667 -0.0654249535104096 0.0515292916337699
endloop
endfacet
facet normal 0 0 0
outer loop
vertex 0.116 -5.359204115229392e-12 0.052946666666666684
vertex 0.116 0.05578567702654252 0.05423170857950019
vertex 0.15466666666666667 0.06542495351040951 0.05152929163376989
endloop
endfacet
facet normal 0 0 0
outer loop
vertex 0.116 -5.359204115229392e-12 0.052946666666666684
vertex 0.15466666666666667 0.06542495351040951 0.05152929163376989
vertex 0.15466666666666667 -6.285227656641195e-12 0.04999999999999999
endloop
endfacet
facet normal 0 0 0
outer loop
vertex 0.116 0.05578567702654252 0.05423170857950019
vertex 0.116 0.08741621498465743 0.05808771743077694
vertex 0.15466666666666667 0.10252097144408612 0.05611821750234133
endloop
endfacet
facet normal 0 0 0
outer loop
vertex 0.116 0.05578567702654252 0.05423170857950019
vertex 0.15466666666666667 0.10252097144408612 0.05611821750234133
vertex 0.15466666666666667 0.06542495351040951 0.05152929163376989
endloop
endfacet
facet normal 0 0 0
outer loop
vertex 0.116 0.08741621498465743 0.05808771743077694
vertex 0.116 0.1120791607078742 0.06452317380789228
vertex 0.15466666666666667 0.13144545821877351 0.06377687011026507
endloop
endfacet
facet normal 0 0 0
outer loop
vertex 0.116 0.08741621498465743 0.05808771743077694
vertex 0.15466666666666667 0.13144545821877351 0.06377687011026507
vertex 0.15466666666666667 0.10252097144408612 0.05611821750234133
endloop
endfacet
facet normal 0 0 0
outer loop
vertex 0.116 0.1120791607078742 0.06452317380789228
vertex 0.116 0.13163020546446502 0.0735753762714126
vertex 0.15466666666666667 0.15437475230390738 0.0745496374078921
endloop
endfacet
facet normal 0 0 0
outer loop
vertex 0.116 0.1120791607078742 0.06452317380789228
vertex 0.15466666666666667 0.15437475230390738 0.0745496374078921
vertex 0.15466666666666667 0.13144545821877351 0.06377687011026507
endloop
endfacet
facet normal 0 0 0
outer loop
vertex 0.116 0.13163020546446502 0.0735753762714126
vertex 0.116 0.14664361074837448 0.0853635090876022
vertex 0.15466666666666667 0.17198234255086922 0.08857835718234419
endloop
endfacet
facet normal 0 0 0
outer loop
vertex 0.116 0.13163020546446502 0.0735753762714126
vertex 0.15466666666666667 0.17198234255086922 0.08857835718234419
vertex 0.15466666666666667 0.15437475230390738 0.0745496374078921
endloop
endfacet
facet normal 0 0 0
outer loop
vertex 0.116 0.14664361074837448 0.0853635090876022
vertex 0.116 0.15731704797715015 0.10023381824209107
vertex 0.15466666666666667 0.18450005626718158 0.10627508687996781
endloop
endfacet
facet normal 0 0 0
outer loop
vertex 0.116 0.14664361074837448 0.0853635090876022
vertex 0.15466666666666667 0.18450005626718158 0.10627508687996781
vertex 0.15466666666666667 0.17198234255086922 0.08857835718234419
endloop
endfacet
facet normal 0 0 0
outer loop
vertex 0.116 0.15731704797715015 0.10023381824209107
vertex 0.116 0.16371237816290987 0.11930517668558752
vertex 0.15466666666666667 0.1920004435061492 0.12897136520442803
endloop
endfacet
facet normal 0 0 0
outer loop
vertex 0.116 0.15731704797715015 0.10023381824209107
vertex 0.15466666666666667 0.1920004435061492 0.12897136520442803
vertex 0.15466666666666667 0.18450005626718158 0.10627508687996781
endloop
endfacet
facet normal 0 0 0
outer loop
vertex 0.116 0.16371237816290987 0.11930517668558752
vertex 0.116 0.16584366666666667 0.15294066666666667
vertex 0.15466666666666667 0.1945 0.16899999999999998
endloop
endfacet
facet normal 0 0 0
outer loop
vertex 0.116 0.16371237816290987 0.11930517668558752
vertex 0.15466666666666667 0.1945 0.16899999999999998
vertex 0.15466666666666667 0.1920004435061492 0.12897136520442803
endloop
endfacet
facet normal 0 0 0
outer loop
vertex 0.15466666666666667 0.1945 0.16899999999999998
vertex 0.15466666666666667 0.19200044350614923 0.20902863479557188
vertex 0.19333333333333336 0.19200044350614923 0.20902863479557188
endloop
endfacet
facet normal 0 0 0
outer loop
vertex 0.15466666666666667 0.1945 0.16899999999999998
vertex 0.19333333333333336 0.19200044350614923 0.20902863479557188
vertex 0.19333333333333336 0.1945 0.16899999999999998
endloop
endfacet
facet normal 0 0 0
outer loop
vertex 0.15466666666666667 0.19200044350614923 0.20902863479557188
vertex 0.15466666666666667 0.1845000562671816 0.23172491312003207
vertex 0.19333333333333336 0.1845000562671816 0.23172491312003207
endloop
endfacet
facet normal 0 0 0
outer loop
vertex 0.15466666666666667 0.19200044350614923 0.20902863479557188
vertex 0.19333333333333336 0.1845000562671816 0.23172491312003207
vertex 0.19333333333333336 0.19200044350614923 0.20902863479557188
endloop
endfacet
facet normal 0 0 0
outer loop
vertex 0.15466666666666667 0.1845000562671816 0.23172491312003207
vertex 0.15466666666666667 0.17198234255086922 0.24942164281765578
vertex 0.19333333333333336 0.17198234255086922 0.24942164281765578
endloop
endfacet
facet normal 0 0 0
outer loop
vertex 0.15466666666666667 0.1845000562671816 0.23172491312003207
vertex 0.19333333333333336 0.17198234255086922 0.24942164281765578
vertex 0.19333333333333336 0.1845000562671816 0.23172491312003207
endloop
endfacet
facet normal 0 0 0
outer loop
vertex 0.15466666666666667 0.17198234255086922 0.24942164281765578
vertex 0.15466666666666667 0.1543747523039074 0.26345036259210786
vertex 0.19333333333333336 0.1543747523039074 0.26345036259210786
endloop
endfacet
facet normal 0 0 0
outer loop
vertex 0.15466666666666667 0.17198234255086922 0.24942164281765578
vertex 0.19333333333333336 0.1543747523039074 0.26345036259210786
vertex 0.19333333333333336 0.17198234255086922 0.24942164281765578
endloop
endfacet
facet normal 0 0 0
outer loop
vertex 0.15466666666666667 0.1543747523039074 0.26345036259210786
vertex 0.15466666666666667 0.13144545821877357 0.27422312988973485
vertex 0.19333333333333336 0.13144545821877357 0.27422312988973485
endloop
endfacet
facet normal 0 0 0
outer loop
vertex 0.15466666666666667 0.1543747523039074 0.26345036259210786
vertex 0.19333333333333336 0.13144545821877357 0.27422312988973485
vertex 0.19333333333333336 0.1543747523039074 0.26345036259210786
endloop
endfacet
facet normal 0 0 0
outer loop
vertex 0.15466666666666667 0.13144545821877357 0.27422312988973485
vertex 0.15466666666666667 0.1025209714440861 0.28188178249765866
vertex 0.19333333333333336 0.1025209714440861 0.28188178249765866
endloop
endfacet
facet normal 0 0 0
outer loop
vertex 0.15466666666666667 0.13144545821877357 0.27422312988973485
vertex 0.19333333333333336 0.1025209714440861 0.28188178249765866
vertex 0.19333333333333336 0.13144545821877357 0.27422312988973485
endloop
endfacet
facet normal 0 0 0
outer loop
vertex 0.15466666666666667 0.1025209714440861 0.28188178249765866
vertex 0.15466666666666667 0.06542495351040951 0.28647070836623006
vertex 0.19333333333333336 0.06542495351040951 0.28647070836623006
endloop
endfacet
facet normal 0 0 0
outer loop
vertex 0.15466666666666667 0.1025209714440861 0.28188178249765866
vertex 0.19333333333333336 0.06542495351040951 0.28647070836623006
vertex 0.19333333333333336 0.1025209714440861 0.28188178249765866
endloop
endfacet
facet normal 0 0 0
outer loop
vertex 0.15466666666666667 0.06542495351040951 0.28647070836623006
vertex 0.15466666666666667 3.021622295691668e-12 0.288
vertex 0.19333333333333336 3.021622295691668e-12 0.288
endloop
endfacet
facet normal 0 0 0
outer loop
vertex 0.15466666666666667 0.06542495351040951 0.28647070836623006
vertex 0.19333333333333336 3.021622295691668e-12 0.288
vertex 0.19333333333333336 0.06542495351040951 0.28647070836623006
endloop
endfacet
facet normal 0 0 0
outer loop
vertex 0.15466666666666667 3.021622295691668e-12 0.288
vertex 0.15466666666666667 -0.06542495351040949 0.28647070836623006
vertex 0.19333333333333336 -0.06542495351040949 0.28647070836623006
endloop
endfacet
facet normal 0 0 0
outer loop
vertex 0.15466666666666667 3.021622295691668e-12 0.288
vertex 0.19333333333333336 -0.06542495351040949 0.28647070836623006
vertex 0.19333333333333336 3.021622295691668e-12 0.288
endloop
endfacet
facet normal 0 0 0
outer loop
vertex 0.15466666666666667 -0.06542495351040949 0.28647070836623006
vertex 0.15466666666666667 -0.10252097144408608 0.28188178249765866
vertex 0.19333333333333336 -0.10252097144408608 0.28188178249765866
endloop
endfacet
facet normal 0 0 0
outer loop
vertex 0.15466666666666667 -0.06542495351040949 0.28647070836623006
vertex 0.19333333333333336 -0.10252097144408608 0.28188178249765866
vertex 0.19333333333333336 -0.06542495351040949 0.28647070836623006
endloop
endfacet
facet normal 0 0 0
outer loop
vertex 0.15466666666666667 -0.10252097144408608 0.28188178249765866
vertex 0.15466666666666667 -0.13144545821877351 0.27422312988973485
vertex 0.19333333333333336 -0.13144545821877351 0.27422312988973485
endloop
endfacet
facet normal 0 0 0
outer loop
vertex 0.15466666666666667 -0.10252097144408608 0.28188178249765866
vertex 0.19333333333333336 -0.13144545821877351 0.27422312988973485
vertex 0.19333333333333336 -0.10252097144408608 0.28188178249765866
endloop
endfacet
facet normal 0 0 0
outer loop
vertex 0.15466666666666667 -0.13144545821877351 0.27422312988973485
vertex 0.15466666666666667 -0.1543747523039074 0.26345036259210786
vertex 0.19333333333333336 -0.1543747523039074 0.26345036259210786
endloop
endfacet
facet normal 0 0 0
outer loop
vertex 0.15466666666666667 -0.13144545821877351 0.27422312988973485
vertex 0.19333333333333336 -0.1543747523039074 0.26345036259210786
vertex 0.19333333333333336 -0.13144545821877351 0.27422312988973485
endloop
endfacet
facet normal 0 0 0
outer loop
vertex 0.15466666666666667 -0.1543747523039074 0.26345036259210786
vertex 0.15466666666666667 -0.17198234255086925 0.24942164281765578
vertex 0.19333333333333336 -0.17198234255086925 0.24942164281765578
endloop
endfacet
facet normal 0 0 0
outer loop
vertex 0.15466666666666667 -0.1543747523039074 0.26345036259210786
vertex 0.19333333333333336 -0.17198234255086925 0.24942164281765578
vertex 0.19333333333333336 -0.1543747523039074 0.26345036259210786
endloop
endfacet
facet normal 0 0 0
outer loop
vertex 0.15466666666666667 -0.17198234255086925 0.24942164281765578
vertex 0.15466666666666667 -0.1845000562671816 0.23172491312003207
vertex 0.19333333333333336 -0.1845000562671816 0.23172491312003207
endloop
endfacet
facet normal 0 0 0
outer loop
vertex 0.15466666666666667 -0.17198234255086925 0.24942164281765578
vertex 0.19333333333333336 -0.1845000562671816 0.23172491312003207
vertex 0.19333333333333336 -0.17198234255086925 0.24942164281765578
endloop
endfacet
facet normal 0 0 0
outer loop
vertex 0.15466666666666667 -0.1845000562671816 0.23172491312003207
vertex 0.15466666666666667 -0.19200044350614923 0.2090286347955719
vertex 0.19333333333333336 -0.19200044350614923 0.2090286347955719
endloop
endfacet
facet normal 0 0 0
outer loop
vertex 0.15466666666666667 -0.1845000562671816 0.23172491312003207
vertex 0.19333333333333336 -0.19200044350614923 0.2090286347955719
vertex 0.19333333333333336 -0.1845000562671816 0.23172491312003207
endloop
endfacet
facet normal 0 0 0
outer loop
vertex 0.15466666666666667 -0.19200044350614923 0.2090286347955719
vertex 0.15466666666666667 -0.1945 0.1690000000029346
vertex 0.19333333333333336 -0.1945 0.1690000000029346
endloop
endfacet
facet normal 0 0 0
outer loop
vertex 0.15466666666666667 -0.19200044350614923 0.2090286347955719
vertex 0.19333333333333336 -0.1945 0.1690000000029346
vertex 0.19333333333333336 -0.19200044350614923 0.2090286347955719
endloop
endfacet
facet normal 0 0 0
outer loop
vertex 0.15466666666666667 -0.1945 0.1690000000029346
vertex 0.15466666666666667 -0.19200044350614923 0.1289713652044281
vertex 0.19333333333333336 -0.19200044350614923 0.1289713652044281
endloop
endfacet
facet normal 0 0 0
outer loop
vertex 0.15466666666666667 -0.1945 0.1690000000029346
vertex 0.19333333333333336 -0.19200044350614923 0.1289713652044281
vertex 0.19333333333333336 -0.1945 0.1690000000029346
endloop
endfacet
facet normal 0 0 0
outer loop
vertex 0.15466666666666667 -0.19200044350614923 0.1289713652044281
vertex 0.15466666666666667 -0.18450005626718163 0.10627508687996788
vertex 0.19333333333333336 -0.18450005626718163 0.10627508687996788
endloop
endfacet
facet normal 0 0 0
outer loop
vertex 0.15466666666666667 -0.19200044350614923 0.1289713652044281
vertex 0.19333333333333336 -0.18450005626718163 0.10627508687996788
vertex 0.19333333333333336 -0.19200044350614923 0.1289713652044281
endloop
endfacet
facet normal 0 0 0
outer loop
vertex 0.15466666666666667 -0.18450005626718163 0.10627508687996788
vertex 0.15466666666666667 -0.17198234255086925 0.0885783571823442
vertex 0.19333333333333336 -0.17198234255086925 0.0885783571823442
endloop
endfacet
facet normal 0 0 0
outer loop
vertex 0.15466666666666667 -0.18450005626718163 0.10627508687996788
vertex 0.19333333333333336 -0.17198234255086925 0.0885783571823442
vertex 0.19333333333333336 -0.18450005626718163 0.10627508687996788
endloop
endfacet
facet normal 0 0 0
outer loop
vertex 0.15466666666666667 -0.17198234255086925 0.0885783571823442
vertex 0.15466666666666667 -0.15437475230390743 0.07454963740789212
vertex 0.19333333333333336 -0.15437475230390743 0.07454963740789212
endloop
endfacet
facet normal 0 0 0
outer loop
vertex 0.15466666666666667 -0.17198234255086925 0.0885783571823442
vertex 0.19333333333333336 -0.15437475230390743 0.07454963740789212
vertex 0.19333333333333336 -0.17198234255086925 0.0885783571823442
endloop
endfacet
facet normal 0 0 0
outer loop
vertex 0.15466666666666667 -0.15437475230390743 0.07454963740789212
vertex 0.15466666666666667 -0.13144545821877354 0.0637768701102651
vertex 0.19333333333333336 -0.13144545821877354 0.0637768701102651
endloop
endfacet
facet normal 0 0 0
outer loop
vertex 0.15466666666666667 -0.15437475230390743 0.07454963740789212
vertex 0.19333333333333336 -0.13144545821877354 0.0637768701102651
vertex 0.19333333333333336 -0.15437475230390743 0.07454963740789212
endloop
endfacet
facet normal 0 0 0
outer loop
vertex 0.15466666666666667 -0.13144545821877354 0.0637768701102651
vertex 0.15466666666666667 -0.10252097144408619 0.05611821750234133
vertex 0.19333333333333336 -0.10252097144408619 0.05611821750234133
endloop
endfacet
facet normal 0 0 0
outer loop
vertex 0.15466666666666667 -0.13144545821877354 0.0637768701102651
vertex 0.19333333333333336 -0.10252097144408619 0.05611821750234133
vertex 0.19333333333333336 -0.13144545821877354 0.0637768701102651
endloop
endfacet
facet normal 0 0 0
outer loop
vertex 0.15466666666666667 -0.10252097144408619 0.05611821750234133
vertex 0.15466666666666667 -0.0654249535104096 0.0515292916337699
vertex 0.19333333333333336 -0.0654249535104096 0.0515292916337699
endloop
endfacet
facet normal 0 0 0
outer loop
vertex 0.15466666666666667 -0.10252097144408619 0.05611821750234133
vertex 0.19333333333333336 -0.0654249535104096 0.0515292916337699
vertex 0.19333333333333336 -0.10252097144408619 0.05611821750234133
endloop
endfacet
facet normal 0 0 0
outer loop
vertex 0.15466666666666667 -0.0654249535104096 0.0515292916337699
vertex 0.15466666666666667 -6.285227656641195e-12 0.04999999999999999
vertex 0.19333333333333336 -6.285227656641195e-12 0.04999999999999999
endloop
endfacet
facet normal 0 0 0
outer loop
vertex 0.15466666666666667 -0.0654249535104096 0.0515292916337699
vertex 0.19333333333333336 -6.285227656641195e-12 0.04999999999999999
vertex 0.19333333333333336 -0.0654249535104096 0.0515292916337699
endloop
endfacet
facet normal 0 0 0
outer loop
vertex 0.15466666666666667 -6.285227656641195e-12 0.04999999999999999
vertex 0.15466666666666667 0.06542495351040951 0.05152929163376989
vertex 0.19333333333333336 0.06542495351040951 0.05152929163376989
endloop
endfacet
facet normal 0 0 0
outer loop
vertex 0.15466666666666667 -6.285227656641195e-12 0.04999999999999999
vertex 0.19333333333333336 0.06542495351040951 0.05152929163376989
vertex 0.19333333333333336 -6.285227656641195e-12 0.04999999999999999
endloop
endfacet
facet normal 0 0 0
outer loop
vertex 0.15466666666666667 0.06542495351040951 0.05152929163376989
vertex 0.15466666666666667 0.10252097144408612 0.05611821750234133
vertex 0.19333333333333336 0.10252097144408612 0.05611821750234133
endloop
endfacet
facet normal 0 0 0
outer loop
vertex 0.15466666666666667 0.06542495351040951 0.05152929163376989
vertex 0.19333333333333336 0.10252097144408612 0.05611821750234133
vertex 0.19333333333333336 0.06542495351040951 0.05152929163376989
endloop
endfacet
facet normal 0 0 0
outer loop
vertex 0.15466666666666667 0.10252097144408612 0.05611821750234133
vertex 0.15466666666666667 0.13144545821877351 0.06377687011026507
vertex 0.19333333333333336 0.13144545821877351 0.06377687011026507
endloop
endfacet
facet normal 0 0 0
outer loop
vertex 0.15466666666666667 0.10252097144408612 0.05611821750234133
vertex 0.19333333333333336 0.13144545821877351 0.06377687011026507
vertex 0.19333333333333336 0.10252097144408612 0.05611821750234133
endloop
endfacet
facet normal 0 0 0
outer loop
vertex 0.15466666666666667 0.13144545821877351 0.06377687011026507
vertex 0.15466666666666667 0.15437475230390738 0.0745496374078921
vertex 0.19333333333333336 0.15437475230390738 0.0745496374078921
endloop
endfacet
facet normal 0 0 0
outer loop
vertex 0.15466666666666667 0.13144545821877351 0.06377687011026507
vertex 0.19333333333333336 0.15437475230390738 0.0745496374078921
vertex 0.19333333333333336 0.13144545821877351 0.06377687011026507
endloop
endfacet
facet normal 0 0 0
outer loop
vertex 0.15466666666666667 0.15437475230390738 0.0745496374078921
vertex 0.15466666666666667 0.17198234255086922 0.08857835718234419
vertex 0.19333333333333336 0.17198234255086922 0.08857835718234419
endloop
endfacet
facet normal 0 0 0
outer loop
vertex 0.15466666666666667 0.15437475230390738 0.0745496374078921
vertex 0.19333333333333336 0.17198234255086922 0.08857835718234419
vertex 0.19333333333333336 0.15437475230390738 0.0745496374078921
endloop
endfacet
facet normal 0 0 0
outer loop
vertex 0.15466666666666667 0.17198234255086922 0.08857835718234419
vertex 0.15466666666666667 0.18450005626718158 0.10627508687996781
vertex 0.19333333333333336 0.18450005626718158 0.10627508687996781
endloop
endfacet
facet normal 0 0 0
outer loop
vertex 0.15466666666666667 0.17198234255086922 0.08857835718234419
vertex 0.19333333333333336 0.18450005626718158 0.10627508687996781
vertex 0.19333333333333336 0.17198234255086922 0.08857835718234419
endloop
endfacet
facet normal 0 0 0
outer loop
vertex 0.15466666666666667 0.18450005626718158 0.10627508687996781
vertex 0.15466666666666667 0.1920004435061492 0.12897136520442803
vertex 0.19333333333333336 0.1920004435061492 0.12897136520442803
endloop
endfacet
facet normal 0 0 0
outer loop
vertex 0.15466666666666667 0.18450005626718158 0.10627508687996781
vertex 0.19333333333333336 0.1920004435061492 0.12897136520442803
vertex 0.19333333333333336 0.18450005626718158 0.10627508687996781
endloop
endfacet
facet normal 0 0 0
outer loop
vertex 0.15466666666666667 0.1920004435061492 0.12897136520442803
vertex 0.15466666666666667 0.1945 0.16899999999999998
vertex 0.19333333333333336 0.1945 0.16899999999999998
endloop
endfacet
facet normal 0 0 0
outer loop
vertex 0.15466666666666667 0.1920004435061492 0.12897136520442803
vertex 0.19333333333333336 0.1945 0.16899999999999998
vertex 0.19333333333333336 0.1920004435061492 0.12897136520442803
endloop
endfacet
facet normal 0 0 0
outer loop
vertex 0.19333333333333336 0.1945 0.16899999999999998
vertex 0.19333333333333336 0.19200044350614923 0.20902863479557188
vertex 0.232 0.19200044350614923 0.20902863479557188
endloop
endfacet
facet normal 0 0 0
outer loop
vertex 0.19333333333333336 0.1945 0.16899999999999998
vertex 0.232 0.19200044350614923 0.20902863479557188
vertex 0.232 0.1945 0.16899999999999998
endloop
endfacet
facet normal 0 0 0
outer loop
vertex 0.19333333333333336 0.19200044350614923 0.20902863479557188
vertex 0.19333333333333336 0.1845000562671816 0.23172491312003207
vertex 0.232 0.1845000562671816 0.23172491312003207
endloop
endfacet
facet normal 0 0 0
outer loop
vertex 0.19333333333333336 0.19200044350614923 0.20902863479557188
vertex 0.232 0.1845000562671816 0.23172491312003207
vertex 0.232 0.19200044350614923 0.20902863479557188
endloop
endfacet
facet normal 0 0 0
outer loop
vertex 0.19333333333333336 0.1845000562671816 0.23172491312003207
vertex 0.19333333333333336 0.17198234255086922 0.24942164281765578
vertex 0.232 0.17198234255086922 0.24942164281765578
endloop
endfacet
facet normal 0 0 0
outer loop
vertex 0.19333333333333336 0.1845000562671816 0.23172491312003207
vertex 0.232 0.17198234255086922 0.24942164281765578
vertex 0.232 0.1845000562671816 0.23172491312003207
endloop
endfacet
facet normal 0 0 0
outer loop
vertex 0.19333333333333336 0.17198234255086922 0.24942164281765578
vertex 0.19333333333333336 0.1543747523039074 0.26345036259210786
vertex 0.232 0.1543747523039074 0.26345036259210786
endloop
endfacet
facet normal 0 0 0
outer loop
vertex 0.19333333333333336 0.17198234255086922 0.24942164281765578
vertex 0.232 0.1543747523039074 0.26345036259210786
vertex 0.232 0.17198234255086922 0.24942164281765578
endloop
endfacet
facet normal 0 0 0
outer loop
vertex 0.19333333333333336 0.1543747523039074 0.26345036259210786
vertex 0.19333333333333336 0.13144545821877357 0.27422312988973485
vertex 0.232 0.13144545821877357 0.27422312988973485
endloop
endfacet
facet normal 0 0 0
outer loop
vertex 0.19333333333333336 0.1543747523039074 0.26345036259210786
vertex 0.232 0.13144545821877357 0.27422312988973485
vertex 0.232 0.1543747523039074 0.26345036259210786
endloop
endfacet
facet normal 0 0 0
outer loop
vertex 0.19333333333333336 0.13144545821877357 0.27422312988973485
vertex 0.19333333333333336 0.1025209714440861 0.28188178249765866
vertex 0.232 0.1025209714440861 0.28188178249765866
endloop
endfacet
facet normal 0 0 0
outer loop
vertex 0.19333333333333336 0.13144545821877357 0.27422312988973485
vertex 0.232 0.1025209714440861 0.28188178249765866
vertex 0.232 0.13144545821877357 0.27422312988973485
endloop
endfacet
facet normal 0 0 0
outer loop
vertex 0.19333333333333336 0.1025209714440861 0.28188178249765866
vertex 0.19333333333333336 0.06542495351040951 0.28647070836623006
vertex 0.232 0.06542495351040951 0.28647070836623006
endloop
endfacet
facet normal 0 0 0
outer loop
vertex 0.19333333333333336 0.1025209714440861 0.28188178249765866
vertex 0.232 0.06542495351040951 0.28647070836623006
vertex 0.232 0.1025209714440861 0.28188178249765866
endloop
endfacet
facet normal 0 0 0
outer loop
vertex 0.19333333333333336 0.06542495351040951 0.28647070836623006
vertex 0.19333333333333336 3.021622295691668e-12 0.288
vertex 0.232 3.021622295691668e-12 0.288
endloop
endfacet
facet normal 0 0 0
outer loop
vertex 0.19333333333333336 0.06542495351040951 0.28647070836623006
vertex 0.232 3.021622295691668e-12 0.288
vertex 0.232 0.06542495351040951 0.28647070836623006
endloop
endfacet
facet normal 0 0 0
outer loop
vertex 0.19333333333333336 3.021622295691668e-12 0.288
vertex 0.19333333333333336 -0.06542495351040949 0.28647070836623006
vertex 0.232 -0.06542495351040949 0.28647070836623006
endloop
endfacet
facet normal 0 0 0
outer loop
vertex 0.19333333333333336 3.021622295691668e-12 0.288
vertex 0.232 -0.06542495351040949 0.28647070836623006
vertex 0.232 3.021622295691668e-12 0.288
endloop
endfacet
facet normal 0 0 0
outer loop
vertex 0.19333333333333336 -0.06542495351040949 0.28647070836623006
vertex 0.19333333333333336 -0.10252097144408608 0.28188178249765866
vertex 0.232 -0.10252097144408608 0.28188178249765866
endloop
endfacet
facet normal 0 0 0
outer loop
vertex 0.19333333333333336 -0.06542495351040949 0.28647070836623006
vertex 0.232 -0.10252097144408608 0.28188178249765866
vertex 0.232 -0.06542495351040949 0.28647070836623006
endloop
endfacet
facet normal 0 0 0
outer loop
vertex 0.19333333333333336 -0.10252097144408608 0.28188178249765866
vertex 0.19333333333333336 -0.13144545821877351 0.27422312988973485
vertex 0.232 -0.13144545821877351 0.27422312988973485
endloop
endfacet
facet normal 0 0 0
outer loop
vertex 0.19333333333333336 -0.10252097144408608 0.28188178249765866
vertex 0.232 -0.13144545821877351 0.27422312988973485
vertex 0.232 -0.10252097144408608 0.28188178249765866
endloop
endfacet
facet normal 0 0 0
outer loop
vertex 0.19333333333333336 -0.13144545821877351 0.27422312988973485
vertex 0.19333333333333336 -0.1543747523039074 0.26345036259210786
vertex 0.232 -0.1543747523039074 0.26345036259210786
endloop
endfacet
facet normal 0 0 0
outer loop
vertex 0.19333333333333336 -0.13144545821877351 0.27422312988973485
vertex 0.232 -0.1543747523039074 0.26345036259210786
vertex 0.232 -0.13144545821877351 0.27422312988973485
endloop
endfacet
facet normal 0 0 0
outer loop
vertex 0.19333333333333336 -0.1543747523039074 0.26345036259210786
vertex 0.19333333333333336 -0.17198234255086925 0.24942164281765578
vertex 0.232 -0.17198234255086925 0.24942164281765578
endloop
endfacet
facet normal 0 0 0
outer loop
vertex 0.19333333333333336 -0.1543747523039074 0.26345036259210786
vertex 0.232 -0.17198234255086925 0.24942164281765578
vertex 0.232 -0.1543747523039074 0.26345036259210786
endloop
endfacet
facet normal 0 0 0
outer loop
vertex 0.19333333333333336 -0.17198234255086925 0.24942164281765578
vertex 0.19333333333333336 -0.1845000562671816 0.23172491312003207
vertex 0.232 -0.1845000562671816 0.23172491312003207
endloop
endfacet
facet normal 0 0 0
outer loop
vertex 0.19333333333333336 -0.17198234255086925 0.24942164281765578
vertex 0.232 -0.1845000562671816 0.23172491312003207
vertex 0.232 -0.17198234255086925 0.24942164281765578
endloop
endfacet
facet normal 0 0 0
outer loop
vertex 0.19333333333333336 -0.1845000562671816 0.23172491312003207
vertex 0.19333333333333336 -0.19200044350614923 0.2090286347955719
vertex 0.232 -0.19200044350614923 0.2090286347955719
endloop
endfacet
facet normal 0 0 0
outer loop
vertex 0.19333333333333336 -0.1845000562671816 0.23172491312003207
vertex 0.232 -0.19200044350614923 0.2090286347955719
vertex 0.232 -0.1845000562671816 0.23172491312003207
endloop
endfacet
facet normal 0 0 0
outer loop
vertex 0.19333333333333336 -0.19200044350614923 0.2090286347955719
vertex 0.19333333333333336 -0.1945 0.1690000000029346
vertex 0.232 -0.1945 0.1690000000029346
endloop
endfacet
facet normal 0 0 0
outer loop
vertex 0.19333333333333336 -0.19200044350614923 0.2090286347955719
vertex 0.232 -0.1945 0.1690000000029346
vertex 0.232 -0.19200044350614923 0.2090286347955719
endloop
endfacet
facet normal 0 0 0
outer loop
vertex 0.19333333333333336 -0.1945 0.1690000000029346
vertex 0.19333333333333336 -0.19200044350614923 0.1289713652044281
vertex 0.232 -0.19200044350614923 0.1289713652044281
endloop
endfacet
facet normal 0 0 0
outer loop
vertex 0.19333333333333336 -0.1945 0.1690000000029346
vertex 0.232 -0.19200044350614923 0.1289713652044281
vertex 0.232 -0.1945 0.1690000000029346
endloop
endfacet
facet normal 0 0 0
outer loop
vertex 0.19333333333333336 -0.19200044350614923 0.1289713652044281
vertex 0.19333333333333336 -0.18450005626718163 0.10627508687996788
vertex 0.232 -0.18450005626718163 0.10627508687996788
endloop
endfacet
facet normal 0 0 0
outer loop
vertex 0.19333333333333336 -0.19200044350614923 0.1289713652044281
vertex 0.232 -0.18450005626718163 0.10627508687996788
vertex 0.232 -0.19200044350614923 0.1289713652044281
endloop
endfacet
facet normal 0 0 0
outer loop
vertex 0.19333333333333336 -0.18450005626718163 0.10627508687996788
vertex 0.19333333333333336 -0.17198234255086925 0.0885783571823442
vertex 0.232 -0.17198234255086925 0.0885783571823442
endloop
endfacet
facet normal 0 0 0
outer loop
vertex 0.19333333333333336 -0.18450005626718163 0.10627508687996788
vertex 0.232 -0.17198234255086925 0.0885783571823442
vertex 0.232 -0.18450005626718163 0.10627508687996788
endloop
endfacet
facet normal 0 0 0
outer loop
vertex 0.19333333333333336 -0.17198234255086925 0.0885783571823442
vertex 0.19333333333333336 -0.15437475230390743 0.07454963740789212
vertex 0.232 -0.15437475230390743 0.07454963740789212
endloop
endfacet
facet normal 0 0 0
outer loop
vertex 0.19333333333333336 -0.17198234255086925 0.0885783571823442
vertex 0.232 -0.15437475230390743 0.07454963740789212
vertex 0.232 -0.17198234255086925 0.0885783571823442
endloop
endfacet
facet normal 0 0 0
outer loop
vertex 0.19333333333333336 -0.15437475230390743 0.07454963740789212
vertex 0.19333333333333336 -0.13144545821877354 0.0637768701102651
vertex 0.232 -0.13144545821877354 0.0637768701102651
endloop
endfacet
facet normal 0 0 0
outer loop
vertex 0.19333333333333336 -0.15437475230390743 0.07454963740789212
vertex 0.232 -0.13144545821877354 0.0637768701102651
vertex 0.232 -0.15437475230390743 0.07454963740789212
endloop
endfacet
facet normal 0 0 0
outer loop
vertex 0.19333333333333336 -0.13144545821877354 0.0637768701102651
vertex 0.19333333333333336 -0.10252097144408619 0.05611821750234133
vertex 0.232 -0.10252097144408619 0.05611821750234133
endloop
endfacet
facet normal 0 0 0
outer loop
vertex 0.19333333333333336 -0.13144545821877354 0.0637768701102651
vertex 0.232 -0.10252097144408619 0.05611821750234133
vertex 0.232 -0.13144545821877354 0.0637768701102651
endloop
endfacet
facet normal 0 0 0
outer loop
vertex 0.19333333333333336 -0.10252097144408619 0.05611821750234133
vertex 0.19333333333333336 -0.0654249535104096 0.0515292916337699
vertex 0.232 -0.0654249535104096 0.0515292916337699
endloop
endfacet
facet normal 0 0 0
outer loop
vertex 0.19333333333333336 -0.10252097144408619 0.05611821750234133
vertex 0.232 -0.0654249535104096 0.0515292916337699
vertex 0.232 -0.10252097144408619 0.05611821750234133
endloop
endfacet
facet normal 0 0 0
outer loop
vertex 0.19333333333333336 -0.0654249535104096 0.0515292916337699
vertex 0.19333333333333336 -6.285227656641195e-12 0.04999999999999999
vertex 0.232 -6.285227656641195e-12 0.04999999999999999
endloop
endfacet
facet normal 0 0 0
outer loop
vertex 0.19333333333333336 -0.0654249535104096 0.0515292916337699
vertex 0.232 -6.285227656641195e-12 0.04999999999999999
vertex 0.232 -0.0654249535104096 0.0515292916337699
endloop
endfacet
facet normal 0 0 0
outer loop
vertex 0.19333333333333336 -6.285227656641195e-12 0.04999999999999999
vertex 0.19333333333333336 0.06542495351040951 0.05152929163376989
vertex 0.232 0.06542495351040951 0.05152929163376989
endloop
endfacet
facet normal 0 0 0
outer loop
vertex 0.19333333333333336 -6.285227656641195e-12 0.04999999999999999
vertex 0.232 0.06542495351040951 0.05152929163376989
vertex 0.232 -6.285227656641195e-12 0.04999999999999999
endloop
endfacet
facet normal 0 0 0
outer loop
vertex 0.19333333333333336 0.06542495351040951 0.05152929163376989
vertex 0.19333333333333336 0.10252097144408612 0.05611821750234133
vertex 0.232 0.10252097144408612 0.05611821750234133
endloop
endfacet
facet normal 0 0 0
outer loop
vertex 0.19333333333333336 0.06542495351040951 0.05152929163376989
vertex 0.232 0.10252097144408612 0.05611821750234133
vertex 0.232 0.06542495351040951 0.05152929163376989
endloop
endfacet
facet normal 0 0 0
outer loop
vertex 0.19333333333333336 0.10252097144408612 0.05611821750234133
vertex 0.19333333333333336 0.13144545821877351 0.06377687011026507
vertex 0.232 0.13144545821877351 0.06377687011026507
endloop
endfacet
facet normal 0 0 0
outer loop
vertex 0.19333333333333336 0.10252097144408612 0.05611821750234133
vertex 0.232 0.13144545821877351 0.06377687011026507
vertex 0.232 0.10252097144408612 0.05611821750234133
endloop
endfacet
facet normal 0 0 0
outer loop
vertex 0.19333333333333336 0.13144545821877351 0.06377687011026507
vertex 0.19333333333333336 0.15437475230390738 0.0745496374078921
vertex 0.232 0.15437475230390738 0.0745496374078921
endloop
endfacet
facet normal 0 0 0
outer loop
vertex 0.19333333333333336 0.13144545821877351 0.06377687011026507
vertex 0.232 0.15437475230390738 0.0745496374078921
vertex 0.232 0.13144545821877351 0.06377687011026507
endloop
endfacet
facet normal 0 0 0
outer loop
vertex 0.19333333333333336 0.15437475230390738 0.0745496374078921
vertex 0.19333333333333336 0.17198234255086922 0.08857835718234419
vertex 0.232 0.17198234255086922 0.08857835718234419
endloop
endfacet
facet normal 0 0 0
outer loop
vertex 0.19333333333333336 0.15437475230390738 0.0745496374078921
vertex 0.232 0.17198234255086922 0.08857835718234419
vertex 0.232 0.15437475230390738 0.0745496374078921
endloop
endfacet
facet normal 0 0 0
outer loop
vertex 0.19333333333333336 0.17198234255086922 0.08857835718234419
vertex 0.19333333333333336 0.18450005626718158 0.10627508687996781
vertex 0.232 0.18450005626718158 0.10627508687996781
endloop
endfacet
facet normal 0 0 0
outer loop
vertex 0.19333333333333336 0.17198234255086922 0.08857835718234419
vertex 0.232 0.18450005626718158 0.10627508687996781
vertex 0.232 0.17198234255086922 0.08857835718234419
endloop
endfacet
facet normal 0 0 0
outer loop
vertex 0.19333333333333336 0.18450005626718158 0.10627508687996781
vertex 0.19333333333333336 0.1920004435061492 0.12897136520442803
vertex 0.232 0.1920004435061492 0.12897136520442803
endloop
endfacet
facet normal 0 0 0
outer loop
vertex 0.19333333333333336 0.18450005626718158 0.10627508687996781
vertex 0.232 0.1920004435061492 0.12897136520442803
vertex 0.232 0.18450005626718158 0.10627508687996781
endloop
endfacet
facet normal 0 0 0
outer loop
vertex 0.19333333333333336 0.1920004435061492 0.12897136520442803
vertex 0.19333333333333336 0.1945 0.16899999999999998
vertex 0.232 0.1945 0.16899999999999998
endloop
endfacet
facet normal 0 0 0
outer loop
vertex 0.19333333333333336 0.1920004435061492 0.12897136520442803
vertex 0.232 0.1945 0.16899999999999998
vertex 0.232 0.1920004435061492 0.12897136520442803
endloop
endfacet
facet normal 0 0 0
outer loop
vertex 0.232 0.1945 0.16899999999999998
vertex 0.232 0.19200044350614923 0.20902863479557188
vertex 0.27066666666666667 0.19200044350614923 0.20902863479557188
endloop
endfacet
facet normal 0 0 0
outer loop
vertex 0.232 0.1945 0.16899999999999998
vertex 0.27066666666666667 0.19200044350614923 0.20902863479557188
vertex 0.27066666666666667 0.1945 0.16899999999999998
endloop
endfacet
facet normal 0 0 0
outer loop
vertex 0.232 0.19200044350614923 0.20902863479557188
vertex 0.232 0.1845000562671816 0.23172491312003207
vertex 0.27066666666666667 0.1845000562671816 0.23172491312003207
endloop
endfacet
facet normal 0 0 0
outer loop
vertex 0.232 0.19200044350614923 0.20902863479557188
vertex 0.27066666666666667 0.1845000562671816 0.23172491312003207
vertex 0.27066666666666667 0.19200044350614923 0.20902863479557188
endloop
endfacet
facet normal 0 0 0
outer loop
vertex 0.232 0.1845000562671816 0.23172491312003207
vertex 0.232 0.17198234255086922 0.24942164281765578
vertex 0.27066666666666667 0.17198234255086922 0.24942164281765578
endloop
endfacet
facet normal 0 0 0
outer loop
vertex 0.232 0.1845000562671816 0.23172491312003207
vertex 0.27066666666666667 0.17198234255086922 0.24942164281765578
vertex 0.27066666666666667 0.1845000562671816 0.23172491312003207
endloop
endfacet
facet normal 0 0 0
outer loop
vertex 0.232 0.17198234255086922 0.24942164281765578
vertex 0.232 0.1543747523039074 0.26345036259210786
vertex 0.27066666666666667 0.1543747523039074 0.26345036259210786
endloop
endfacet
facet normal 0 0 0
outer loop
vertex 0.232 0.17198234255086922 0.24942164281765578
vertex 0.27066666666666667 0.1543747523039074 0.26345036259210786
vertex 0.27066666666666667 0.17198234255086922 0.24942164281765578
endloop
endfacet
facet normal 0 0 0
outer loop
vertex 0.232 0.1543747523039074 0.26345036259210786
vertex 0.232 0.13144545821877357 0.27422312988973485
vertex 0.27066666666666667 0.13144545821877357 0.27422312988973485
endloop
endfacet
facet normal 0 0 0
outer loop
vertex 0.232 0.1543747523039074 0.26345036259210786
vertex 0.27066666666666667 0.13144545821877357 0.27422312988973485
vertex 0.27066666666666667 0.1543747523039074 0.26345036259210786
endloop
endfacet
facet normal 0 0 0
outer loop
vertex 0.232 0.13144545821877357 0.27422312988973485
vertex 0.232 0.1025209714440861 0.28188178249765866
vertex 0.27066666666666667 0.1025209714440861 0.28188178249765866
endloop
endfacet
facet normal 0 0 0
outer loop
vertex 0.232 0.13144545821877357 0.27422312988973485
vertex 0.27066666666666667 0.1025209714440861 0.28188178249765866
vertex 0.27066666666666667 0.13144545821877357 0.27422312988973485
endloop
endfacet
facet normal 0 0 0
outer loop
vertex 0.232 0.1025209714440861 0.28188178249765866
vertex 0.232 0.06542495351040951 0.28647070836623006
vertex 0.27066666666666667 0.06542495351040951 0.28647070836623006
endloop
endfacet
facet normal 0 0 0
outer loop
vertex 0.232 0.1025209714440861 0.28188178249765866
vertex 0.27066666666666667 0.06542495351040951 0.28647070836623006
vertex 0.27066666666666667 0.1025209714440861 0.28188178249765866
endloop
endfacet
facet normal 0 0 0
outer loop
vertex 0.232 0.06542495351040951 0.28647070836623006
vertex 0.232 3.021622295691668e-12 0.288
vertex 0.27066666666666667 3.021622295691668e-12 0.288
endloop
endfacet
facet normal 0 0 0
outer loop
vertex 0.232 0.06542495351040951 0.28647070836623006
vertex 0.27066666666666667 3.021622295691668e-12 0.288
vertex 0.27066666666666667 0.06542495351040951 0.28647070836623006
endloop
endfacet
facet normal 0 0 0
outer loop
vertex 0.232 3.021622295691668e-12 0.288
vertex 0.232 -0.06542495351040949 0.28647070836623006
vertex 0.27066666666666667 -0.06542495351040949 0.28647070836623006
endloop
endfacet
facet normal 0 0 0
outer loop
vertex 0.232 3.021622295691668e-12 0.288
vertex 0.27066666666666667 -0.06542495351040949 0.28647070836623006
vertex 0.27066666666666667 3.021622295691668e-12 0.288
endloop
endfacet
facet normal 0 0 0
outer loop
vertex 0.232 -0.06542495351040949 0.28647070836623006
vertex 0.232 -0.10252097144408608 0.28188178249765866
vertex 0.27066666666666667 -0.10252097144408608 0.28188178249765866
endloop
endfacet
facet normal 0 0 0
outer loop
vertex 0.232 -0.06542495351040949 0.28647070836623006
vertex 0.27066666666666667 -0.10252097144408608 0.28188178249765866
vertex 0.27066666666666667 -0.06542495351040949 0.28647070836623006
endloop
endfacet
facet normal 0 0 0
outer loop
vertex 0.232 -0.10252097144408608 0.28188178249765866
vertex 0.232 -0.13144545821877351 0.27422312988973485
vertex 0.27066666666666667 -0.13144545821877351 0.27422312988973485
endloop
endfacet
facet normal 0 0 0
outer loop
vertex 0.232 -0.10252097144408608 0.28188178249765866
vertex 0.27066666666666667 -0.13144545821877351 0.27422312988973485
vertex 0.27066666666666667 -0.10252097144408608 0.28188178249765866
endloop
endfacet
facet normal 0 0 0
outer loop
vertex 0.232 -0.13144545821877351 0.27422312988973485
vertex 0.232 -0.1543747523039074 0.26345036259210786
vertex 0.27066666666666667 -0.1543747523039074 0.26345036259210786
endloop
endfacet
facet normal 0 0 0
outer loop
vertex 0.232 -0.13144545821877351 0.27422312988973485
vertex 0.27066666666666667 -0.1543747523039074 0.26345036259210786
vertex 0.27066666666666667 -0.13144545821877351 0.27422312988973485
endloop
endfacet
facet normal 0 0 0
outer loop
vertex 0.232 -0.1543747523039074 0.26345036259210786
vertex 0.232 -0.17198234255086925 0.24942164281765578
vertex 0.27066666666666667 -0.17198234255086925 0.24942164281765578
endloop
endfacet
facet normal 0 0 0
outer loop
vertex 0.232 -0.1543747523039074 0.26345036259210786
vertex 0.27066666666666667 -0.17198234255086925 0.24942164281765578
vertex 0.27066666666666667 -0.1543747523039074 0.26345036259210786
endloop
endfacet
facet normal 0 0 0
outer loop
vertex 0.232 -0.17198234255086925 0.24942164281765578
vertex 0.232 -0.1845000562671816 0.23172491312003207
vertex 0.27066666666666667 -0.1845000562671816 0.23172491312003207
endloop
endfacet
facet normal 0 0 0
outer loop
vertex 0.232 -0.17198234255086925 0.24942164281765578
vertex 0.27066666666666667 -0.1845000562671816 0.23172491312003207
vertex 0.27066666666666667 -0.17198234255086925 0.24942164281765578
endloop
endfacet
facet normal 0 0 0
outer loop
vertex 0.232 -0.1845000562671816 0.23172491312003207
vertex 0.232 -0.19200044350614923 0.2090286347955719
vertex 0.27066666666666667 -0.19200044350614923 0.2090286347955719
endloop
endfacet
facet normal 0 0 0
outer loop
vertex 0.232 -0.1845000562671816 0.23172491312003207
vertex 0.27066666666666667 -0.19200044350614923 0.2090286347955719
vertex 0.27066666666666667 -0.1845000562671816 0.23172491312003207
endloop
endfacet
facet normal 0 0 0
outer loop
vertex 0.232 -0.19200044350614923 0.2090286347955719
vertex 0.232 -0.1945 0.1690000000029346
vertex 0.27066666666666667 -0.1945 0.1690000000029346
endloop
endfacet
facet normal 0 0 0
outer loop
vertex 0.232 -0.19200044350614923 0.2090286347955719
vertex 0.27066666666666667 -0.1945 0.1690000000029346
vertex 0.27066666666666667 -0.19200044350614923 0.2090286347955719
endloop
endfacet
facet normal 0 0 0
outer loop
vertex 0.232 -0.1945 0.1690000000029346
vertex 0.232 -0.19200044350614923 0.1289713652044281
vertex 0.27066666666666667 -0.19200044350614923 0.1289713652044281
endloop
endfacet
facet normal 0 0 0
outer loop
vertex 0.232 -0.1945 0.1690000000029346
vertex 0.27066666666666667 -0.19200044350614923 0.1289713652044281
vertex 0.27066666666666667 -0.1945 0.1690000000029346
endloop
endfacet
facet normal 0 0 0
outer loop
vertex 0.232 -0.19200044350614923 0.1289713652044281
vertex 0.232 -0.18450005626718163 0.10627508687996788
vertex 0.27066666666666667 -0.18450005626718163 0.10627508687996788
endloop
endfacet
facet normal 0 0 0
outer loop
vertex 0.232 -0.19200044350614923 0.1289713652044281
vertex 0.27066666666666667 -0.18450005626718163 0.10627508687996788
vertex 0.27066666666666667 -0.19200044350614923 0.1289713652044281
endloop
endfacet
facet normal 0 0 0
outer loop
vertex 0.232 -0.18450005626718163 0.10627508687996788
vertex 0.232 -0.17198234255086925 0.0885783571823442
vertex 0.27066666666666667 -0.17198234255086925 0.0885783571823442
endloop
endfacet
facet normal 0 0 0
outer loop
vertex 0.232 -0.18450005626718163 0.10627508687996788
vertex 0.27066666666666667 -0.17198234255086925 0.0885783571823442
vertex 0.27066666666666667 -0.18450005626718163 0.10627508687996788
endloop
endfacet
facet normal 0 0 0
outer loop
vertex 0.232 -0.17198234255086925 0.0885783571823442
vertex 0.232 -0.15437475230390743 0.07454963740789212
vertex 0.27066666666666667 -0.15437475230390743 0.07454963740789212
endloop
endfacet
facet normal 0 0 0
outer loop
vertex 0.232 -0.17198234255086925 0.0885783571823442
vertex 0.27066666666666667 -0.15437475230390743 0.07454963740789212
vertex 0.27066666666666667 -0.17198234255086925 0.0885783571823442
endloop
endfacet
facet normal 0 0 0
outer loop
vertex 0.232 -0.15437475230390743 0.07454963740789212
vertex 0.232 -0.13144545821877354 0.0637768701102651
vertex 0.27066666666666667 -0.13144545821877354 0.0637768701102651
endloop
endfacet
facet normal 0 0 0
outer loop
vertex 0.232 -0.15437475230390743 0.07454963740789212
vertex 0.27066666666666667 -0.13144545821877354 0.0637768701102651
vertex 0.27066666666666667 -0.15437475230390743 0.07454963740789212
endloop
endfacet
facet normal 0 0 0
outer loop
vertex 0.232 -0.13144545821877354 0.0637768701102651
vertex 0.232 -0.10252097144408619 0.05611821750234133
vertex 0.27066666666666667 -0.10252097144408619 0.05611821750234133
endloop
endfacet
facet normal 0 0 0
outer loop
vertex 0.232 -0.13144545821877354 0.0637768701102651
vertex 0.27066666666666667 -0.10252097144408619 0.05611821750234133
vertex 0.27066666666666667 -0.13144545821877354 0.0637768701102651
endloop
endfacet
facet normal 0 0 0
outer loop
vertex 0.232 -0.10252097144408619 0.05611821750234133
vertex 0.232 -0.0654249535104096 0.0515292916337699
vertex 0.27066666666666667 -0.0654249535104096 0.0515292916337699
endloop
endfacet
facet normal 0 0 0
outer loop
vertex 0.232 -0.10252097144408619 0.05611821750234133
vertex 0.27066666666666667 -0.0654249535104096 0.0515292916337699
vertex 0.27066666666666667 -0.10252097144408619 0.05611821750234133
endloop
endfacet
facet normal 0 0 0
outer loop
vertex 0.232 -0.0654249535104096 0.0515292916337699
vertex 0.232 -6.285227656641195e-12 0.04999999999999999
vertex 0.27066666666666667 -6.285227656641195e-12 0.04999999999999999
endloop
endfacet
facet normal 0 0 0
outer loop
vertex 0.232 -0.0654249535104096 0.0515292916337699
vertex 0.27066666666666667 -6.285227656641195e-12 0.04999999999999999
vertex 0.27066666666666667 -0.0654249535104096 0.0515292916337699
endloop
endfacet
facet normal 0 0 0
outer loop
vertex 0.232 -6.285227656641195e-12 0.04999999999999999
vertex 0.232 0.06542495351040951 0.05152929163376989
vertex 0.27066666666666667 0.06542495351040951 0.05152929163376989
endloop
endfacet
facet normal 0 0 0
outer loop
vertex 0.232 -6.285227656641195e-12 0.04999999999999999
vertex 0.27066666666666667 0.06542495351040951 0.05152929163376989
vertex 0.27066666666666667 -6.285227656641195e-12 0.04999999999999999
endloop
endfacet
facet normal 0 0 0
outer loop
vertex 0.232 0.06542495351040951 0.05152929163376989
vertex 0.232 0.10252097144408612 0.05611821750234133
vertex 0.27066666666666667 0.10252097144408612 0.05611821750234133
endloop
endfacet
facet normal 0 0 0
outer loop
vertex 0.232 0.06542495351040951 0.05152929163376989
vertex 0.27066666666666667 0.10252097144408612 0.05611821750234133
vertex 0.27066666666666667 0.06542495351040951 0.05152929163376989
endloop
endfacet
facet normal 0 0 0
outer loop
vertex 0.232 0.10252097144408612 0.05611821750234133
vertex 0.232 0.13144545821877351 0.06377687011026507
vertex 0.27066666666666667 0.13144545821877351 0.06377687011026507
endloop
endfacet
facet normal 0 0 0
outer loop
vertex 0.232 0.10252097144408612 0.05611821750234133
vertex 0.27066666666666667 0.13144545821877351 0.06377687011026507
vertex 0.27066666666666667 0.10252097144408612 0.05611821750234133
endloop
endfacet
facet normal 0 0 0
outer loop
vertex 0.232 0.13144545821877351 0.06377687011026507
vertex 0.232 0.15437475230390738 0.0745496374078921
vertex 0.27066666666666667 0.15437475230390738 0.0745496374078921
endloop
endfacet
facet normal 0 0 0
outer loop
vertex 0.232 0.13144545821877351 0.06377687011026507
vertex 0.27066666666666667 0.15437475230390738 0.0745496374078921
vertex 0.27066666666666667 0.13144545821877351 0.06377687011026507
endloop
endfacet
facet normal 0 0 0
outer loop
vertex 0.232 0.15437475230390738 0.0745496374078921
vertex 0.232 0.17198234255086922 0.08857835718234419
vertex 0.27066666666666667 0.17198234255086922 0.08857835718234419
endloop
endfacet
facet normal 0 0 0
outer loop
vertex 0.232 0.15437475230390738 0.0745496374078921
vertex 0.27066666666666667 0.17198234255086922 0.08857835718234419
vertex 0.27066666666666667 0.15437475230390738 0.0745496374078921
endloop
endfacet
facet normal 0 0 0
outer loop
vertex 0.232 0.17198234255086922 0.08857835718234419
vertex 0.232 0.18450005626718158 0.10627508687996781
vertex 0.27066666666666667 0.18450005626718158 0.10627508687996781
endloop
endfacet
facet normal 0 0 0
outer loop
vertex 0.232 0.17198234255086922 0.08857835718234419
vertex 0.27066666666666667 0.18450005626718158 0.10627508687996781
vertex 0.27066666666666667 0.17198234255086922 0.08857835718234419
endloop
endfacet
facet normal 0 0 0
outer loop
vertex 0.232 0.18450005626718158 0.10627508687996781
vertex 0.232 0.1920004435061492 0.12897136520442803
vertex 0.27066666666666667 0.1920004435061492 0.12897136520442803
endloop
endfacet
facet normal 0 0 0
outer loop
vertex 0.232 0.18450005626718158 0.10627508687996781
vertex 0.27066666666666667 0.1920004435061492 0.12897136520442803
vertex 0.27066666666666667 0.18450005626718158 0.10627508687996781
endloop
endfacet
facet normal 0 0 0
outer loop
vertex 0.232 0.1920004435061492 0.12897136520442803
vertex 0.232 0.1945 0.16899999999999998
vertex 0.27066666666666667 0.1945 0.16899999999999998
endloop
endfacet
facet normal 0 0 0
outer loop
vertex 0.232 0.1920004435061492 0.12897136520442803
vertex 0.27066666666666667 0.1945 0.16899999999999998
vertex 0.27066666666666667 0.1920004435061492 0.12897136520442803
endloop
endfacet
facet normal 0 0 0
outer loop
vertex 0.27066666666666667 0.1945 0.16899999999999998
vertex 0.27066666666666667 0.19200044350614923 0.20902863479557188
vertex 0.30933333333333335 0.19200044350614923 0.20902863479557188
endloop
endfacet
facet normal 0 0 0
outer loop
vertex 0.27066666666666667 0.1945 0.16899999999999998
vertex 0.30933333333333335 0.19200044350614923 0.20902863479557188
vertex 0.30933333333333335 0.1945 0.16899999999999998
endloop
endfacet
facet normal 0 0 0
outer loop
vertex 0.27066666666666667 0.19200044350614923 0.20902863479557188
vertex 0.27066666666666667 0.1845000562671816 0.23172491312003207
vertex 0.30933333333333335 0.1845000562671816 0.23172491312003207
endloop
endfacet
facet normal 0 0 0
outer loop
vertex 0.27066666666666667 0.19200044350614923 0.20902863479557188
vertex 0.30933333333333335 0.1845000562671816 0.23172491312003207
vertex 0.30933333333333335 0.19200044350614923 0.20902863479557188
endloop
endfacet
facet normal 0 0 0
outer loop
vertex 0.27066666666666667 0.1845000562671816 0.23172491312003207
vertex 0.27066666666666667 0.17198234255086922 0.24942164281765578
vertex 0.30933333333333335 0.17198234255086922 0.24942164281765578
endloop
endfacet
facet normal 0 0 0
outer loop
vertex 0.27066666666666667 0.1845000562671816 0.23172491312003207
vertex 0.30933333333333335 0.17198234255086922 0.24942164281765578
vertex 0.30933333333333335 0.1845000562671816 0.23172491312003207
endloop
endfacet
facet normal 0 0 0
outer loop
vertex 0.27066666666666667 0.17198234255086922 0.24942164281765578
vertex 0.27066666666666667 0.1543747523039074 0.26345036259210786
vertex 0.30933333333333335 0.1543747523039074 0.26345036259210786
endloop
endfacet
facet normal 0 0 0
outer loop
vertex 0.27066666666666667 0.17198234255086922 0.24942164281765578
vertex 0.30933333333333335 0.1543747523039074 0.26345036259210786
vertex 0.30933333333333335 0.17198234255086922 0.24942164281765578
endloop
endfacet
facet normal 0 0 0
outer loop
vertex 0.27066666666666667 0.1543747523039074 0.26345036259210786
vertex 0.27066666666666667 0.13144545821877357 0.27422312988973485
vertex 0.30933333333333335 0.13144545821877357 0.27422312988973485
endloop
endfacet
facet normal 0 0 0
outer loop
vertex 0.27066666666666667 0.1543747523039074 0.26345036259210786
vertex 0.30933333333333335 0.13144545821877357 0.27422312988973485
vertex 0.30933333333333335 0.1543747523039074 0.26345036259210786
endloop
endfacet
facet normal 0 0 0
outer loop
vertex 0.27066666666666667 0.13144545821877357 0.27422312988973485
vertex 0.27066666666666667 0.1025209714440861 0.28188178249765866
vertex 0.30933333333333335 0.1025209714440861 0.28188178249765866
endloop
endfacet
facet normal 0 0 0
outer loop
vertex 0.27066666666666667 0.13144545821877357 0.27422312988973485
vertex 0.30933333333333335 0.1025209714440861 0.28188178249765866
vertex 0.30933333333333335 0.13144545821877357 0.27422312988973485
endloop
endfacet
facet normal 0 0 0
outer loop
vertex 0.27066666666666667 0.1025209714440861 0.28188178249765866
vertex 0.27066666666666667 0.06542495351040951 0.28647070836623006
vertex 0.30933333333333335 0.06542495351040951 0.28647070836623006
endloop
endfacet
facet normal 0 0 0
outer loop
vertex 0.27066666666666667 0.1025209714440861 0.28188178249765866
vertex 0.30933333333333335 0.06542495351040951 0.28647070836623006
vertex 0.30933333333333335 0.1025209714440861 0.28188178249765866
endloop
endfacet
facet normal 0 0 0
outer loop
vertex 0.27066666666666667 0.06542495351040951 0.28647070836623006
vertex 0.27066666666666667 3.021622295691668e-12 0.288
vertex 0.30933333333333335 3.021622295691668e-12 0.288
endloop
endfacet
facet normal 0 0 0
outer loop
vertex 0.27066666666666667 0.06542495351040951 0.28647070836623006
vertex 0.30933333333333335 3.021622295691668e-12 0.288
vertex 0.30933333333333335 0.06542495351040951 0.28647070836623006
endloop
endfacet
facet normal 0 0 0
outer loop
vertex 0.27066666666666667 3.021622295691668e-12 0.288
vertex 0.27066666666666667 -0.06542495351040949 0.28647070836623006
vertex 0.30933333333333335 -0.06542495351040949 0.28647070836623006
endloop
endfacet
facet normal 0 0 0
outer loop
vertex 0.27066666666666667 3.021622295691668e-12 0.288
vertex 0.30933333333333335 -0.06542495351040949 0.28647070836623006
vertex 0.30933333333333335 3.021622295691668e-12 0.288
endloop
endfacet
facet normal 0 0 0
outer loop
vertex 0.27066666666666667 -0.06542495351040949 0.28647070836623006
vertex 0.27066666666666667 -0.10252097144408608 0.28188178249765866
vertex 0.30933333333333335 -0.10252097144408608 0.28188178249765866
endloop
endfacet
facet normal 0 0 0
outer loop
vertex 0.27066666666666667 -0.06542495351040949 0.28647070836623006
vertex 0.30933333333333335 -0.10252097144408608 0.28188178249765866
vertex 0.30933333333333335 -0.06542495351040949 0.28647070836623006
endloop
endfacet
facet normal 0 0 0
outer loop
vertex 0.27066666666666667 -0.10252097144408608 0.28188178249765866
vertex 0.27066666666666667 -0.13144545821877351 0.27422312988973485
vertex 0.30933333333333335 -0.13144545821877351 0.27422312988973485
endloop
endfacet
facet normal 0 0 0
outer loop
vertex 0.27066666666666667 -0.10252097144408608 0.28188178249765866
vertex 0.30933333333333335 -0.13144545821877351 0.27422312988973485
vertex 0.30933333333333335 -0.10252097144408608 0.28188178249765866
endloop
endfacet
facet normal 0 0 0
outer loop
vertex 0.27066666666666667 -0.13144545821877351 0.27422312988973485
vertex 0.27066666666666667 -0.1543747523039074 0.26345036259210786
vertex 0.30933333333333335 -0.1543747523039074 0.26345036259210786
endloop
endfacet
facet normal 0 0 0
outer loop
vertex 0.27066666666666667 -0.13144545821877351 0.27422312988973485
vertex 0.30933333333333335 -0.1543747523039074 0.26345036259210786
vertex 0.30933333333333335 -0.13144545821877351 0.27422312988973485
endloop
endfacet
facet normal 0 0 0
outer loop
vertex 0.27066666666666667 -0.1543747523039074 0.26345036259210786
vertex 0.27066666666666667 -0.17198234255086925 0.24942164281765578
vertex 0.30933333333333335 -0.17198234255086925 0.24942164281765578
endloop
endfacet
facet normal 0 0 0
outer loop
vertex 0.27066666666666667 -0.1543747523039074 0.26345036259210786
vertex 0.30933333333333335 -0.17198234255086925 0.24942164281765578
vertex 0.30933333333333335 -0.1543747523039074 0.26345036259210786
endloop
endfacet
facet normal 0 0 0
outer loop
vertex 0.27066666666666667 -0.17198234255086925 0.24942164281765578
vertex 0.27066666666666667 -0.1845000562671816 0.23172491312003207
vertex 0.30933333333333335 -0.1845000562671816 0.23172491312003207
endloop
endfacet
facet normal 0 0 0
outer loop
vertex 0.27066666666666667 -0.17198234255086925 0.24942164281765578
vertex 0.30933333333333335 -0.1845000562671816 0.23172491312003207
vertex 0.30933333333333335 -0.17198234255086925 0.24942164281765578
endloop
endfacet
facet normal 0 0 0
outer loop
vertex 0.27066666666666667 -0.1845000562671816 0.23172491312003207
vertex 0.27066666666666667 -0.19200044350614923 0.2090286347955719
vertex 0.30933333333333335 -0.19200044350614923 0.2090286347955719
endloop
endfacet
facet normal 0 0 0
outer loop
vertex 0.27066666666666667 -0.1845000562671816 0.23172491312003207
vertex 0.30933333333333335 -0.19200044350614923 0.2090286347955719
vertex 0.30933333333333335 -0.1845000562671816 0.23172491312003207
endloop
endfacet
facet normal 0 0 0
outer loop
vertex 0.27066666666666667 -0.19200044350614923 0.2090286347955719
vertex 0.27066666666666667 -0.1945 0.1690000000029346
vertex 0.30933333333333335 -0.1945 0.1690000000029346
endloop
endfacet
facet normal 0 0 0
outer loop
vertex 0.27066666666666667 -0.19200044350614923 0.2090286347955719
vertex 0.30933333333333335 -0.1945 0.1690000000029346
vertex 0.30933333333333335 -0.19200044350614923 0.2090286347955719
endloop
endfacet
facet normal 0 0 0
outer loop
vertex 0.27066666666666667 -0.1945 0.1690000000029346
vertex 0.27066666666666667 -0.19200044350614923 0.1289713652044281
vertex 0.30933333333333335 -0.19200044350614923 0.1289713652044281
endloop
endfacet
facet normal 0 0 0
outer loop
vertex 0.27066666666666667 -0.1945 0.1690000000029346
vertex 0.30933333333333335 -0.19200044350614923 0.1289713652044281
vertex 0.30933333333333335 -0.1945 0.1690000000029346
endloop
endfacet
facet normal 0 0 0
outer loop
vertex 0.27066666666666667 -0.19200044350614923 0.1289713652044281
vertex 0.27066666666666667 -0.18450005626718163 0.10627508687996788
vertex 0.30933333333333335 -0.18450005626718163 0.10627508687996788
endloop
endfacet
facet normal 0 0 0
outer loop
vertex 0.27066666666666667 -0.19200044350614923 0.1289713652044281
vertex 0.30933333333333335 -0.18450005626718163 0.10627508687996788
vertex 0.30933333333333335 -0.19200044350614923 0.1289713652044281
endloop
endfacet
facet normal 0 0 0
outer loop
vertex 0.27066666666666667 -0.18450005626718163 0.10627508687996788
vertex 0.27066666666666667 -0.17198234255086925 0.0885783571823442
vertex 0.30933333333333335 -0.17198234255086925 0.0885783571823442
endloop
endfacet
facet normal 0 0 0
outer loop
vertex 0.27066666666666667 -0.18450005626718163 0.10627508687996788
vertex 0.30933333333333335 -0.17198234255086925 0.0885783571823442
vertex 0.30933333333333335 -0.18450005626718163 0.10627508687996788
endloop
endfacet
facet normal 0 0 0
outer loop
vertex 0.27066666666666667 -0.17198234255086925 0.0885783571823442
vertex 0.27066666666666667 -0.15437475230390743 0.07454963740789212
vertex 0.30933333333333335 -0.15437475230390743 0.07454963740789212
endloop
endfacet
facet normal 0 0 0
outer loop
vertex 0.27066666666666667 -0.17198234255086925 0.0885783571823442
vertex 0.30933333333333335 -0.15437475230390743 0.07454963740789212
vertex 0.30933333333333335 -0.17198234255086925 0.0885783571823442
endloop
endfacet
facet normal 0 0 0
outer loop
vertex 0.27066666666666667 -0.15437475230390743 0.07454963740789212
vertex 0.27066666666666667 -0.13144545821877354 0.0637768701102651
vertex 0.30933333333333335 -0.13144545821877354 0.0637768701102651
endloop
endfacet
facet normal 0 0 0
outer loop
vertex 0.27066666666666667 -0.15437475230390743 0.07454963740789212
vertex 0.30933333333333335 -0.13144545821877354 0.0637768701102651
vertex 0.30933333333333335 -0.15437475230390743 0.07454963740789212
endloop
endfacet
facet normal 0 0 0
outer loop
vertex 0.27066666666666667 -0.13144545821877354 0.0637768701102651
vertex 0.27066666666666667 -0.10252097144408619 0.05611821750234133
vertex 0.30933333333333335 -0.10252097144408619 0.05611821750234133
endloop
endfacet
facet normal 0 0 0
outer loop
vertex 0.27066666666666667 -0.13144545821877354 0.0637768701102651
vertex 0.30933333333333335 -0.10252097144408619 0.05611821750234133
vertex 0.30933333333333335 -0.13144545821877354 0.0637768701102651
endloop
endfacet
facet normal 0 0 0
outer loop
vertex 0.27066666666666667 -0.10252097144408619 0.05611821750234133
vertex 0.27066666666666667 -0.0654249535104096 0.0515292916337699
vertex 0.30933333333333335 -0.0654249535104096 0.0515292916337699
endloop
endfacet
facet normal 0 0 0
outer loop
vertex 0.27066666666666667 -0.10252097144408619 0.05611821750234133
vertex 0.30933333333333335 -0.0654249535104096 0.0515292916337699
vertex 0.30933333333333335 -0.10252097144408619 0.05611821750234133
endloop
endfacet
facet normal 0 0 0
outer loop
vertex 0.27066666666666667 -0.0654249535104096 0.0515292916337699
vertex 0.27066666666666667 -6.285227656641195e-12 0.04999999999999999
vertex 0.30933333333333335 -6.285227656641195e-12 0.04999999999999999
endloop
endfacet
facet normal 0 0 0
outer loop
vertex 0.27066666666666667 -0.0654249535104096 0.0515292916337699
vertex 0.30933333333333335 -6.285227656641195e-12 0.04999999999999999
vertex 0.30933333333333335 -0.0654249535104096 0.0515292916337699
endloop
endfacet
facet normal 0 0 0
outer loop
vertex 0.27066666666666667 -6.285227656641195e-12 0.04999999999999999
vertex 0.27066666666666667 0.06542495351040951 0.05152929163376989
vertex 0.30933333333333335 0.06542495351040951 0.05152929163376989
endloop
endfacet
facet normal 0 0 0
outer loop
vertex 0.27066666666666667 -6.285227656641195e-12 0.04999999999999999
vertex 0.30933333333333335 0.06542495351040951 0.05152929163376989
vertex 0.30933333333333335 -6.285227656641195e-12 0.04999999999999999
endloop
endfacet
facet normal 0 0 0
outer loop
vertex 0.27066666666666667 0.06542495351040951 0.05152929163376989
vertex 0.27066666666666667 0.10252097144408612 0.05611821750234133
vertex 0.30933333333333335 0.10252097144408612 0.05611821750234133
endloop
endfacet
facet normal 0 0 0
outer loop
vertex 0.27066666666666667 0.06542495351040951 0.05152929163376989
vertex 0.30933333333333335 0.10252097144408612 0.05611821750234133
vertex 0.30933333333333335 0.06542495351040951 0.05152929163376989
endloop
endfacet
facet normal 0 0 0
outer loop
vertex 0.27066666666666667 0.10252097144408612 0.05611821750234133
vertex 0.27066666666666667 0.13144545821877351 0.06377687011026507
vertex 0.30933333333333335 0.13144545821877351 0.06377687011026507
endloop
endfacet
facet normal 0 0 0
outer loop
vertex 0.27066666666666667 0.10252097144408612 0.05611821750234133
vertex 0.30933333333333335 0.13144545821877351 0.06377687011026507
vertex 0.30933333333333335 0.10252097144408612 0.05611821750234133
endloop
endfacet
facet normal 0 0 0
outer loop
vertex 0.27066666666666667 0.13144545821877351 0.06377687011026507
vertex 0.27066666666666667 0.15437475230390738 0.0745496374078921
vertex 0.30933333333333335 0.15437475230390738 0.0745496374078921
endloop
endfacet
facet normal 0 0 0
outer loop
vertex 0.27066666666666667 0.13144545821877351 0.06377687011026507
vertex 0.30933333333333335 0.15437475230390738 0.0745496374078921
vertex 0.30933333333333335 0.13144545821877351 0.06377687011026507
endloop
endfacet
facet normal 0 0 0
outer loop
vertex 0.27066666666666667 0.15437475230390738 0.0745496374078921
vertex 0.27066666666666667 0.17198234255086922 0.08857835718234419
vertex 0.30933333333333335 0.17198234255086922 0.08857835718234419
endloop
endfacet
facet normal 0 0 0
outer loop
vertex 0.27066666666666667 0.15437475230390738 0.0745496374078921
vertex 0.30933333333333335 0.17198234255086922 0.08857835718234419
vertex 0.30933333333333335 0.15437475230390738 0.0745496374078921
endloop
endfacet
facet normal 0 0 0
outer loop
vertex 0.27066666666666667 0.17198234255086922 0.08857835718234419
vertex 0.27066666666666667 0.18450005626718158 0.10627508687996781
vertex 0.30933333333333335 0.18450005626718158 0.10627508687996781
endloop
endfacet
facet normal 0 0 0
outer loop
vertex 0.27066666666666667 0.17198234255086922 0.08857835718234419
vertex 0.30933333333333335 0.18450005626718158 0.10627508687996781
vertex 0.30933333333333335 0.17198234255086922 0.08857835718234419
endloop
endfacet
facet normal 0 0 0
outer loop
vertex 0.27066666666666667 0.18450005626718158 0.10627508687996781
vertex 0.27066666666666667 0.1920004435061492 0.12897136520442803
vertex 0.30933333333333335 0.1920004435061492 0.12897136520442803
endloop
endfacet
facet normal 0 0 0
outer loop
vertex 0.27066666666666667 0.18450005626718158 0.10627508687996781
vertex 0.30933333333333335 0.1920004435061492 0.12897136520442803
vertex 0.30933333333333335 0.18450005626718158 0.10627508687996781
endloop
endfacet
facet normal 0 0 0
outer loop
vertex 0.27066666666666667 0.1920004435061492 0.12897136520442803
vertex 0.27066666666666667 0.1945 0.16899999999999998
vertex 0.30933333333333335 0.1945 0.16899999999999998
endloop
endfacet
facet normal 0 0 0
outer loop
vertex 0.27066666666666667 0.1920004435061492 0.12897136520442803
vertex 0.30933333333333335 0.1945 0.16899999999999998
vertex 0.30933333333333335 0.1920004435061492 0.12897136520442803
endloop
endfacet
facet normal 0 0 0
outer loop
vertex 0.30933333333333335 0.1945 0.16899999999999998
vertex 0.30933333333333335 0.19200044350614923 0.20902863479557188
vertex 0.34800000000000003 0.19200044350614923 0.20902863479557188
endloop
endfacet
facet normal 0 0 0
outer loop
vertex 0.30933333333333335 0.1945 0.16899999999999998
vertex 0.34800000000000003 0.19200044350614923 0.20902863479557188
vertex 0.34800000000000003 0.1945 0.16899999999999998
endloop
endfacet
facet normal 0 0 0
outer loop
vertex 0.30933333333333335 0.19200044350614923 0.20902863479557188
vertex 0.30933333333333335 0.1845000562671816 0.23172491312003207
vertex 0.34800000000000003 0.1845000562671816 0.23172491312003207
endloop
endfacet
facet normal 0 0 0
outer loop
vertex 0.30933333333333335 0.19200044350614923 0.20902863479557188
vertex 0.34800000000000003 0.1845000562671816 0.23172491312003207
vertex 0.34800000000000003 0.19200044350614923 0.20902863479557188
endloop
endfacet
facet normal 0 0 0
outer loop
vertex 0.30933333333333335 0.1845000562671816 0.23172491312003207
vertex 0.30933333333333335 0.17198234255086922 0.24942164281765578
vertex 0.34800000000000003 0.17198234255086922 0.24942164281765578
endloop
endfacet
facet normal 0 0 0
outer loop
vertex 0.30933333333333335 0.1845000562671816 0.23172491312003207
vertex 0.34800000000000003 0.17198234255086922 0.24942164281765578
vertex 0.34800000000000003 0.1845000562671816 0.23172491312003207
endloop
endfacet
facet normal 0 0 0
outer loop
vertex 0.30933333333333335 0.17198234255086922 0.24942164281765578
vertex 0.30933333333333335 0.1543747523039074 0.26345036259210786
vertex 0.34800000000000003 0.1543747523039074 0.26345036259210786
endloop
endfacet
facet normal 0 0 0
outer loop
vertex 0.30933333333333335 0.17198234255086922 0.24942164281765578
vertex 0.34800000000000003 0.1543747523039074 0.26345036259210786
vertex 0.34800000000000003 0.17198234255086922 0.24942164281765578
endloop
endfacet
facet normal 0 0 0
outer loop
vertex 0.30933333333333335 0.1543747523039074 0.26345036259210786
vertex 0.30933333333333335 0.13144545821877357 0.27422312988973485
vertex 0.34800000000000003 0.13144545821877357 0.27422312988973485
endloop
endfacet
facet normal 0 0 0
outer loop
vertex 0.30933333333333335 0.1543747523039074 0.26345036259210786
vertex 0.34800000000000003 0.13144545821877357 0.27422312988973485
vertex 0.34800000000000003 0.1543747523039074 0.26345036259210786
endloop
endfacet
facet normal 0 0 0
outer loop
vertex 0.30933333333333335 0.13144545821877357 0.27422312988973485
vertex 0.30933333333333335 0.1025209714440861 0.28188178249765866
vertex 0.34800000000000003 0.1025209714440861 0.28188178249765866
endloop
endfacet
facet normal 0 0 0
outer loop
vertex 0.30933333333333335 0.13144545821877357 0.27422312988973485
vertex 0.34800000000000003 0.1025209714440861 0.28188178249765866
vertex 0.34800000000000003 0.13144545821877357 0.27422312988973485
endloop
endfacet
facet normal 0 0 0
outer loop
vertex 0.30933333333333335 0.1025209714440861 0.28188178249765866
vertex 0.30933333333333335 0.06542495351040951 0.28647070836623006
vertex 0.34800000000000003 0.06542495351040951 0.28647070836623006
endloop
endfacet
facet normal 0 0 0
outer loop
vertex 0.30933333333333335 0.1025209714440861 0.28188178249765866
vertex 0.34800000000000003 0.06542495351040951 0.28647070836623006
vertex 0.34800000000000003 0.1025209714440861 0.28188178249765866
endloop
endfacet
facet normal 0 0 0
outer loop
vertex 0.30933333333333335 0.06542495351040951 0.28647070836623006
vertex 0.30933333333333335 3.021622295691668e-12 0.288
vertex 0.34800000000000003 3.021622295691668e-12 0.288
endloop
endfacet
facet normal 0 0 0
outer loop
vertex 0.30933333333333335 0.06542495351040951 0.28647070836623006
vertex 0.34800000000000003 3.021622295691668e-12 0.288
vertex 0.34800000000000003 0.06542495351040951 0.28647070836623006
endloop
endfacet
facet normal 0 0 0
outer loop
vertex 0.30933333333333335 3.021622295691668e-12 0.288
vertex 0.30933333333333335 -0.06542495351040949 0.28647070836623006
vertex 0.34800000000000003 -0.06542495351040949 0.28647070836623006
endloop
endfacet
facet normal 0 0 0
outer loop
vertex 0.30933333333333335 3.021622295691668e-12 0.288
vertex 0.34800000000000003 -0.06542495351040949 0.28647070836623006
vertex 0.34800000000000003 3.021622295691668e-12 0.288
endloop
endfacet
facet normal 0 0 0
outer loop
vertex 0.30933333333333335 -0.06542495351040949 0.28647070836623006
vertex 0.30933333333333335 -0.10252097144408608 0.28188178249765866
vertex 0.34800000000000003 -0.10252097144408608 0.28188178249765866
endloop
endfacet
facet normal 0 0 0
outer loop
vertex 0.30933333333333335 -0.06542495351040949 0.28647070836623006
vertex 0.34800000000000003 -0.10252097144408608 0.28188178249765866
vertex 0.34800000000000003 -0.06542495351040949 0.28647070836623006
endloop
endfacet
facet normal 0 0 0
outer loop
vertex 0.30933333333333335 -0.10252097144408608 0.28188178249765866
vertex 0.30933333333333335 -0.13144545821877351 0.27422312988973485
vertex 0.34800000000000003 -0.13144545821877351 0.27422312988973485
endloop
endfacet
facet normal 0 0 0
outer loop
vertex 0.30933333333333335 -0.10252097144408608 0.28188178249765866
vertex 0.34800000000000003 -0.13144545821877351 0.27422312988973485
vertex 0.34800000000000003 -0.10252097144408608 0.28188178249765866
endloop
endfacet
facet normal 0 0 0
outer loop
vertex 0.30933333333333335 -0.13144545821877351 0.27422312988973485
vertex 0.30933333333333335 -0.1543747523039074 0.26345036259210786
vertex 0.34800000000000003 -0.1543747523039074 0.26345036259210786
endloop
endfacet
facet normal 0 0 0
outer loop
vertex 0.30933333333333335 -0.13144545821877351 0.27422312988973485
vertex 0.34800000000000003 -0.1543747523039074 0.26345036259210786
vertex 0.34800000000000003 -0.13144545821877351 0.27422312988973485
endloop
endfacet
facet normal 0 0 0
outer loop
vertex 0.30933333333333335 -0.1543747523039074 0.26345036259210786
vertex 0.30933333333333335 -0.17198234255086925 0.24942164281765578
vertex 0.34800000000000003 -0.17198234255086925 0.24942164281765578
endloop
endfacet
facet normal 0 0 0
outer loop
vertex 0.30933333333333335 -0.1543747523039074 0.26345036259210786
vertex 0.34800000000000003 -0.17198234255086925 0.24942164281765578
vertex 0.34800000000000003 -0.1543747523039074 0.26345036259210786
endloop
endfacet
facet normal 0 0 0
outer loop
vertex 0.30933333333333335 -0.17198234255086925 0.24942164281765578
vertex 0.30933333333333335 -0.1845000562671816 0.23172491312003207
vertex 0.34800000000000003 -0.1845000562671816 0.23172491312003207
endloop
endfacet
facet normal 0 0 0
outer loop
vertex 0.30933333333333335 -0.17198234255086925 0.24942164281765578
vertex 0.34800000000000003 -0.1845000562671816 0.23172491312003207
vertex 0.34800000000000003 -0.17198234255086925 0.24942164281765578
endloop
endfacet
facet normal 0 0 0
outer loop
vertex 0.30933333333333335 -0.1845000562671816 0.23172491312003207
vertex 0.30933333333333335 -0.19200044350614923 0.2090286347955719
vertex 0.34800000000000003 -0.19200044350614923 0.2090286347955719
endloop
endfacet
facet normal 0 0 0
outer loop
vertex 0.30933333333333335 -0.1845000562671816 0.23172491312003207
vertex 0.34800000000000003 -0.19200044350614923 0.2090286347955719
vertex 0.34800000000000003 -0.1845000562671816 0.23172491312003207
endloop
endfacet
facet normal 0 0 0
outer loop
vertex 0.30933333333333335 -0.19200044350614923 0.2090286347955719
vertex 0.30933333333333335 -0.1945 0.1690000000029346
vertex 0.34800000000000003 -0.1945 0.1690000000029346
endloop
endfacet
facet normal 0 0 0
outer loop
vertex 0.30933333333333335 -0.19200044350614923 0.2090286347955719
vertex 0.34800000000000003 -0.1945 0.1690000000029346
vertex 0.34800000000000003 -0.19200044350614923 0.2090286347955719
endloop
endfacet
facet normal 0 0 0
outer loop
vertex 0.30933333333333335 -0.1945 0.1690000000029346
vertex 0.30933333333333335 -0.19200044350614923 0.1289713652044281
vertex 0.34800000000000003 -0.19200044350614923 0.1289713652044281
endloop
endfacet
facet normal 0 0 0
outer loop
vertex 0.30933333333333335 -0.1945 0.1690000000029346
vertex 0.34800000000000003 -0.19200044350614923 0.1289713652044281
vertex 0.34800000000000003 -0.1945 0.1690000000029346
endloop
endfacet
facet normal 0 0 0
outer loop
vertex 0.30933333333333335 -0.19200044350614923 0.1289713652044281
vertex 0.30933333333333335 -0.18450005626718163 0.10627508687996788
vertex 0.34800000000000003 -0.18450005626718163 0.10627508687996788
endloop
endfacet
facet normal 0 0 0
outer loop
vertex 0.30933333333333335 -0.19200044350614923 0.1289713652044281
vertex 0.34800000000000003 -0.18450005626718163 0.10627508687996788
vertex 0.34800000000000003 -0.19200044350614923 0.1289713652044281
endloop
endfacet
facet normal 0 0 0
outer loop
vertex 0.30933333333333335 -0.18450005626718163 0.10627508687996788
vertex 0.30933333333333335 -0.17198234255086925 0.0885783571823442
vertex 0.34800000000000003 -0.17198234255086925 0.0885783571823442
endloop
endfacet
facet normal 0 0 0
outer loop
vertex 0.30933333333333335 -0.18450005626718163 0.10627508687996788
vertex 0.34800000000000003 -0.17198234255086925 0.0885783571823442
vertex 0.34800000000000003 -0.18450005626718163 0.10627508687996788
endloop
endfacet
facet normal 0 0 0
outer loop
vertex 0.30933333333333335 -0.17198234255086925 0.0885783571823442
vertex 0.30933333333333335 -0.15437475230390743 0.07454963740789212
vertex 0.34800000000000003 -0.15437475230390743 0.07454963740789212
endloop
endfacet
facet normal 0 0 0
outer loop
vertex 0.30933333333333335 -0.17198234255086925 0.0885783571823442
vertex 0.34800000000000003 -0.15437475230390743 0.07454963740789212
vertex 0.34800000000000003 -0.17198234255086925 0.0885783571823442
endloop
endfacet
facet normal 0 0 0
outer loop
vertex 0.30933333333333335 -0.15437475230390743 0.07454963740789212
vertex 0.30933333333333335 -0.13144545821877354 0.0637768701102651
vertex 0.34800000000000003 -0.13144545821877354 0.0637768701102651
endloop
endfacet
facet normal 0 0 0
outer loop
vertex 0.30933333333333335 -0.15437475230390743 0.07454963740789212
vertex 0.34800000000000003 -0.13144545821877354 0.0637768701102651
vertex 0.34800000000000003 -0.15437475230390743 0.07454963740789212
endloop
endfacet
facet normal 0 0 0
outer loop
vertex 0.30933333333333335 -0.13144545821877354 0.0637768701102651
vertex 0.30933333333333335 -0.10252097144408619 0.05611821750234133
vertex 0.34800000000000003 -0.10252097144408619 0.05611821750234133
endloop
endfacet
facet normal 0 0 0
outer loop
vertex 0.30933333333333335 -0.13144545821877354 0.0637768701102651
vertex 0.34800000000000003 -0.10252097144408619 0.05611821750234133
vertex 0.34800000000000003 -0.13144545821877354 0.0637768701102651
endloop
endfacet
facet normal 0 0 0
outer loop
vertex 0.30933333333333335 -0.10252097144408619 0.05611821750234133
vertex 0.30933333333333335 -0.0654249535104096 0.0515292916337699
vertex 0.34800000000000003 -0.0654249535104096 0.0515292916337699
endloop
endfacet
facet normal 0 0 0
outer loop
vertex 0.30933333333333335 -0.10252097144408619 0.05611821750234133
vertex 0.34800000000000003 -0.0654249535104096 0.0515292916337699
vertex 0.34800000000000003 -0.10252097144408619 0.05611821750234133
endloop
endfacet
facet normal 0 0 0
outer loop
vertex 0.30933333333333335 -0.0654249535104096 0.0515292916337699
vertex 0.30933333333333335 -6.285227656641195e-12 0.04999999999999999
vertex 0.34800000000000003 -6.285227656641195e-12 0.04999999999999999
endloop
endfacet
facet normal 0 0 0
outer loop
vertex 0.30933333333333335 -0.0654249535104096 0.0515292916337699
vertex 0.34800000000000003 -6.285227656641195e-12 0.04999999999999999
vertex 0.34800000000000003 -0.0654249535104096 0.0515292916337699
endloop
endfacet
facet normal 0 0 0
outer loop
vertex 0.30933333333333335 -6.285227656641195e-12 0.04999999999999999
vertex 0.30933333333333335 0.06542495351040951 0.05152929163376989
vertex 0.34800000000000003 0.06542495351040951 0.05152929163376989
endloop
endfacet
facet normal 0 0 0
outer loop
vertex 0.30933333333333335 -6.285227656641195e-12 0.04999999999999999
vertex 0.34800000000000003 0.06542495351040951 0.05152929163376989
vertex 0.34800000000000003 -6.285227656641195e-12 0.04999999999999999
endloop
endfacet
facet normal 0 0 0
outer loop
vertex 0.30933333333333335 0.06542495351040951 0.05152929163376989
vertex 0.30933333333333335 0.10252097144408612 0.05611821750234133
vertex 0.34800000000000003 0.10252097144408612 0.05611821750234133
endloop
endfacet
facet normal 0 0 0
outer loop
vertex 0.30933333333333335 0.06542495351040951 0.05152929163376989
vertex 0.34800000000000003 0.10252097144408612 0.05611821750234133
vertex 0.34800000000000003 0.06542495351040951 0.05152929163376989
endloop
endfacet
facet normal 0 0 0
outer loop
vertex 0.30933333333333335 0.10252097144408612 0.05611821750234133
vertex 0.30933333333333335 0.13144545821877351 0.06377687011026507
vertex 0.34800000000000003 0.13144545821877351 0.06377687011026507
endloop
endfacet
facet normal 0 0 0
outer loop
vertex 0.30933333333333335 0.10252097144408612 0.05611821750234133
vertex 0.34800000000000003 0.13144545821877351 0.06377687011026507
vertex 0.34800000000000003 0.10252097144408612 0.05611821750234133
endloop
endfacet
facet normal 0 0 0
outer loop
vertex 0.30933333333333335 0.13144545821877351 0.06377687011026507
vertex 0.30933333333333335 0.15437475230390738 0.0745496374078921
vertex 0.34800000000000003 0.15437475230390738 0.0745496374078921
endloop
endfacet
facet normal 0 0 0
outer loop
vertex 0.30933333333333335 0.13144545821877351 0.06377687011026507
vertex 0.34800000000000003 0.15437475230390738 0.0745496374078921
vertex 0.34800000000000003 0.13144545821877351 0.06377687011026507
endloop
endfacet
facet normal 0 0 0
outer loop
vertex 0.30933333333333335 0.15437475230390738 0.0745496374078921
vertex 0.30933333333333335 0.17198234255086922 0.08857835718234419
vertex 0.34800000000000003 0.17198234255086922 0.08857835718234419
endloop
endfacet
facet normal 0 0 0
outer loop
vertex 0.30933333333333335 0.15437475230390738 0.0745496374078921
vertex 0.34800000000000003 0.17198234255086922 0.08857835718234419
vertex 0.34800000000000003 0.15437475230390738 0.0745496374078921
endloop
endfacet
facet normal 0 0 0
outer loop
vertex 0.30933333333333335 0.17198234255086922 0.08857835718234419
vertex 0.30933333333333335 0.18450005626718158 0.10627508687996781
vertex 0.34800000000000003 0.18450005626718158 0.10627508687996781
endloop
endfacet
facet normal 0 0 0
outer loop
vertex 0.30933333333333335 0.17198234255086922 0.08857835718234419
vertex 0.34800000000000003 0.18450005626718158 0.10627508687996781
vertex 0.34800000000000003 0.17198234255086922 0.08857835718234419
endloop
endfacet
facet normal 0 0 0
outer loop
vertex 0.30933333333333335 0.18450005626718158 0.10627508687996781
vertex 0.30933333333333335 0.1920004435061492 0.12897136520442803
vertex 0.34800000000000003 0.1920004435061492 0.12897136520442803
endloop
endfacet
facet normal 0 0 0
outer loop
vertex 0.30933333333333335 0.18450005626718158 0.10627508687996781
vertex 0.34800000000000003 0.1920004435061492 0.12897136520442803
vertex 0.34800000000000003 0.18450005626718158 0.10627508687996781
endloop
endfacet
facet normal 0 0 0
outer loop
vertex 0.30933333333333335 0.1920004435061492 0.12897136520442803
vertex 0.30933333333333335 0.1945 0.16899999999999998
vertex 0.34800000000000003 0.1945 0.16899999999999998
endloop
endfacet
facet normal 0 0 0
outer loop
vertex 0.30933333333333335 0.1920004435061492 0.12897136520442803
vertex 0.34800000000000003 0.1945 0.16899999999999998
vertex 0.34800000000000003 0.1920004435061492 0.12897136520442803
endloop
endfacet
facet normal 0 0 0
outer loop
vertex 0.34800000000000003 0.1945 0.16899999999999998
vertex 0.34800000000000003 0.19200044350614923 0.20902863479557188
vertex 0.3866666666666667 0.19200044350614923 0.20902863479557188
endloop
endfacet
facet normal 0 0 0
outer loop
vertex 0.34800000000000003 0.1945 0.16899999999999998
vertex 0.3866666666666667 0.19200044350614923 0.20902863479557188
vertex 0.3866666666666667 0.1945 0.16899999999999998
endloop
endfacet
facet normal 0 0 0
outer loop
vertex 0.34800000000000003 0.19200044350614923 0.20902863479557188
vertex 0.34800000000000003 0.1845000562671816 0.23172491312003207
vertex 0.3866666666666667 0.1845000562671816 0.23172491312003207
endloop
endfacet
facet normal 0 0 0
outer loop
vertex 0.34800000000000003 0.19200044350614923 0.20902863479557188
vertex 0.3866666666666667 0.1845000562671816 0.23172491312003207
vertex 0.3866666666666667 0.19200044350614923 0.20902863479557188
endloop
endfacet
facet normal 0 0 0
outer loop
vertex 0.34800000000000003 0.1845000562671816 0.23172491312003207
vertex 0.34800000000000003 0.17198234255086922 0.24942164281765578
vertex 0.3866666666666667 0.17198234255086922 0.24942164281765578
endloop
endfacet
facet normal 0 0 0
outer loop
vertex 0.34800000000000003 0.1845000562671816 0.23172491312003207
vertex 0.3866666666666667 0.17198234255086922 0.24942164281765578
vertex 0.3866666666666667 0.1845000562671816 0.23172491312003207
endloop
endfacet
facet normal 0 0 0
outer loop
vertex 0.34800000000000003 0.17198234255086922 0.24942164281765578
vertex 0.34800000000000003 0.1543747523039074 0.26345036259210786
vertex 0.3866666666666667 0.1543747523039074 0.26345036259210786
endloop
endfacet
facet normal 0 0 0
outer loop
vertex 0.34800000000000003 0.17198234255086922 0.24942164281765578
vertex 0.3866666666666667 0.1543747523039074 0.26345036259210786
vertex 0.3866666666666667 0.17198234255086922 0.24942164281765578
endloop
endfacet
facet normal 0 0 0
outer loop
vertex 0.34800000000000003 0.1543747523039074 0.26345036259210786
vertex 0.34800000000000003 0.13144545821877357 0.27422312988973485
vertex 0.3866666666666667 0.13144545821877357 0.27422312988973485
endloop
endfacet
facet normal 0 0 0
outer loop
vertex 0.34800000000000003 0.1543747523039074 0.26345036259210786
vertex 0.3866666666666667 0.13144545821877357 0.27422312988973485
vertex 0.3866666666666667 0.1543747523039074 0.26345036259210786
endloop
endfacet
facet normal 0 0 0
outer loop
vertex 0.34800000000000003 0.13144545821877357 0.27422312988973485
vertex 0.34800000000000003 0.1025209714440861 0.28188178249765866
vertex 0.3866666666666667 0.1025209714440861 0.28188178249765866
endloop
endfacet
facet normal 0 0 0
outer loop
vertex 0.34800000000000003 0.13144545821877357 0.27422312988973485
vertex 0.3866666666666667 0.1025209714440861 0.28188178249765866
vertex 0.3866666666666667 0.13144545821877357 0.27422312988973485
endloop
endfacet
facet normal 0 0 0
outer loop
vertex 0.34800000000000003 0.1025209714440861 0.28188178249765866
vertex 0.34800000000000003 0.06542495351040951 0.28647070836623006
vertex 0.3866666666666667 0.06542495351040951 0.28647070836623006
endloop
endfacet
facet normal 0 0 0
outer loop
vertex 0.34800000000000003 0.1025209714440861 0.28188178249765866
vertex 0.3866666666666667 0.06542495351040951 0.28647070836623006
vertex 0.3866666666666667 0.1025209714440861 0.28188178249765866
endloop
endfacet
facet normal 0 0 0
outer loop
vertex 0.34800000000000003 0.06542495351040951 0.28647070836623006
vertex 0.34800000000000003 3.021622295691668e-12 0.288
vertex 0.3866666666666667 3.021622295691668e-12 0.288
endloop
endfacet
facet normal 0 0 0
outer loop
vertex 0.34800000000000003 0.06542495351040951 0.28647070836623006
vertex 0.3866666666666667 3.021622295691668e-12 0.288
vertex 0.3866666666666667 0.06542495351040951 0.28647070836623006
endloop
endfacet
facet normal 0 0 0
outer loop
vertex 0.34800000000000003 3.021622295691668e-12 0.288
vertex 0.34800000000000003 -0.06542495351040949 0.28647070836623006
vertex 0.3866666666666667 -0.06542495351040949 0.28647070836623006
endloop
endfacet
facet normal 0 0 0
outer loop
vertex 0.34800000000000003 3.021622295691668e-12 0.288
vertex 0.3866666666666667 -0.06542495351040949 0.28647070836623006
vertex 0.3866666666666667 3.021622295691668e-12 0.288
endloop
endfacet
facet normal 0 0 0
outer loop
vertex 0.34800000000000003 -0.06542495351040949 0.28647070836623006
vertex 0.34800000000000003 -0.10252097144408608 0.28188178249765866
vertex 0.3866666666666667 -0.10252097144408608 0.28188178249765866
endloop
endfacet
facet normal 0 0 0
outer loop
vertex 0.34800000000000003 -0.06542495351040949 0.28647070836623006
vertex 0.3866666666666667 -0.10252097144408608 0.28188178249765866
vertex 0.3866666666666667 -0.06542495351040949 0.28647070836623006
endloop
endfacet
facet normal 0 0 0
outer loop
vertex 0.34800000000000003 -0.10252097144408608 0.28188178249765866
vertex 0.34800000000000003 -0.13144545821877351 0.27422312988973485
vertex 0.3866666666666667 -0.13144545821877351 0.27422312988973485
endloop
endfacet
facet normal 0 0 0
outer loop
vertex 0.34800000000000003 -0.10252097144408608 0.28188178249765866
vertex 0.3866666666666667 -0.13144545821877351 0.27422312988973485
vertex 0.3866666666666667 -0.10252097144408608 0.28188178249765866
endloop
endfacet
facet normal 0 0 0
outer loop
vertex 0.34800000000000003 -0.13144545821877351 0.27422312988973485
vertex 0.34800000000000003 -0.1543747523039074 0.26345036259210786
vertex 0.3866666666666667 -0.1543747523039074 0.26345036259210786
endloop
endfacet
facet normal 0 0 0
outer loop
vertex 0.34800000000000003 -0.13144545821877351 0.27422312988973485
vertex 0.3866666666666667 -0.1543747523039074 0.26345036259210786
vertex 0.3866666666666667 -0.13144545821877351 0.27422312988973485
endloop
endfacet
facet normal 0 0 0
outer loop
vertex 0.34800000000000003 -0.1543747523039074 0.26345036259210786
vertex 0.34800000000000003 -0.17198234255086925 0.24942164281765578
vertex 0.3866666666666667 -0.17198234255086925 0.24942164281765578
endloop
endfacet
facet normal 0 0 0
outer loop
vertex 0.34800000000000003 -0.1543747523039074 0.26345036259210786
vertex 0.3866666666666667 -0.17198234255086925 0.24942164281765578
vertex 0.3866666666666667 -0.1543747523039074 0.26345036259210786
endloop
endfacet
facet normal 0 0 0
outer loop
vertex 0.34800000000000003 -0.17198234255086925 0.24942164281765578
vertex 0.34800000000000003 -0.1845000562671816 0.23172491312003207
vertex 0.3866666666666667 -0.1845000562671816 0.23172491312003207
endloop
endfacet
facet normal 0 0 0
outer loop
vertex 0.34800000000000003 -0.17198234255086925 0.24942164281765578
vertex 0.3866666666666667 -0.1845000562671816 0.23172491312003207
vertex 0.3866666666666667 -0.17198234255086925 0.24942164281765578
endloop
endfacet
facet normal 0 0 0
outer loop
vertex 0.34800000000000003 -0.1845000562671816 0.23172491312003207
vertex 0.34800000000000003 -0.19200044350614923 0.2090286347955719
vertex 0.3866666666666667 -0.19200044350614923 0.2090286347955719
endloop
endfacet
facet normal 0 0 0
outer loop
vertex 0.34800000000000003 -0.1845000562671816 0.23172491312003207
vertex 0.3866666666666667 -0.19200044350614923 0.2090286347955719
vertex 0.3866666666666667 -0.1845000562671816 0.23172491312003207
endloop
endfacet
facet normal 0 0 0
outer loop
vertex 0.34800000000000003 -0.19200044350614923 0.2090286347955719
vertex 0.34800000000000003 -0.1945 0.1690000000029346
vertex 0.3866666666666667 -0.1945 0.1690000000029346
endloop
endfacet
facet normal 0 0 0
outer loop
vertex 0.34800000000000003 -0.19200044350614923 0.2090286347955719
vertex 0.3866666666666667 -0.1945 0.1690000000029346
vertex 0.3866666666666667 -0.19200044350614923 0.2090286347955719
endloop
endfacet
facet normal 0 0 0
outer loop
vertex 0.34800000000000003 -0.1945 0.1690000000029346
vertex 0.34800000000000003 -0.19200044350614923 0.1289713652044281
vertex 0.3866666666666667 -0.19200044350614923 0.1289713652044281
endloop
endfacet
facet normal 0 0 0
outer loop
vertex 0.34800000000000003 -0.1945 0.1690000000029346
vertex 0.3866666666666667 -0.19200044350614923 0.1289713652044281
vertex 0.3866666666666667 -0.1945 0.1690000000029346
endloop
endfacet
facet normal 0 0 0
outer loop
vertex 0.34800000000000003 -0.19200044350614923 0.1289713652044281
vertex 0.34800000000000003 -0.18450005626718163 0.10627508687996788
vertex 0.3866666666666667 -0.18450005626718163 0.10627508687996788
endloop
endfacet
facet normal 0 0 0
outer loop
vertex 0.34800000000000003 -0.19200044350614923 0.1289713652044281
vertex 0.3866666666666667 -0.18450005626718163 0.10627508687996788
vertex 0.3866666666666667 -0.19200044350614923 0.1289713652044281
endloop
endfacet
facet normal 0 0 0
outer loop
vertex 0.34800000000000003 -0.18450005626718163 0.10627508687996788
vertex 0.34800000000000003 -0.17198234255086925 0.0885783571823442
vertex 0.3866666666666667 -0.17198234255086925 0.0885783571823442
endloop
endfacet
facet normal 0 0 0
outer loop
vertex 0.34800000000000003 -0.18450005626718163 0.10627508687996788
vertex 0.3866666666666667 -0.17198234255086925 0.0885783571823442
vertex 0.3866666666666667 -0.18450005626718163 0.10627508687996788
endloop
endfacet
facet normal 0 0 0
outer loop
vertex 0.34800000000000003 -0.17198234255086925 0.0885783571823442
vertex 0.34800000000000003 -0.15437475230390743 0.07454963740789212
vertex 0.3866666666666667 -0.15437475230390743 0.07454963740789212
endloop
endfacet
facet normal 0 0 0
outer loop
vertex 0.34800000000000003 -0.17198234255086925 0.0885783571823442
vertex 0.3866666666666667 -0.15437475230390743 0.07454963740789212
vertex 0.3866666666666667 -0.17198234255086925 0.0885783571823442
endloop
endfacet
facet normal 0 0 0
outer loop
vertex 0.34800000000000003 -0.15437475230390743 0.07454963740789212
vertex 0.34800000000000003 -0.13144545821877354 0.0637768701102651
vertex 0.3866666666666667 -0.13144545821877354 0.0637768701102651
endloop
endfacet
facet normal 0 0 0
outer loop
vertex 0.34800000000000003 -0.15437475230390743 0.07454963740789212
vertex 0.3866666666666667 -0.13144545821877354 0.0637768701102651
vertex 0.3866666666666667 -0.15437475230390743 0.07454963740789212
endloop
endfacet
facet normal 0 0 0
outer loop
vertex 0.34800000000000003 -0.13144545821877354 0.0637768701102651
vertex 0.34800000000000003 -0.10252097144408619 0.05611821750234133
vertex 0.3866666666666667 -0.10252097144408619 0.05611821750234133
endloop
endfacet
facet normal 0 0 0
outer loop
vertex 0.34800000000000003 -0.13144545821877354 0.0637768701102651
vertex 0.3866666666666667 -0.10252097144408619 0.05611821750234133
vertex 0.3866666666666667 -0.13144545821877354 0.0637768701102651
endloop
endfacet
facet normal 0 0 0
outer loop
vertex 0.34800000000000003 -0.10252097144408619 0.05611821750234133
vertex 0.34800000000000003 -0.0654249535104096 0.0515292916337699
vertex 0.3866666666666667 -0.0654249535104096 0.0515292916337699
endloop
endfacet
facet normal 0 0 0
outer loop
vertex 0.34800000000000003 -0.10252097144408619 0.05611821750234133
vertex 0.3866666666666667 -0.0654249535104096 0.0515292916337699
vertex 0.3866666666666667 -0.10252097144408619 0.05611821750234133
endloop
endfacet
facet normal 0 0 0
outer loop
vertex 0.34800000000000003 -0.0654249535104096 0.0515292916337699
vertex 0.34800000000000003 -6.285227656641195e-12 0.04999999999999999
vertex 0.3866666666666667 -6.285227656641195e-12 0.04999999999999999
endloop
endfacet
facet normal 0 0 0
outer loop
vertex 0.34800000000000003 -0.0654249535104096 0.0515292916337699
vertex 0.3866666666666667 -6.285227656641195e-12 0.04999999999999999
vertex 0.3866666666666667 -0.0654249535104096 0.0515292916337699
endloop
endfacet
facet normal 0 0 0
outer loop
vertex 0.34800000000000003 -6.285227656641195e-12 0.04999999999999999
vertex 0.34800000000000003 0.06542495351040951 0.05152929163376989
vertex 0.3866666666666667 0.06542495351040951 0.05152929163376989
endloop
endfacet
facet normal 0 0 0
outer loop
vertex 0.34800000000000003 -6.285227656641195e-12 0.04999999999999999
vertex 0.3866666666666667 0.06542495351040951 0.05152929163376989
vertex 0.3866666666666667 -6.285227656641195e-12 0.04999999999999999
endloop
endfacet
facet normal 0 0 0
outer loop
vertex 0.34800000000000003 0.06542495351040951 0.05152929163376989
vertex 0.34800000000000003 0.10252097144408612 0.05611821750234133
vertex 0.3866666666666667 0.10252097144408612 0.05611821750234133
endloop
endfacet
facet normal 0 0 0
outer loop
vertex 0.34800000000000003 0.06542495351040951 0.05152929163376989
vertex 0.3866666666666667 0.10252097144408612 0.05611821750234133
vertex 0.3866666666666667 0.06542495351040951 0.05152929163376989
endloop
endfacet
facet normal 0 0 0
outer loop
vertex 0.34800000000000003 0.10252097144408612 0.05611821750234133
vertex 0.34800000000000003 0.13144545821877351 0.06377687011026507
vertex 0.3866666666666667 0.13144545821877351 0.06377687011026507
endloop
endfacet
facet normal 0 0 0
outer loop
vertex 0.34800000000000003 0.10252097144408612 0.05611821750234133
vertex 0.3866666666666667 0.13144545821877351 0.06377687011026507
vertex 0.3866666666666667 0.10252097144408612 0.05611821750234133
endloop
endfacet
facet normal 0 0 0
outer loop
vertex 0.34800000000000003 0.13144545821877351 0.06377687011026507
vertex 0.34800000000000003 0.15437475230390738 0.0745496374078921
vertex 0.3866666666666667 0.15437475230390738 0.0745496374078921
endloop
endfacet
facet normal 0 0 0
outer loop
vertex 0.34800000000000003 0.13144545821877351 0.06377687011026507
vertex 0.3866666666666667 0.15437475230390738 0.0745496374078921
vertex 0.3866666666666667 0.13144545821877351 0.06377687011026507
endloop
endfacet
facet normal 0 0 0
outer loop
vertex 0.34800000000000003 0.15437475230390738 0.0745496374078921
vertex 0.34800000000000003 0.17198234255086922 0.08857835718234419
vertex 0.3866666666666667 0.17198234255086922 0.08857835718234419
endloop
endfacet
facet normal 0 0 0
outer loop
vertex 0.34800000000000003 0.15437475230390738 0.0745496374078921
vertex 0.3866666666666667 0.17198234255086922 0.08857835718234419
vertex 0.3866666666666667 0.15437475230390738 0.0745496374078921
endloop
endfacet
facet normal 0 0 0
outer loop
vertex 0.34800000000000003 0.17198234255086922 0.08857835718234419
vertex 0.34800000000000003 0.18450005626718158 0.10627508687996781
vertex 0.3866666666666667 0.18450005626718158 0.10627508687996781
endloop
endfacet
facet normal 0 0 0
outer loop
vertex 0.34800000000000003 0.17198234255086922 0.08857835718234419
vertex 0.3866666666666667 0.18450005626718158 0.10627508687996781
vertex 0.3866666666666667 0.17198234255086922 0.08857835718234419
endloop
endfacet
facet normal 0 0 0
outer loop
vertex 0.34800000000000003 0.18450005626718158 0.10627508687996781
vertex 0.34800000000000003 0.1920004435061492 0.12897136520442803
vertex 0.3866666666666667 0.1920004435061492 0.12897136520442803
endloop
endfacet
facet normal 0 0 0
outer loop
vertex 0.34800000000000003 0.18450005626718158 0.10627508687996781
vertex 0.3866666666666667 0.1920004435061492 0.12897136520442803
vertex 0.3866666666666667 0.18450005626718158 0.10627508687996781
endloop
endfacet
facet normal 0 0 0
outer loop
vertex 0.34800000000000003 0.1920004435061492 0.12897136520442803
vertex 0.34800000000000003 0.1945 0.16899999999999998
vertex 0.3866666666666667 0.1945 0.16899999999999998
endloop
endfacet
facet normal 0 0 0
outer loop
vertex 0.34800000000000003 0.1920004435061492 0.12897136520442803
vertex 0.3866666666666667 0.1945 0.16899999999999998
vertex 0.3866666666666667 0.1920004435061492 0.12897136520442803
endloop
endfacet
facet normal 0 0 0
outer loop
vertex 0.3866666666666667 0.1945 0.16899999999999998
vertex 0.3866666666666667 0.19200044350614923 0.20902863479557188
vertex 0.42533333333333334 0.19200044350614923 0.20902863479557188
endloop
endfacet
facet normal 0 0 0
outer loop
vertex 0.3866666666666667 0.1945 0.16899999999999998
vertex 0.42533333333333334 0.19200044350614923 0.20902863479557188
vertex 0.42533333333333334 0.1945 0.16899999999999998
endloop
endfacet
facet normal 0 0 0
outer loop
vertex 0.3866666666666667 0.19200044350614923 0.20902863479557188
vertex 0.3866666666666667 0.1845000562671816 0.23172491312003207
vertex 0.42533333333333334 0.1845000562671816 0.23172491312003207
endloop
endfacet
facet normal 0 0 0
outer loop
vertex 0.3866666666666667 0.19200044350614923 0.20902863479557188
vertex 0.42533333333333334 0.1845000562671816 0.23172491312003207
vertex 0.42533333333333334 0.19200044350614923 0.20902863479557188
endloop
endfacet
facet normal 0 0 0
outer loop
vertex 0.3866666666666667 0.1845000562671816 0.23172491312003207
vertex 0.3866666666666667 0.17198234255086922 0.24942164281765578
vertex 0.42533333333333334 0.17198234255086922 0.24942164281765578
endloop
endfacet
facet normal 0 0 0
outer loop
vertex 0.3866666666666667 0.1845000562671816 0.23172491312003207
vertex 0.42533333333333334 0.17198234255086922 0.24942164281765578
vertex 0.42533333333333334 0.1845000562671816 0.23172491312003207
endloop
endfacet
facet normal 0 0 0
outer loop
vertex 0.3866666666666667 0.17198234255086922 0.24942164281765578
vertex 0.3866666666666667 0.1543747523039074 0.26345036259210786
vertex 0.42533333333333334 0.1543747523039074 0.26345036259210786
endloop
endfacet
facet normal 0 0 0
outer loop
vertex 0.3866666666666667 0.17198234255086922 0.24942164281765578
vertex 0.42533333333333334 0.1543747523039074 0.26345036259210786
vertex 0.42533333333333334 0.17198234255086922 0.24942164281765578
endloop
endfacet
facet normal 0 0 0
outer loop
vertex 0.3866666666666667 0.1543747523039074 0.26345036259210786
vertex 0.3866666666666667 0.13144545821877357 0.27422312988973485
vertex 0.42533333333333334 0.13144545821877357 0.27422312988973485
endloop
endfacet
facet normal 0 0 0
outer loop
vertex 0.3866666666666667 0.1543747523039074 0.26345036259210786
vertex 0.42533333333333334 0.13144545821877357 0.27422312988973485
vertex 0.42533333333333334 0.1543747523039074 0.26345036259210786
endloop
endfacet
facet normal 0 0 0
outer loop
vertex 0.3866666666666667 0.13144545821877357 0.27422312988973485
vertex 0.3866666666666667 0.1025209714440861 0.28188178249765866
vertex 0.42533333333333334 0.1025209714440861 0.28188178249765866
endloop
endfacet
facet normal 0 0 0
outer loop
vertex 0.3866666666666667 0.13144545821877357 0.27422312988973485
vertex 0.42533333333333334 0.1025209714440861 0.28188178249765866
vertex 0.42533333333333334 0.13144545821877357 0.27422312988973485
endloop
endfacet
facet normal 0 0 0
outer loop
vertex 0.3866666666666667 0.1025209714440861 0.28188178249765866
vertex 0.3866666666666667 0.06542495351040951 0.28647070836623006
vertex 0.42533333333333334 0.06542495351040951 0.28647070836623006
endloop
endfacet
facet normal 0 0 0
outer loop
vertex 0.3866666666666667 0.1025209714440861 0.28188178249765866
vertex 0.42533333333333334 0.06542495351040951 0.28647070836623006
vertex 0.42533333333333334 0.1025209714440861 0.28188178249765866
endloop
endfacet
facet normal 0 0 0
outer loop
vertex 0.3866666666666667 0.06542495351040951 0.28647070836623006
vertex 0.3866666666666667 3.021622295691668e-12 0.288
vertex 0.42533333333333334 3.021622295691668e-12 0.288
endloop
endfacet
facet normal 0 0 0
outer loop
vertex 0.3866666666666667 0.06542495351040951 0.28647070836623006
vertex 0.42533333333333334 3.021622295691668e-12 0.288
vertex 0.42533333333333334 0.06542495351040951 0.28647070836623006
endloop
endfacet
facet normal 0 0 0
outer loop
vertex 0.3866666666666667 3.021622295691668e-12 0.288
vertex 0.3866666666666667 -0.06542495351040949 0.28647070836623006
vertex 0.42533333333333334 -0.06542495351040949 0.28647070836623006
endloop
endfacet
facet normal 0 0 0
outer loop
vertex 0.3866666666666667 3.021622295691668e-12 0.288
vertex 0.42533333333333334 -0.06542495351040949 0.28647070836623006
vertex 0.42533333333333334 3.021622295691668e-12 0.288
endloop
endfacet
facet normal 0 0 0
outer loop
vertex 0.3866666666666667 -0.06542495351040949 0.28647070836623006
vertex 0.3866666666666667 -0.10252097144408608 0.28188178249765866
vertex 0.42533333333333334 -0.10252097144408608 0.28188178249765866
endloop
endfacet
facet normal 0 0 0
outer loop
vertex 0.3866666666666667 -0.06542495351040949 0.28647070836623006
vertex 0.42533333333333334 -0.10252097144408608 0.28188178249765866
vertex 0.42533333333333334 -0.06542495351040949 0.28647070836623006
endloop
endfacet
facet normal 0 0 0
outer loop
vertex 0.3866666666666667 -0.10252097144408608 0.28188178249765866
vertex 0.3866666666666667 -0.13144545821877351 0.27422312988973485
vertex 0.42533333333333334 -0.13144545821877351 0.27422312988973485
endloop
endfacet
facet normal 0 0 0
outer loop
vertex 0.3866666666666667 -0.10252097144408608 0.28188178249765866
vertex 0.42533333333333334 -0.13144545821877351 0.27422312988973485
vertex 0.42533333333333334 -0.10252097144408608 0.28188178249765866
endloop
endfacet
facet normal 0 0 0
outer loop
vertex 0.3866666666666667 -0.13144545821877351 0.27422312988973485
vertex 0.3866666666666667 -0.1543747523039074 0.26345036259210786
vertex 0.42533333333333334 -0.1543747523039074 0.26345036259210786
endloop
endfacet
facet normal 0 0 0
outer loop
vertex 0.3866666666666667 -0.13144545821877351 0.27422312988973485
vertex 0.42533333333333334 -0.1543747523039074 0.26345036259210786
vertex 0.42533333333333334 -0.13144545821877351 0.27422312988973485
endloop
endfacet
facet normal 0 0 0
outer loop
vertex 0.3866666666666667 -0.1543747523039074 0.26345036259210786
vertex 0.3866666666666667 -0.17198234255086925 0.24942164281765578
vertex 0.42533333333333334 -0.17198234255086925 0.24942164281765578
endloop
endfacet
facet normal 0 0 0
outer loop
vertex 0.3866666666666667 -0.1543747523039074 0.26345036259210786
vertex 0.42533333333333334 -0.17198234255086925 0.24942164281765578
vertex 0.42533333333333334 -0.1543747523039074 0.26345036259210786
endloop
endfacet
facet normal 0 0 0
outer loop
vertex 0.3866666666666667 -0.17198234255086925 0.24942164281765578
vertex 0.3866666666666667 -0.1845000562671816 0.23172491312003207
vertex 0.42533333333333334 -0.1845000562671816 0.23172491312003207
endloop
endfacet
facet normal 0 0 0
outer loop
vertex 0.3866666666666667 -0.17198234255086925 0.24942164281765578
vertex 0.42533333333333334 -0.1845000562671816 0.23172491312003207
vertex 0.42533333333333334 -0.17198234255086925 0.24942164281765578
endloop
endfacet
facet normal 0 0 0
outer loop
vertex 0.3866666666666667 -0.1845000562671816 0.23172491312003207
vertex 0.3866666666666667 -0.19200044350614923 0.2090286347955719
vertex 0.42533333333333334 -0.19200044350614923 0.2090286347955719
endloop
endfacet
facet normal 0 0 0
outer loop
vertex 0.3866666666666667 -0.1845000562671816 0.23172491312003207
vertex 0.42533333333333334 -0.19200044350614923 0.2090286347955719
vertex 0.42533333333333334 -0.1845000562671816 0.23172491312003207
endloop
endfacet
facet normal 0 0 0
outer loop
vertex 0.3866666666666667 -0.19200044350614923 0.2090286347955719
vertex 0.3866666666666667 -0.1945 0.1690000000029346
vertex 0.42533333333333334 -0.1945 0.1690000000029346
endloop
endfacet
facet normal 0 0 0
outer loop
vertex 0.3866666666666667 -0.19200044350614923 0.2090286347955719
vertex 0.42533333333333334 -0.1945 0.1690000000029346
vertex 0.42533333333333334 -0.19200044350614923 0.2090286347955719
endloop
endfacet
facet normal 0 0 0
outer loop
vertex 0.3866666666666667 -0.1945 0.1690000000029346
vertex 0.3866666666666667 -0.19200044350614923 0.1289713652044281
vertex 0.42533333333333334 -0.19200044350614923 0.1289713652044281
endloop
endfacet
facet normal 0 0 0
outer loop
vertex 0.3866666666666667 -0.1945 0.1690000000029346
vertex 0.42533333333333334 -0.19200044350614923 0.1289713652044281
vertex 0.42533333333333334 -0.1945 0.1690000000029346
endloop
endfacet
facet normal 0 0 0
outer loop
vertex 0.3866666666666667 -0.19200044350614923 0.1289713652044281
vertex 0.3866666666666667 -0.18450005626718163 0.10627508687996788
vertex 0.42533333333333334 -0.18450005626718163 0.10627508687996788
endloop
endfacet
facet normal 0 0 0
outer loop
vertex 0.3866666666666667 -0.19200044350614923 0.1289713652044281
vertex 0.42533333333333334 -0.18450005626718163 0.10627508687996788
vertex 0.42533333333333334 -0.19200044350614923 0.1289713652044281
endloop
endfacet
facet normal 0 0 0
outer loop
vertex 0.3866666666666667 -0.18450005626718163 0.10627508687996788
vertex 0.3866666666666667 -0.17198234255086925 0.0885783571823442
vertex 0.42533333333333334 -0.17198234255086925 0.0885783571823442
endloop
endfacet
facet normal 0 0 0
outer loop
vertex 0.3866666666666667 -0.18450005626718163 0.10627508687996788
vertex 0.42533333333333334 -0.17198234255086925 0.0885783571823442
vertex 0.42533333333333334 -0.18450005626718163 0.10627508687996788
endloop
endfacet
facet normal 0 0 0
outer loop
vertex 0.3866666666666667 -0.17198234255086925 0.0885783571823442
vertex 0.3866666666666667 -0.15437475230390743 0.07454963740789212
vertex 0.42533333333333334 -0.15437475230390743 0.07454963740789212
endloop
endfacet
facet normal 0 0 0
outer loop
vertex 0.3866666666666667 -0.17198234255086925 0.0885783571823442
vertex 0.42533333333333334 -0.15437475230390743 0.07454963740789212
vertex 0.42533333333333334 -0.17198234255086925 0.0885783571823442
endloop
endfacet
facet normal 0 0 0
outer loop
vertex 0.3866666666666667 -0.15437475230390743 0.07454963740789212
vertex 0.3866666666666667 -0.13144545821877354 0.0637768701102651
vertex 0.42533333333333334 -0.13144545821877354 0.0637768701102651
endloop
endfacet
facet normal 0 0 0
outer loop
vertex 0.3866666666666667 -0.15437475230390743 0.07454963740789212
vertex 0.42533333333333334 -0.13144545821877354 0.0637768701102651
vertex 0.42533333333333334 -0.15437475230390743 0.07454963740789212
endloop
endfacet
facet normal 0 0 0
outer loop
vertex 0.3866666666666667 -0.13144545821877354 0.0637768701102651
vertex 0.3866666666666667 -0.10252097144408619 0.05611821750234133
vertex 0.42533333333333334 -0.10252097144408619 0.05611821750234133
endloop
endfacet
facet normal 0 0 0
outer loop
vertex 0.3866666666666667 -0.13144545821877354 0.0637768701102651
vertex 0.42533333333333334 -0.10252097144408619 0.05611821750234133
vertex 0.42533333333333334 -0.13144545821877354 0.0637768701102651
endloop
endfacet
facet normal 0 0 0
outer loop
vertex 0.3866666666666667 -0.10252097144408619 0.05611821750234133
vertex 0.3866666666666667 -0.0654249535104096 0.0515292916337699
vertex 0.42533333333333334 -0.0654249535104096 0.0515292916337699
endloop
endfacet
facet normal 0 0 0
outer loop
vertex 0.3866666666666667 -0.10252097144408619 0.05611821750234133
vertex 0.42533333333333334 -0.0654249535104096 0.0515292916337699
vertex 0.42533333333333334 -0.10252097144408619 0.05611821750234133
endloop
endfacet
facet normal 0 0 0
outer loop
vertex 0.3866666666666667 -0.0654249535104096 0.0515292916337699
vertex 0.3866666666666667 -6.285227656641195e-12 0.04999999999999999
vertex 0.42533333333333334 -6.285227656641195e-12 0.04999999999999999
endloop
endfacet
facet normal 0 0 0
outer loop
vertex 0.3866666666666667 -0.0654249535104096 0.0515292916337699
vertex 0.42533333333333334 -6.285227656641195e-12 0.04999999999999999
vertex 0.42533333333333334 -0.0654249535104096 0.0515292916337699
endloop
endfacet
facet normal 0 0 0
outer loop
vertex 0.3866666666666667 -6.285227656641195e-12 0.04999999999999999
vertex 0.3866666666666667 0.06542495351040951 0.05152929163376989
vertex 0.42533333333333334 0.06542495351040951 0.05152929163376989
endloop
endfacet
facet normal 0 0 0
outer loop
vertex 0.3866666666666667 -6.285227656641195e-12 0.04999999999999999
vertex 0.42533333333333334 0.06542495351040951 0.05152929163376989
vertex 0.42533333333333334 -6.285227656641195e-12 0.04999999999999999
endloop
endfacet
facet normal 0 0 0
outer loop
vertex 0.3866666666666667 0.06542495351040951 0.05152929163376989
vertex 0.3866666666666667 0.10252097144408612 0.05611821750234133
vertex 0.42533333333333334 0.10252097144408612 0.05611821750234133
endloop
endfacet
facet normal 0 0 0
outer loop
vertex 0.3866666666666667 0.06542495351040951 0.05152929163376989
vertex 0.42533333333333334 0.10252097144408612 0.05611821750234133
vertex 0.42533333333333334 0.06542495351040951 0.05152929163376989
endloop
endfacet
facet normal 0 0 0
outer loop
vertex 0.3866666666666667 0.10252097144408612 0.05611821750234133
vertex 0.3866666666666667 0.13144545821877351 0.06377687011026507
vertex 0.42533333333333334 0.13144545821877351 0.06377687011026507
endloop
endfacet
facet normal 0 0 0
outer loop
vertex 0.3866666666666667 0.10252097144408612 0.05611821750234133
vertex 0.42533333333333334 0.13144545821877351 0.06377687011026507
vertex 0.42533333333333334 0.10252097144408612 0.05611821750234133
endloop
endfacet
facet normal 0 0 0
outer loop
vertex 0.3866666666666667 0.13144545821877351 0.06377687011026507
vertex 0.3866666666666667 0.15437475230390738 0.0745496374078921
vertex 0.42533333333333334 0.15437475230390738 0.0745496374078921
endloop
endfacet
facet normal 0 0 0
outer loop
vertex 0.3866666666666667 0.13144545821877351 0.06377687011026507
vertex 0.42533333333333334 0.15437475230390738 0.0745496374078921
vertex 0.42533333333333334 0.13144545821877351 0.06377687011026507
endloop
endfacet
facet normal 0 0 0
outer loop
vertex 0.3866666666666667 0.15437475230390738 0.0745496374078921
vertex 0.3866666666666667 0.17198234255086922 0.08857835718234419
vertex 0.42533333333333334 0.17198234255086922 0.08857835718234419
endloop
endfacet
facet normal 0 0 0
outer loop
vertex 0.3866666666666667 0.15437475230390738 0.0745496374078921
vertex 0.42533333333333334 0.17198234255086922 0.08857835718234419
vertex 0.42533333333333334 0.15437475230390738 0.0745496374078921
endloop
endfacet
facet normal 0 0 0
outer loop
vertex 0.3866666666666667 0.17198234255086922 0.08857835718234419
vertex 0.3866666666666667 0.18450005626718158 0.10627508687996781
vertex 0.42533333333333334 0.18450005626718158 0.10627508687996781
endloop
endfacet
facet normal 0 0 0
outer loop
vertex 0.3866666666666667 0.17198234255086922 0.08857835718234419
vertex 0.42533333333333334 0.18450005626718158 0.10627508687996781
vertex 0.42533333333333334 0.17198234255086922 0.08857835718234419
endloop
endfacet
facet normal 0 0 0
outer loop
vertex 0.3866666666666667 0.18450005626718158 0.10627508687996781
vertex 0.3866666666666667 0.1920004435061492 0.12897136520442803
vertex 0.42533333333333334 0.1920004435061492 0.12897136520442803
endloop
endfacet
facet normal 0 0 0
outer loop
vertex 0.3866666666666667 0.18450005626718158 0.10627508687996781
vertex 0.42533333333333334 0.1920004435061492 0.12897136520442803
vertex 0.42533333333333334 0.18450005626718158 0.10627508687996781
endloop
endfacet
facet normal 0 0 0
outer loop
vertex 0.3866666666666667 0.1920004435061492 0.12897136520442803
vertex 0.3866666666666667 0.1945 0.16899999999999998
vertex 0.42533333333333334 0.1945 0.16899999999999998
endloop
endfacet
facet normal 0 0 0
outer loop
vertex 0.3866666666666667 0.1920004435061492 0.12897136520442803
vertex 0.42533333333333334 0.1945 0.16899999999999998
vertex 0.42533333333333334 0.1920004435061492 0.12897136520442803
endloop
endfacet
facet normal 0 0 0
outer loop
vertex 0.42533333333333334 0.1945 0.16899999999999998
vertex 0.42533333333333334 0.19200044350614923 0.20902863479557188
vertex 0.464 0.19200044350614923 0.20902863479557188
endloop
endfacet
facet normal 0 0 0
outer loop
vertex 0.42533333333333334 0.1945 0.16899999999999998
vertex 0.464 0.19200044350614923 0.20902863479557188
vertex 0.464 0.1945 0.16899999999999998
endloop
endfacet
facet normal 0 0 0
outer loop
vertex 0.42533333333333334 0.19200044350614923 0.20902863479557188
vertex 0.42533333333333334 0.1845000562671816 0.23172491312003207
vertex 0.464 0.1845000562671816 0.23172491312003207
endloop
endfacet
facet normal 0 0 0
outer loop
vertex 0.42533333333333334 0.19200044350614923 0.20902863479557188
vertex 0.464 0.1845000562671816 0.23172491312003207
vertex 0.464 0.19200044350614923 0.20902863479557188
endloop
endfacet
facet normal 0 0 0
outer loop
vertex 0.42533333333333334 0.1845000562671816 0.23172491312003207
vertex 0.42533333333333334 0.17198234255086922 0.24942164281765578
vertex 0.464 0.17198234255086922 0.24942164281765578
endloop
endfacet
facet normal 0 0 0
outer loop
vertex 0.42533333333333334 0.1845000562671816 0.23172491312003207
vertex 0.464 0.17198234255086922 0.24942164281765578
vertex 0.464 0.1845000562671816 0.23172491312003207
endloop
endfacet
facet normal 0 0 0
outer loop
vertex 0.42533333333333334 0.17198234255086922 0.24942164281765578
vertex 0.42533333333333334 0.1543747523039074 0.26345036259210786
vertex 0.464 0.1543747523039074 0.26345036259210786
endloop
endfacet
facet normal 0 0 0
outer loop
vertex 0.42533333333333334 0.17198234255086922 0.24942164281765578
vertex 0.464 0.1543747523039074 0.26345036259210786
vertex 0.464 0.17198234255086922 0.24942164281765578
endloop
endfacet
facet normal 0 0 0
outer loop
vertex 0.42533333333333334 0.1543747523039074 0.26345036259210786
vertex 0.42533333333333334 0.13144545821877357 0.27422312988973485
vertex 0.464 0.13144545821877357 0.27422312988973485
endloop
endfacet
facet normal 0 0 0
outer loop
vertex 0.42533333333333334 0.1543747523039074 0.26345036259210786
vertex 0.464 0.13144545821877357 0.27422312988973485
vertex 0.464 0.1543747523039074 0.26345036259210786
endloop
endfacet
facet normal 0 0 0
outer loop
vertex 0.42533333333333334 0.13144545821877357 0.27422312988973485
vertex 0.42533333333333334 0.1025209714440861 0.28188178249765866
vertex 0.464 0.1025209714440861 0.28188178249765866
endloop
endfacet
facet normal 0 0 0
outer loop
vertex 0.42533333333333334 0.13144545821877357 0.27422312988973485
vertex 0.464 0.1025209714440861 0.28188178249765866
vertex 0.464 0.13144545821877357 0.27422312988973485
endloop
endfacet
facet normal 0 0 0
outer loop
vertex 0.42533333333333334 0.1025209714440861 0.28188178249765866
vertex 0.42533333333333334 0.06542495351040951 0.28647070836623006
vertex 0.464 0.06542495351040951 0.28647070836623006
endloop
endfacet
facet normal 0 0 0
outer loop
vertex 0.42533333333333334 0.1025209714440861 0.28188178249765866
vertex 0.464 0.06542495351040951 0.28647070836623006
vertex 0.464 0.1025209714440861 0.28188178249765866
endloop
endfacet
facet normal 0 0 0
outer loop
vertex 0.42533333333333334 0.06542495351040951 0.28647070836623006
vertex 0.42533333333333334 3.021622295691668e-12 0.288
vertex 0.464 3.021622295691668e-12 0.288
endloop
endfacet
facet normal 0 0 0
outer loop
vertex 0.42533333333333334 0.06542495351040951 0.28647070836623006
vertex 0.464 3.021622295691668e-12 0.288
vertex 0.464 0.06542495351040951 0.28647070836623006
endloop
endfacet
facet normal 0 0 0
outer loop
vertex 0.42533333333333334 3.021622295691668e-12 0.288
vertex 0.42533333333333334 -0.06542495351040949 0.28647070836623006
vertex 0.464 -0.06542495351040949 0.28647070836623006
endloop
endfacet
facet normal 0 0 0
outer loop
vertex 0.42533333333333334 3.021622295691668e-12 0.288
vertex 0.464 -0.06542495351040949 0.28647070836623006
vertex 0.464 3.021622295691668e-12 0.288
endloop
endfacet
facet normal 0 0 0
outer loop
vertex 0.42533333333333334 -0.06542495351040949 0.28647070836623006
vertex 0.42533333333333334 -0.10252097144408608 0.28188178249765866
vertex 0.464 -0.10252097144408608 0.28188178249765866
endloop
endfacet
facet normal 0 0 0
outer loop
vertex 0.42533333333333334 -0.06542495351040949 0.28647070836623006
vertex 0.464 -0.10252097144408608 0.28188178249765866
vertex 0.464 -0.06542495351040949 0.28647070836623006
endloop
endfacet
facet normal 0 0 0
outer loop
vertex 0.42533333333333334 -0.10252097144408608 0.28188178249765866
vertex 0.42533333333333334 -0.13144545821877351 0.27422312988973485
vertex 0.464 -0.13144545821877351 0.27422312988973485
endloop
endfacet
facet normal 0 0 0
outer loop
vertex 0.42533333333333334 -0.10252097144408608 0.28188178249765866
vertex 0.464 -0.13144545821877351 0.27422312988973485
vertex 0.464 -0.10252097144408608 0.28188178249765866
endloop
endfacet
facet normal 0 0 0
outer loop
vertex 0.42533333333333334 -0.13144545821877351 0.27422312988973485
vertex 0.42533333333333334 -0.1543747523039074 0.26345036259210786
vertex 0.464 -0.1543747523039074 0.26345036259210786
endloop
endfacet
facet normal 0 0 0
outer loop
vertex 0.42533333333333334 -0.13144545821877351 0.27422312988973485
vertex 0.464 -0.1543747523039074 0.26345036259210786
vertex 0.464 -0.13144545821877351 0.27422312988973485
endloop
endfacet
facet normal 0 0 0
outer loop
vertex 0.42533333333333334 -0.1543747523039074 0.26345036259210786
vertex 0.42533333333333334 -0.17198234255086925 0.24942164281765578
vertex 0.464 -0.17198234255086925 0.24942164281765578
endloop
endfacet
facet normal 0 0 0
outer loop
vertex 0.42533333333333334 -0.1543747523039074 0.26345036259210786
vertex 0.464 -0.17198234255086925 0.24942164281765578
vertex 0.464 -0.1543747523039074 0.26345036259210786
endloop
endfacet
facet normal 0 0 0
outer loop
vertex 0.42533333333333334 -0.17198234255086925 0.24942164281765578
vertex 0.42533333333333334 -0.1845000562671816 0.23172491312003207
vertex 0.464 -0.1845000562671816 0.23172491312003207
endloop
endfacet
facet normal 0 0 0
outer loop
vertex 0.42533333333333334 -0.17198234255086925 0.24942164281765578
vertex 0.464 -0.1845000562671816 0.23172491312003207
vertex 0.464 -0.17198234255086925 0.24942164281765578
endloop
endfacet
facet normal 0 0 0
outer loop
vertex 0.42533333333333334 -0.1845000562671816 0.23172491312003207
vertex 0.42533333333333334 -0.19200044350614923 0.2090286347955719
vertex 0.464 -0.19200044350614923 0.2090286347955719
endloop
endfacet
facet normal 0 0 0
outer loop
vertex 0.42533333333333334 -0.1845000562671816 0.23172491312003207
vertex 0.464 -0.19200044350614923 0.2090286347955719
vertex 0.464 -0.1845000562671816 0.23172491312003207
endloop
endfacet
facet normal 0 0 0
outer loop
vertex 0.42533333333333334 -0.19200044350614923 0.2090286347955719
vertex 0.42533333333333334 -0.1945 0.1690000000029346
vertex 0.464 -0.1945 0.1690000000029346
endloop
endfacet
facet normal 0 0 0
outer loop
vertex 0.42533333333333334 -0.19200044350614923 0.2090286347955719
vertex 0.464 -0.1945 0.1690000000029346
vertex 0.464 -0.19200044350614923 0.2090286347955719
endloop
endfacet
facet normal 0 0 0
outer loop
vertex 0.42533333333333334 -0.1945 0.1690000000029346
vertex 0.42533333333333334 -0.19200044350614923 0.1289713652044281
vertex 0.464 -0.19200044350614923 0.1289713652044281
endloop
endfacet
facet normal 0 0 0
outer loop
vertex 0.42533333333333334 -0.1945 0.1690000000029346
vertex 0.464 -0.19200044350614923 0.1289713652044281
vertex 0.464 -0.1945 0.1690000000029346
endloop
endfacet
facet normal 0 0 0
outer loop
vertex 0.42533333333333334 -0.19200044350614923 0.1289713652044281
vertex 0.42533333333333334 -0.18450005626718163 0.10627508687996788
vertex 0.464 -0.18450005626718163 0.10627508687996788
endloop
endfacet
facet normal 0 0 0
outer loop
vertex 0.42533333333333334 -0.19200044350614923 0.1289713652044281
vertex 0.464 -0.18450005626718163 0.10627508687996788
vertex 0.464 -0.19200044350614923 0.1289713652044281
endloop
endfacet
facet normal 0 0 0
outer loop
vertex 0.42533333333333334 -0.18450005626718163 0.10627508687996788
vertex 0.42533333333333334 -0.17198234255086925 0.0885783571823442
vertex 0.464 -0.17198234255086925 0.0885783571823442
endloop
endfacet
facet normal 0 0 0
outer loop
vertex 0.42533333333333334 -0.18450005626718163 0.10627508687996788
vertex 0.464 -0.17198234255086925 0.0885783571823442
vertex 0.464 -0.18450005626718163 0.10627508687996788
endloop
endfacet
facet normal 0 0 0
outer loop
vertex 0.42533333333333334 -0.17198234255086925 0.0885783571823442
vertex 0.42533333333333334 -0.15437475230390743 0.07454963740789212
vertex 0.464 -0.15437475230390743 0.07454963740789212
endloop
endfacet
facet normal 0 0 0
outer loop
vertex 0.42533333333333334 -0.17198234255086925 0.0885783571823442
vertex 0.464 -0.15437475230390743 0.07454963740789212
vertex 0.464 -0.17198234255086925 0.0885783571823442
endloop
endfacet
facet normal 0 0 0
outer loop
vertex 0.42533333333333334 -0.15437475230390743 0.07454963740789212
vertex 0.42533333333333334 -0.13144545821877354 0.0637768701102651
vertex 0.464 -0.13144545821877354 0.0637768701102651
endloop
endfacet
facet normal 0 0 0
outer loop
vertex 0.42533333333333334 -0.15437475230390743 0.07454963740789212
vertex 0.464 -0.13144545821877354 0.0637768701102651
vertex 0.464 -0.15437475230390743 0.07454963740789212
endloop
endfacet
facet normal 0 0 0
outer loop
vertex 0.42533333333333334 -0.13144545821877354 0.0637768701102651
vertex 0.42533333333333334 -0.10252097144408619 0.05611821750234133
vertex 0.464 -0.10252097144408619 0.05611821750234133
endloop
endfacet
facet normal 0 0 0
outer loop
vertex 0.42533333333333334 -0.13144545821877354 0.0637768701102651
vertex 0.464 -0.10252097144408619 0.05611821750234133
vertex 0.464 -0.13144545821877354 0.0637768701102651
endloop
endfacet
facet normal 0 0 0
outer loop
vertex 0.42533333333333334 -0.10252097144408619 0.05611821750234133
vertex 0.42533333333333334 -0.0654249535104096 0.0515292916337699
vertex 0.464 -0.0654249535104096 0.0515292916337699
endloop
endfacet
facet normal 0 0 0
outer loop
vertex 0.42533333333333334 -0.10252097144408619 0.05611821750234133
vertex 0.464 -0.0654249535104096 0.0515292916337699
vertex 0.464 -0.10252097144408619 0.05611821750234133
endloop
endfacet
facet normal 0 0 0
outer loop
vertex 0.42533333333333334 -0.0654249535104096 0.0515292916337699
vertex 0.42533333333333334 -6.285227656641195e-12 0.04999999999999999
vertex 0.464 -6.285227656641195e-12 0.04999999999999999
endloop
endfacet
facet normal 0 0 0
outer loop
vertex 0.42533333333333334 -0.0654249535104096 0.0515292916337699
vertex 0.464 -6.285227656641195e-12 0.04999999999999999
vertex 0.464 -0.0654249535104096 0.0515292916337699
endloop
endfacet
facet normal 0 0 0
outer loop
vertex 0.42533333333333334 -6.285227656641195e-12 0.04999999999999999
vertex 0.42533333333333334 0.06542495351040951 0.05152929163376989
vertex 0.464 0.06542495351040951 0.05152929163376989
endloop
endfacet
facet normal 0 0 0
outer loop
vertex 0.42533333333333334 -6.285227656641195e-12 0.04999999999999999
vertex 0.464 0.06542495351040951 0.05152929163376989
vertex 0.464 -6.285227656641195e-12 0.04999999999999999
endloop
endfacet
facet normal 0 0 0
outer loop
vertex 0.42533333333333334 0.06542495351040951 0.05152929163376989
vertex 0.42533333333333334 0.10252097144408612 0.05611821750234133
vertex 0.464 0.10252097144408612 0.05611821750234133
endloop
endfacet
facet normal 0 0 0
outer loop
vertex 0.42533333333333334 0.06542495351040951 0.05152929163376989
vertex 0.464 0.10252097144408612 0.05611821750234133
vertex 0.464 0.06542495351040951 0.05152929163376989
endloop
endfacet
facet normal 0 0 0
outer loop
vertex 0.42533333333333334 0.10252097144408612 0.05611821750234133
vertex 0.42533333333333334 0.13144545821877351 0.06377687011026507
vertex 0.464 0.13144545821877351 0.06377687011026507
endloop
endfacet
facet normal 0 0 0
outer loop
vertex 0.42533333333333334 0.10252097144408612 0.05611821750234133
vertex 0.464 0.13144545821877351 0.06377687011026507
vertex 0.464 0.10252097144408612 0.05611821750234133
endloop
endfacet
facet normal 0 0 0
outer loop
vertex 0.42533333333333334 0.13144545821877351 0.06377687011026507
vertex 0.42533333333333334 0.15437475230390738 0.0745496374078921
vertex 0.464 0.15437475230390738 0.0745496374078921
endloop
endfacet
facet normal 0 0 0
outer loop
vertex 0.42533333333333334 0.13144545821877351 0.06377687011026507
vertex 0.464 0.15437475230390738 0.0745496374078921
vertex 0.464 0.13144545821877351 0.06377687011026507
endloop
endfacet
facet normal 0 0 0
outer loop
vertex 0.42533333333333334 0.15437475230390738 0.0745496374078921
vertex 0.42533333333333334 0.17198234255086922 0.08857835718234419
vertex 0.464 0.17198234255086922 0.08857835718234419
endloop
endfacet
facet normal 0 0 0
outer loop
vertex 0.42533333333333334 0.15437475230390738 0.0745496374078921
vertex 0.464 0.17198234255086922 0.08857835718234419
vertex 0.464 0.15437475230390738 0.0745496374078921
endloop
endfacet
facet normal 0 0 0
outer loop
vertex 0.42533333333333334 0.17198234255086922 0.08857835718234419
vertex 0.42533333333333334 0.18450005626718158 0.10627508687996781
vertex 0.464 0.18450005626718158 0.10627508687996781
endloop
endfacet
facet normal 0 0 0
outer loop
vertex 0.42533333333333334 0.17198234255086922 0.08857835718234419
vertex 0.464 0.18450005626718158 0.10627508687996781
vertex 0.464 0.17198234255086922 0.08857835718234419
endloop
endfacet
facet normal 0 0 0
outer loop
vertex 0.42533333333333334 0.18450005626718158 0.10627508687996781
vertex 0.42533333333333334 0.1920004435061492 0.12897136520442803
vertex 0.464 0.1920004435061492 0.12897136520442803
endloop
endfacet
facet normal 0 0 0
outer loop
vertex 0.42533333333333334 0.18450005626718158 0.10627508687996781
vertex 0.464 0.1920004435061492 0.12897136520442803
vertex 0.464 0.18450005626718158 0.10627508687996781
endloop
endfacet
facet normal 0 0 0
outer loop
vertex 0.42533333333333334 0.1920004435061492 0.12897136520442803
vertex 0.42533333333333334 0.1945 0.16899999999999998
vertex 0.464 0.1945 0.16899999999999998
endloop
endfacet
facet normal 0 0 0
outer loop
vertex 0.42533333333333334 0.1920004435061492 0.12897136520442803
vertex 0.464 0.1945 0.16899999999999998
vertex 0.464 0.1920004435061492 0.12897136520442803
endloop
endfacet
facet normal 0 0 0
outer loop
vertex 0.464 0.1945 0.16899999999999998
vertex 0.464 0.19200044350614923 0.20902863479557188
vertex 0.5026666666666667 0.19200044350614923 0.20902863479557188
endloop
endfacet
facet normal 0 0 0
outer loop
vertex 0.464 0.1945 0.16899999999999998
vertex 0.5026666666666667 0.19200044350614923 0.20902863479557188
vertex 0.5026666666666667 0.1945 0.16899999999999998
endloop
endfacet
facet normal 0 0 0
outer loop
vertex 0.464 0.19200044350614923 0.20902863479557188
vertex 0.464 0.1845000562671816 0.23172491312003207
vertex 0.5026666666666667 0.1845000562671816 0.23172491312003207
endloop
endfacet
facet normal 0 0 0
outer loop
vertex 0.464 0.19200044350614923 0.20902863479557188
vertex 0.5026666666666667 0.1845000562671816 0.23172491312003207
vertex 0.5026666666666667 0.19200044350614923 0.20902863479557188
endloop
endfacet
facet normal 0 0 0
outer loop
vertex 0.464 0.1845000562671816 0.23172491312003207
vertex 0.464 0.17198234255086922 0.24942164281765578
vertex 0.5026666666666667 0.17198234255086922 0.24942164281765578
endloop
endfacet
facet normal 0 0 0
outer loop
vertex 0.464 0.1845000562671816 0.23172491312003207
vertex 0.5026666666666667 0.17198234255086922 0.24942164281765578
vertex 0.5026666666666667 0.1845000562671816 0.23172491312003207
endloop
endfacet
facet normal 0 0 0
outer loop
vertex 0.464 0.17198234255086922 0.24942164281765578
vertex 0.464 0.1543747523039074 0.26345036259210786
vertex 0.5026666666666667 0.1543747523039074 0.26345036259210786
endloop
endfacet
facet normal 0 0 0
outer loop
vertex 0.464 0.17198234255086922 0.24942164281765578
vertex 0.5026666666666667 0.1543747523039074 0.26345036259210786
vertex 0.5026666666666667 0.17198234255086922 0.24942164281765578
endloop
endfacet
facet normal 0 0 0
outer loop
vertex 0.464 0.1543747523039074 0.26345036259210786
vertex 0.464 0.13144545821877357 0.27422312988973485
vertex 0.5026666666666667 0.13144545821877357 0.27422312988973485
endloop
endfacet
facet normal 0 0 0
outer loop
vertex 0.464 0.1543747523039074 0.26345036259210786
vertex 0.5026666666666667 0.13144545821877357 0.27422312988973485
vertex 0.5026666666666667 0.1543747523039074 0.26345036259210786
endloop
endfacet
facet normal 0 0 0
outer loop
vertex 0.464 0.13144545821877357 0.27422312988973485
vertex 0.464 0.1025209714440861 0.28188178249765866
vertex 0.5026666666666667 0.1025209714440861 0.28188178249765866
endloop
endfacet
facet normal 0 0 0
outer loop
vertex 0.464 0.13144545821877357 0.27422312988973485
vertex 0.5026666666666667 0.1025209714440861 0.28188178249765866
vertex 0.5026666666666667 0.13144545821877357 0.27422312988973485
endloop
endfacet
facet normal 0 0 0
outer loop
vertex 0.464 0.1025209714440861 0.28188178249765866
vertex 0.464 0.06542495351040951 0.28647070836623006
vertex 0.5026666666666667 0.06542495351040951 0.28647070836623006
endloop
endfacet
facet normal 0 0 0
outer loop
vertex 0.464 0.1025209714440861 0.28188178249765866
vertex 0.5026666666666667 0.06542495351040951 0.28647070836623006
vertex 0.5026666666666667 0.1025209714440861 0.28188178249765866
endloop
endfacet
facet normal 0 0 0
outer loop
vertex 0.464 0.06542495351040951 0.28647070836623006
vertex 0.464 3.021622295691668e-12 0.288
vertex 0.5026666666666667 3.021622295691668e-12 0.288
endloop
endfacet
facet normal 0 0 0
outer loop
vertex 0.464 0.06542495351040951 0.28647070836623006
vertex 0.5026666666666667 3.021622295691668e-12 0.288
vertex 0.5026666666666667 0.06542495351040951 0.28647070836623006
endloop
endfacet
facet normal 0 0 0
outer loop
vertex 0.464 3.021622295691668e-12 0.288
vertex 0.464 -0.06542495351040949 0.28647070836623006
vertex 0.5026666666666667 -0.06542495351040949 0.28647070836623006
endloop
endfacet
facet normal 0 0 0
outer loop
vertex 0.464 3.021622295691668e-12 0.288
vertex 0.5026666666666667 -0.06542495351040949 0.28647070836623006
vertex 0.5026666666666667 3.021622295691668e-12 0.288
endloop
endfacet
facet normal 0 0 0
outer loop
vertex 0.464 -0.06542495351040949 0.28647070836623006
vertex 0.464 -0.10252097144408608 0.28188178249765866
vertex 0.5026666666666667 -0.10252097144408608 0.28188178249765866
endloop
endfacet
facet normal 0 0 0
outer loop
vertex 0.464 -0.06542495351040949 0.28647070836623006
vertex 0.5026666666666667 -0.10252097144408608 0.28188178249765866
vertex 0.5026666666666667 -0.06542495351040949 0.28647070836623006
endloop
endfacet
facet normal 0 0 0
outer loop
vertex 0.464 -0.10252097144408608 0.28188178249765866
vertex 0.464 -0.13144545821877351 0.27422312988973485
vertex 0.5026666666666667 -0.13144545821877351 0.27422312988973485
endloop
endfacet
facet normal 0 0 0
outer loop
vertex 0.464 -0.10252097144408608 0.28188178249765866
vertex 0.5026666666666667 -0.13144545821877351 0.27422312988973485
vertex 0.5026666666666667 -0.10252097144408608 0.28188178249765866
endloop
endfacet
facet normal 0 0 0
outer loop
vertex 0.464 -0.13144545821877351 0.27422312988973485
vertex 0.464 -0.1543747523039074 0.26345036259210786
vertex 0.5026666666666667 -0.1543747523039074 0.26345036259210786
endloop
endfacet
facet normal 0 0 0
outer loop
vertex 0.464 -0.13144545821877351 0.27422312988973485
vertex 0.5026666666666667 -0.1543747523039074 0.26345036259210786
vertex 0.5026666666666667 -0.13144545821877351 0.27422312988973485
endloop
endfacet
facet normal 0 0 0
outer loop
vertex 0.464 -0.1543747523039074 0.26345036259210786
vertex 0.464 -0.17198234255086925 0.24942164281765578
vertex 0.5026666666666667 -0.17198234255086925 0.24942164281765578
endloop
endfacet
facet normal 0 0 0
outer loop
vertex 0.464 -0.1543747523039074 0.26345036259210786
vertex 0.5026666666666667 -0.17198234255086925 0.24942164281765578
vertex 0.5026666666666667 -0.1543747523039074 0.26345036259210786
endloop
endfacet
facet normal 0 0 0
outer loop
vertex 0.464 -0.17198234255086925 0.24942164281765578
vertex 0.464 -0.1845000562671816 0.23172491312003207
vertex 0.5026666666666667 -0.1845000562671816 0.23172491312003207
endloop
endfacet
facet normal 0 0 0
outer loop
vertex 0.464 -0.17198234255086925 0.24942164281765578
vertex 0.5026666666666667 -0.1845000562671816 0.23172491312003207
vertex 0.5026666666666667 -0.17198234255086925 0.24942164281765578
endloop
endfacet
facet normal 0 0 0
outer loop
vertex 0.464 -0.1845000562671816 0.23172491312003207
vertex 0.464 -0.19200044350614923 0.2090286347955719
vertex 0.5026666666666667 -0.19200044350614923 0.2090286347955719
endloop
endfacet
facet normal 0 0 0
outer loop
vertex 0.464 -0.1845000562671816 0.23172491312003207
vertex 0.5026666666666667 -0.19200044350614923 0.2090286347955719
vertex 0.5026666666666667 -0.1845000562671816 0.23172491312003207
endloop
endfacet
facet normal 0 0 0
outer loop
vertex 0.464 -0.19200044350614923 0.2090286347955719
vertex 0.464 -0.1945 0.1690000000029346
vertex 0.5026666666666667 -0.1945 0.1690000000029346
endloop
endfacet
facet normal 0 0 0
outer loop
vertex 0.464 -0.19200044350614923 0.2090286347955719
vertex 0.5026666666666667 -0.1945 0.1690000000029346
vertex 0.5026666666666667 -0.19200044350614923 0.2090286347955719
endloop
endfacet
facet normal 0 0 0
outer loop
vertex 0.464 -0.1945 0.1690000000029346
vertex 0.464 -0.19200044350614923 0.1289713652044281
vertex 0.5026666666666667 -0.19200044350614923 0.1289713652044281
endloop
endfacet
facet normal 0 0 0
outer loop
vertex 0.464 -0.1945 0.1690000000029346
vertex 0.5026666666666667 -0.19200044350614923 0.1289713652044281
vertex 0.5026666666666667 -0.1945 0.1690000000029346
endloop
endfacet
facet normal 0 0 0
outer loop
vertex 0.464 -0.19200044350614923 0.1289713652044281
vertex 0.464 -0.18450005626718163 0.10627508687996788
vertex 0.5026666666666667 -0.18450005626718163 0.10627508687996788
endloop
endfacet
facet normal 0 0 0
outer loop
vertex 0.464 -0.19200044350614923 0.1289713652044281
vertex 0.5026666666666667 -0.18450005626718163 0.10627508687996788
vertex 0.5026666666666667 -0.19200044350614923 0.1289713652044281
endloop
endfacet
facet normal 0 0 0
outer loop
vertex 0.464 -0.18450005626718163 0.10627508687996788
vertex 0.464 -0.17198234255086925 0.0885783571823442
vertex 0.5026666666666667 -0.17198234255086925 0.0885783571823442
endloop
endfacet
facet normal 0 0 0
outer loop
vertex 0.464 -0.18450005626718163 0.10627508687996788
vertex 0.5026666666666667 -0.17198234255086925 0.0885783571823442
vertex 0.5026666666666667 -0.18450005626718163 0.10627508687996788
endloop
endfacet
facet normal 0 0 0
outer loop
vertex 0.464 -0.17198234255086925 0.0885783571823442
vertex 0.464 -0.15437475230390743 0.07454963740789212
vertex 0.5026666666666667 -0.15437475230390743 0.07454963740789212
endloop
endfacet
facet normal 0 0 0
outer loop
vertex 0.464 -0.17198234255086925 0.0885783571823442
vertex 0.5026666666666667 -0.15437475230390743 0.07454963740789212
vertex 0.5026666666666667 -0.17198234255086925 0.0885783571823442
endloop
endfacet
facet normal 0 0 0
outer loop
vertex 0.464 -0.15437475230390743 0.07454963740789212
vertex 0.464 -0.13144545821877354 0.0637768701102651
vertex 0.5026666666666667 -0.13144545821877354 0.0637768701102651
endloop
endfacet
facet normal 0 0 0
outer loop
vertex 0.464 -0.15437475230390743 0.07454963740789212
vertex 0.5026666666666667 -0.13144545821877354 0.0637768701102651
vertex 0.5026666666666667 -0.15437475230390743 0.07454963740789212
endloop
endfacet
facet normal 0 0 0
outer loop
vertex 0.464 -0.13144545821877354 0.0637768701102651
vertex 0.464 -0.10252097144408619 0.05611821750234133
vertex 0.5026666666666667 -0.10252097144408619 0.05611821750234133
endloop
endfacet
facet normal 0 0 0
outer loop
vertex 0.464 -0.13144545821877354 0.0637768701102651
vertex 0.5026666666666667 -0.10252097144408619 0.05611821750234133
vertex 0.5026666666666667 -0.13144545821877354 0.0637768701102651
endloop
endfacet
facet normal 0 0 0
outer loop
vertex 0.464 -0.10252097144408619 0.05611821750234133
vertex 0.464 -0.0654249535104096 0.0515292916337699
vertex 0.5026666666666667 -0.0654249535104096 0.0515292916337699
endloop
endfacet
facet normal 0 0 0
outer loop
vertex 0.464 -0.10252097144408619 0.05611821750234133
vertex 0.5026666666666667 -0.0654249535104096 0.0515292916337699
vertex 0.5026666666666667 -0.10252097144408619 0.05611821750234133
endloop
endfacet
facet normal 0 0 0
outer loop
vertex 0.464 -0.0654249535104096 0.0515292916337699
vertex 0.464 -6.285227656641195e-12 0.04999999999999999
vertex 0.5026666666666667 -6.285227656641195e-12 0.04999999999999999
endloop
endfacet
facet normal 0 0 0
outer loop
vertex 0.464 -0.0654249535104096 0.0515292916337699
vertex 0.5026666666666667 -6.285227656641195e-12 0.04999999999999999
vertex 0.5026666666666667 -0.0654249535104096 0.0515292916337699
endloop
endfacet
facet normal 0 0 0
outer loop
vertex 0.464 -6.285227656641195e-12 0.04999999999999999
vertex 0.464 0.06542495351040951 0.05152929163376989
vertex 0.5026666666666667 0.06542495351040951 0.05152929163376989
endloop
endfacet
facet normal 0 0 0
outer loop
vertex 0.464 -6.285227656641195e-12 0.04999999999999999
vertex 0.5026666666666667 0.06542495351040951 0.05152929163376989
vertex 0.5026666666666667 -6.285227656641195e-12 0.04999999999999999
endloop
endfacet
facet normal 0 0 0
outer loop
vertex 0.464 0.06542495351040951 0.05152929163376989
vertex 0.464 0.10252097144408612 0.05611821750234133
vertex 0.5026666666666667 0.10252097144408612 0.05611821750234133
endloop
endfacet
facet normal 0 0 0
outer loop
vertex 0.464 0.06542495351040951 0.05152929163376989
vertex 0.5026666666666667 0.10252097144408612 0.05611821750234133
vertex 0.5026666666666667 0.06542495351040951 0.05152929163376989
endloop
endfacet
facet normal 0 0 0
outer loop
vertex 0.464 0.10252097144408612 0.05611821750234133
vertex 0.464 0.13144545821877351 0.06377687011026507
vertex 0.5026666666666667 0.13144545821877351 0.06377687011026507
endloop
endfacet
facet normal 0 0 0
outer loop
vertex 0.464 0.10252097144408612 0.05611821750234133
vertex 0.5026666666666667 0.13144545821877351 0.06377687011026507
vertex 0.5026666666666667 0.10252097144408612 0.05611821750234133
endloop
endfacet
facet normal 0 0 0
outer loop
vertex 0.464 0.13144545821877351 0.06377687011026507
vertex 0.464 0.15437475230390738 0.0745496374078921
vertex 0.5026666666666667 0.15437475230390738 0.0745496374078921
endloop
endfacet
facet normal 0 0 0
outer loop
vertex 0.464 0.13144545821877351 0.06377687011026507
vertex 0.5026666666666667 0.15437475230390738 0.0745496374078921
vertex 0.5026666666666667 0.13144545821877351 0.06377687011026507
endloop
endfacet
facet normal 0 0 0
outer loop
vertex 0.464 0.15437475230390738 0.0745496374078921
vertex 0.464 0.17198234255086922 0.08857835718234419
vertex 0.5026666666666667 0.17198234255086922 0.08857835718234419
endloop
endfacet
facet normal 0 0 0
outer loop
vertex 0.464 0.15437475230390738 0.0745496374078921
vertex 0.5026666666666667 0.17198234255086922 0.08857835718234419
vertex 0.5026666666666667 0.15437475230390738 0.0745496374078921
endloop
endfacet
facet normal 0 0 0
outer loop
vertex 0.464 0.17198234255086922 0.08857835718234419
vertex 0.464 0.18450005626718158 0.10627508687996781
vertex 0.5026666666666667 0.18450005626718158 0.10627508687996781
endloop
endfacet
facet normal 0 0 0
outer loop
vertex 0.464 0.17198234255086922 0.08857835718234419
vertex 0.5026666666666667 0.18450005626718158 0.10627508687996781
vertex 0.5026666666666667 0.17198234255086922 0.08857835718234419
endloop
endfacet
facet normal 0 0 0
outer loop
vertex 0.464 0.18450005626718158 0.10627508687996781
vertex 0.464 0.1920004435061492 0.12897136520442803
vertex 0.5026666666666667 0.1920004435061492 0.12897136520442803
endloop
endfacet
facet normal 0 0 0
outer loop
vertex 0.464 0.18450005626718158 0.10627508687996781
vertex 0.5026666666666667 0.1920004435061492 0.12897136520442803
vertex 0.5026666666666667 0.18450005626718158 0.10627508687996781
endloop
endfacet
facet normal 0 0 0
outer loop
vertex 0.464 0.1920004435061492 0.12897136520442803
vertex 0.464 0.1945 0.16899999999999998
vertex 0.5026666666666667 0.1945 0.16899999999999998
endloop
endfacet
facet normal 0 0 0
outer loop
vertex 0.464 0.1920004435061492 0.12897136520442803
vertex 0.5026666666666667 0.1945 0.16899999999999998
vertex 0.5026666666666667 0.1920004435061492 0.12897136520442803
endloop
endfacet
facet normal 0 0 0
outer loop
vertex 0.5026666666666667 0.1945 0.16899999999999998
vertex 0.5026666666666667 0.19200044350614923 0.20902863479557188
vertex 0.5413333333333333 0.19200044350614923 0.20902863479557188
endloop
endfacet
facet normal 0 0 0
outer loop
vertex 0.5026666666666667 0.1945 0.16899999999999998
vertex 0.5413333333333333 0.19200044350614923 0.20902863479557188
vertex 0.5413333333333333 0.1945 0.16899999999999998
endloop
endfacet
facet normal 0 0 0
outer loop
vertex 0.5026666666666667 0.19200044350614923 0.20902863479557188
vertex 0.5026666666666667 0.1845000562671816 0.23172491312003207
vertex 0.5413333333333333 0.1845000562671816 0.23172491312003207
endloop
endfacet
facet normal 0 0 0
outer loop
vertex 0.5026666666666667 0.19200044350614923 0.20902863479557188
vertex 0.5413333333333333 0.1845000562671816 0.23172491312003207
vertex 0.5413333333333333 0.19200044350614923 0.20902863479557188
endloop
endfacet
facet normal 0 0 0
outer loop
vertex 0.5026666666666667 0.1845000562671816 0.23172491312003207
vertex 0.5026666666666667 0.17198234255086922 0.24942164281765578
vertex 0.5413333333333333 0.17198234255086922 0.24942164281765578
endloop
endfacet
facet normal 0 0 0
outer loop
vertex 0.5026666666666667 0.1845000562671816 0.23172491312003207
vertex 0.5413333333333333 0.17198234255086922 0.24942164281765578
vertex 0.5413333333333333 0.1845000562671816 0.23172491312003207
endloop
endfacet
facet normal 0 0 0
outer loop
vertex 0.5026666666666667 0.17198234255086922 0.24942164281765578
vertex 0.5026666666666667 0.1543747523039074 0.26345036259210786
vertex 0.5413333333333333 0.1543747523039074 0.26345036259210786
endloop
endfacet
facet normal 0 0 0
outer loop
vertex 0.5026666666666667 0.17198234255086922 0.24942164281765578
vertex 0.5413333333333333 0.1543747523039074 0.26345036259210786
vertex 0.5413333333333333 0.17198234255086922 0.24942164281765578
endloop
endfacet
facet normal 0 0 0
outer loop
vertex 0.5026666666666667 0.1543747523039074 0.26345036259210786
vertex 0.5026666666666667 0.13144545821877357 0.27422312988973485
vertex 0.5413333333333333 0.13144545821877357 0.27422312988973485
endloop
endfacet
facet normal 0 0 0
outer loop
vertex 0.5026666666666667 0.1543747523039074 0.26345036259210786
vertex 0.5413333333333333 0.13144545821877357 0.27422312988973485
vertex 0.5413333333333333 0.1543747523039074 0.26345036259210786
endloop
endfacet
facet normal 0 0 0
outer loop
vertex 0.5026666666666667 0.13144545821877357 0.27422312988973485
vertex 0.5026666666666667 0.1025209714440861 0.28188178249765866
vertex 0.5413333333333333 0.1025209714440861 0.28188178249765866
endloop
endfacet
facet normal 0 0 0
outer loop
vertex 0.5026666666666667 0.13144545821877357 0.27422312988973485
vertex 0.5413333333333333 0.1025209714440861 0.28188178249765866
vertex 0.5413333333333333 0.13144545821877357 0.27422312988973485
endloop
endfacet
facet normal 0 0 0
outer loop
vertex 0.5026666666666667 0.1025209714440861 0.28188178249765866
vertex 0.5026666666666667 0.06542495351040951 0.28647070836623006
vertex 0.5413333333333333 0.06542495351040951 0.28647070836623006
endloop
endfacet
facet normal 0 0 0
outer loop
vertex 0.5026666666666667 0.1025209714440861 0.28188178249765866
vertex 0.5413333333333333 0.06542495351040951 0.28647070836623006
vertex 0.5413333333333333 0.1025209714440861 0.28188178249765866
endloop
endfacet
facet normal 0 0 0
outer loop
vertex 0.5026666666666667 0.06542495351040951 0.28647070836623006
vertex 0.5026666666666667 3.021622295691668e-12 0.288
vertex 0.5413333333333333 3.021622295691668e-12 0.288
endloop
endfacet
facet normal 0 0 0
outer loop
vertex 0.5026666666666667 0.06542495351040951 0.28647070836623006
vertex 0.5413333333333333 3.021622295691668e-12 0.288
vertex 0.5413333333333333 0.06542495351040951 0.28647070836623006
endloop
endfacet
facet normal 0 0 0
outer loop
vertex 0.5026666666666667 3.021622295691668e-12 0.288
vertex 0.5026666666666667 -0.06542495351040949 0.28647070836623006
vertex 0.5413333333333333 -0.06542495351040949 0.28647070836623006
endloop
endfacet
facet normal 0 0 0
outer loop
vertex 0.5026666666666667 3.021622295691668e-12 0.288
vertex 0.5413333333333333 -0.06542495351040949 0.28647070836623006
vertex 0.5413333333333333 3.021622295691668e-12 0.288
endloop
endfacet
facet normal 0 0 0
outer loop
vertex 0.5026666666666667 -0.06542495351040949 0.28647070836623006
vertex 0.5026666666666667 -0.10252097144408608 0.28188178249765866
vertex 0.5413333333333333 -0.10252097144408608 0.28188178249765866
endloop
endfacet
facet normal 0 0 0
outer loop
vertex 0.5026666666666667 -0.06542495351040949 0.28647070836623006
vertex 0.5413333333333333 -0.10252097144408608 0.28188178249765866
vertex 0.5413333333333333 -0.06542495351040949 0.28647070836623006
endloop
endfacet
facet normal 0 0 0
outer loop
vertex 0.5026666666666667 -0.10252097144408608 0.28188178249765866
vertex 0.5026666666666667 -0.13144545821877351 0.27422312988973485
vertex 0.5413333333333333 -0.13144545821877351 0.27422312988973485
endloop
endfacet
facet normal 0 0 0
outer loop
vertex 0.5026666666666667 -0.10252097144408608 0.28188178249765866
vertex 0.5413333333333333 -0.13144545821877351 0.27422312988973485
vertex 0.5413333333333333 -0.10252097144408608 0.28188178249765866
endloop
endfacet
facet normal 0 0 0
outer loop
vertex 0.5026666666666667 -0.13144545821877351 0.27422312988973485
vertex 0.5026666666666667 -0.1543747523039074 0.26345036259210786
vertex 0.5413333333333333 -0.1543747523039074 0.26345036259210786
endloop
endfacet
facet normal 0 0 0
outer loop
vertex 0.5026666666666667 -0.13144545821877351 0.27422312988973485
vertex 0.5413333333333333 -0.1543747523039074 0.26345036259210786
vertex 0.5413333333333333 -0.13144545821877351 0.27422312988973485
endloop
endfacet
facet normal 0 0 0
outer loop
vertex 0.5026666666666667 -0.1543747523039074 0.26345036259210786
vertex 0.5026666666666667 -0.17198234255086925 0.24942164281765578
vertex 0.5413333333333333 -0.17198234255086925 0.24942164281765578
endloop
endfacet
facet normal 0 0 0
outer loop
vertex 0.5026666666666667 -0.1543747523039074 0.26345036259210786
vertex 0.5413333333333333 -0.17198234255086925 0.24942164281765578
vertex 0.5413333333333333 -0.1543747523039074 0.26345036259210786
endloop
endfacet
facet normal 0 0 0
outer loop
vertex 0.5026666666666667 -0.17198234255086925 0.24942164281765578
vertex 0.5026666666666667 -0.1845000562671816 0.23172491312003207
vertex 0.5413333333333333 -0.1845000562671816 0.23172491312003207
endloop
endfacet
facet normal 0 0 0
outer loop
vertex 0.5026666666666667 -0.17198234255086925 0.24942164281765578
vertex 0.5413333333333333 -0.1845000562671816 0.23172491312003207
vertex 0.5413333333333333 -0.17198234255086925 0.24942164281765578
endloop
endfacet
facet normal 0 0 0
outer loop
vertex 0.5026666666666667 -0.1845000562671816 0.23172491312003207
vertex 0.5026666666666667 -0.19200044350614923 0.2090286347955719
vertex 0.5413333333333333 -0.19200044350614923 0.2090286347955719
endloop
endfacet
facet normal 0 0 0
outer loop
vertex 0.5026666666666667 -0.1845000562671816 0.23172491312003207
vertex 0.5413333333333333 -0.19200044350614923 0.2090286347955719
vertex 0.5413333333333333 -0.1845000562671816 0.23172491312003207
endloop
endfacet
facet normal 0 0 0
outer loop
vertex 0.5026666666666667 -0.19200044350614923 0.2090286347955719
vertex 0.5026666666666667 -0.1945 0.1690000000029346
vertex 0.5413333333333333 -0.1945 0.1690000000029346
endloop
endfacet
facet normal 0 0 0
outer loop
vertex 0.5026666666666667 -0.19200044350614923 0.2090286347955719
vertex 0.5413333333333333 -0.1945 0.1690000000029346
vertex 0.5413333333333333 -0.19200044350614923 0.2090286347955719
endloop
endfacet
facet normal 0 0 0
outer loop
vertex 0.5026666666666667 -0.1945 0.1690000000029346
vertex 0.5026666666666667 -0.19200044350614923 0.1289713652044281
vertex 0.5413333333333333 -0.19200044350614923 0.1289713652044281
endloop
endfacet
facet normal 0 0 0
outer loop
vertex 0.5026666666666667 -0.1945 0.1690000000029346
vertex 0.5413333333333333 -0.19200044350614923 0.1289713652044281
vertex 0.5413333333333333 -0.1945 0.1690000000029346
endloop
endfacet
facet normal 0 0 0
outer loop
vertex 0.5026666666666667 -0.19200044350614923 0.1289713652044281
vertex 0.5026666666666667 -0.18450005626718163 0.10627508687996788
vertex 0.5413333333333333 -0.18450005626718163 0.10627508687996788
endloop
endfacet
facet normal 0 0 0
outer loop
vertex 0.5026666666666667 -0.19200044350614923 0.1289713652044281
vertex 0.5413333333333333 -0.18450005626718163 0.10627508687996788
vertex 0.5413333333333333 -0.19200044350614923 0.1289713652044281
endloop
endfacet
facet normal 0 0 0
outer loop
vertex 0.5026666666666667 -0.18450005626718163 0.10627508687996788
vertex 0.5026666666666667 -0.17198234255086925 0.0885783571823442
vertex 0.5413333333333333 -0.17198234255086925 0.0885783571823442
endloop
endfacet
facet normal 0 0 0
outer loop
vertex 0.5026666666666667 -0.18450005626718163 0.10627508687996788
vertex 0.5413333333333333 -0.17198234255086925 0.0885783571823442
vertex 0.5413333333333333 -0.18450005626718163 0.10627508687996788
endloop
endfacet
facet normal 0 0 0
outer loop
vertex 0.5026666666666667 -0.17198234255086925 0.0885783571823442
vertex 0.5026666666666667 -0.15437475230390743 0.07454963740789212
vertex 0.5413333333333333 -0.15437475230390743 0.07454963740789212
endloop
endfacet
facet normal 0 0 0
outer loop
vertex 0.5026666666666667 -0.17198234255086925 0.0885783571823442
vertex 0.5413333333333333 -0.15437475230390743 0.07454963740789212
vertex 0.5413333333333333 -0.17198234255086925 0.0885783571823442
endloop
endfacet
facet normal 0 0 0
outer loop
vertex 0.5026666666666667 -0.15437475230390743 0.07454963740789212
vertex 0.5026666666666667 -0.13144545821877354 0.0637768701102651
vertex 0.5413333333333333 -0.13144545821877354 0.0637768701102651
endloop
endfacet
facet normal 0 0 0
outer loop
vertex 0.5026666666666667 -0.15437475230390743 0.07454963740789212
vertex 0.5413333333333333 -0.13144545821877354 0.0637768701102651
vertex 0.5413333333333333 -0.15437475230390743 0.07454963740789212
endloop
endfacet
facet normal 0 0 0
outer loop
vertex 0.5026666666666667 -0.13144545821877354 0.0637768701102651
vertex 0.5026666666666667 -0.10252097144408619 0.05611821750234133
vertex 0.5413333333333333 -0.10252097144408619 0.05611821750234133
endloop
endfacet
facet normal 0 0 0
outer loop
vertex 0.5026666666666667 -0.13144545821877354 0.0637768701102651
vertex 0.5413333333333333 -0.10252097144408619 0.05611821750234133
vertex 0.5413333333333333 -0.13144545821877354 0.0637768701102651
endloop
endfacet
facet normal 0 0 0
outer loop
vertex 0.5026666666666667 -0.10252097144408619 0.05611821750234133
vertex 0.5026666666666667 -0.0654249535104096 0.0515292916337699
vertex 0.5413333333333333 -0.0654249535104096 0.0515292916337699
endloop
endfacet
facet normal 0 0 0
outer loop
vertex 0.5026666666666667 -0.10252097144408619 0.05611821750234133
vertex 0.5413333333333333 -0.0654249535104096 0.0515292916337699
vertex 0.5413333333333333 -0.10252097144408619 0.05611821750234133
endloop
endfacet
facet normal 0 0 0
outer loop
vertex 0.5026666666666667 -0.0654249535104096 0.0515292916337699
vertex 0.5026666666666667 -6.285227656641195e-12 0.04999999999999999
vertex 0.5413333333333333 -6.285227656641195e-12 0.04999999999999999
endloop
endfacet
facet normal 0 0 0
outer loop
vertex 0.5026666666666667 -0.0654249535104096 0.0515292916337699
vertex 0.5413333333333333 -6.285227656641195e-12 0.04999999999999999
vertex 0.5413333333333333 -0.0654249535104096 0.0515292916337699
endloop
endfacet
facet normal 0 0 0
outer loop
vertex 0.5026666666666667 -6.285227656641195e-12 0.04999999999999999
vertex 0.5026666666666667 0.06542495351040951 0.05152929163376989
vertex 0.5413333333333333 0.06542495351040951 0.05152929163376989
endloop
endfacet
facet normal 0 0 0
outer loop
vertex 0.5026666666666667 -6.285227656641195e-12 0.04999999999999999
vertex 0.5413333333333333 0.06542495351040951 0.05152929163376989
vertex 0.5413333333333333 -6.285227656641195e-12 0.04999999999999999
endloop
endfacet
facet normal 0 0 0
outer loop
vertex 0.5026666666666667 0.06542495351040951 0.05152929163376989
vertex 0.5026666666666667 0.10252097144408612 0.05611821750234133
vertex 0.5413333333333333 0.10252097144408612 0.05611821750234133
endloop
endfacet
facet normal 0 0 0
outer loop
vertex 0.5026666666666667 0.06542495351040951 0.05152929163376989
vertex 0.5413333333333333 0.10252097144408612 0.05611821750234133
vertex 0.5413333333333333 0.06542495351040951 0.05152929163376989
endloop
endfacet
facet normal 0 0 0
outer loop
vertex 0.5026666666666667 0.10252097144408612 0.05611821750234133
vertex 0.5026666666666667 0.13144545821877351 0.06377687011026507
vertex 0.5413333333333333 0.13144545821877351 0.06377687011026507
endloop
endfacet
facet normal 0 0 0
outer loop
vertex 0.5026666666666667 0.10252097144408612 0.05611821750234133
vertex 0.5413333333333333 0.13144545821877351 0.06377687011026507
vertex 0.5413333333333333 0.10252097144408612 0.05611821750234133
endloop
endfacet
facet normal 0 0 0
outer loop
vertex 0.5026666666666667 0.13144545821877351 0.06377687011026507
vertex 0.5026666666666667 0.15437475230390738 0.0745496374078921
vertex 0.5413333333333333 0.15437475230390738 0.0745496374078921
endloop
endfacet
facet normal 0 0 0
outer loop
vertex 0.5026666666666667 0.13144545821877351 0.06377687011026507
vertex 0.5413333333333333 0.15437475230390738 0.0745496374078921
vertex 0.5413333333333333 0.13144545821877351 0.06377687011026507
endloop
endfacet
facet normal 0 0 0
outer loop
vertex 0.5026666666666667 0.15437475230390738 0.0745496374078921
vertex 0.5026666666666667 0.17198234255086922 0.08857835718234419
vertex 0.5413333333333333 0.17198234255086922 0.08857835718234419
endloop
endfacet
facet normal 0 0 0
outer loop
vertex 0.5026666666666667 0.15437475230390738 0.0745496374078921
vertex 0.5413333333333333 0.17198234255086922 0.08857835718234419
vertex 0.5413333333333333 0.15437475230390738 0.0745496374078921
endloop
endfacet
facet normal 0 0 0
outer loop
vertex 0.5026666666666667 0.17198234255086922 0.08857835718234419
vertex 0.5026666666666667 0.18450005626718158 0.10627508687996781
vertex 0.5413333333333333 0.18450005626718158 0.10627508687996781
endloop
endfacet
facet normal 0 0 0
outer loop
vertex 0.5026666666666667 0.17198234255086922 0.08857835718234419
vertex 0.5413333333333333 0.18450005626718158 0.10627508687996781
vertex 0.5413333333333333 0.17198234255086922 0.08857835718234419
endloop
endfacet
facet normal 0 0 0
outer loop
vertex 0.5026666666666667 0.18450005626718158 0.10627508687996781
vertex 0.5026666666666667 0.1920004435061492 0.12897136520442803
vertex 0.5413333333333333 0.1920004435061492 0.12897136520442803
endloop
endfacet
facet normal 0 0 0
outer loop
vertex 0.5026666666666667 0.18450005626718158 0.10627508687996781
vertex 0.5413333333333333 0.1920004435061492 0.12897136520442803
vertex 0.5413333333333333 0.18450005626718158 0.10627508687996781
endloop
endfacet
facet normal 0 0 0
outer loop
vertex 0.5026666666666667 0.1920004435061492 0.12897136520442803
vertex 0.5026666666666667 0.1945 0.16899999999999998
vertex 0.5413333333333333 0.1945 0.16899999999999998
endloop
endfacet
facet normal 0 0 0
outer loop
vertex 0.5026666666666667 0.1920004435061492 0.12897136520442803
vertex 0.5413333333333333 0.1945 0.16899999999999998
vertex 0.5413333333333333 0.1920004435061492 0.12897136520442803
endloop
endfacet
facet normal 0 0 0
outer loop
vertex 0.5413333333333333 0.1945 0.16899999999999998
vertex 0.5413333333333333 0.19200044350614923 0.20902863479557188
vertex 0.5800000000000001 0.19200044350614923 0.19968120576980175
endloop
endfacet
facet normal 0 0 0
outer loop
vertex 0.5413333333333333 0.1945 0.16899999999999998
vertex 0.5800000000000001 0.19200044350614923 0.19968120576980175
vertex 0.5800000000000001 0.1945 0.162005385127675
endloop
endfacet
facet normal 0 0 0
outer loop
vertex 0.5413333333333333 0.19200044350614923 0.20902863479557188
vertex 0.5413333333333333 0.1845000562671816 0.23172491312003207
vertex 0.5800000000000001 0.1845000562671816 0.22104343597733175
endloop
endfacet
facet normal 0 0 0
outer loop
vertex 0.5413333333333333 0.19200044350614923 0.20902863479557188
vertex 0.5800000000000001 0.1845000562671816 0.22104343597733175
vertex 0.5800000000000001 0.19200044350614923 0.19968120576980175
endloop
endfacet
facet normal 0 0 0
outer loop
vertex 0.5413333333333333 0.1845000562671816 0.23172491312003207
vertex 0.5413333333333333 0.17198234255086922 0.24942164281765578
vertex 0.5800000000000001 0.17198234255086922 0.23769998240827883
endloop
endfacet
facet normal 0 0 0
outer loop
vertex 0.5413333333333333 0.1845000562671816 0.23172491312003207
vertex 0.5800000000000001 0.17198234255086922 0.23769998240827883
vertex 0.5800000000000001 0.1845000562671816 0.22104343597733175
endloop
endfacet
facet normal 0 0 0
outer loop
vertex 0.5413333333333333 0.17198234255086922 0.24942164281765578
vertex 0.5413333333333333 0.1543747523039074 0.26345036259210786
vertex 0.5800000000000001 0.1543747523039074 0.25090411821656233
endloop
endfacet
facet normal 0 0 0
outer loop
vertex 0.5413333333333333 0.17198234255086922 0.24942164281765578
vertex 0.5800000000000001 0.1543747523039074 0.25090411821656233
vertex 0.5800000000000001 0.17198234255086922 0.23769998240827883
endloop
endfacet
facet normal 0 0 0
outer loop
vertex 0.5413333333333333 0.1543747523039074 0.26345036259210786
vertex 0.5413333333333333 0.13144545821877357 0.27422312988973485
vertex 0.5800000000000001 0.13144545821877357 0.2610436808221215
endloop
endfacet
facet normal 0 0 0
outer loop
vertex 0.5413333333333333 0.1543747523039074 0.26345036259210786
vertex 0.5800000000000001 0.13144545821877357 0.2610436808221215
vertex 0.5800000000000001 0.1543747523039074 0.25090411821656233
endloop
endfacet
facet normal 0 0 0
outer loop
vertex 0.5413333333333333 0.13144545821877357 0.27422312988973485
vertex 0.5413333333333333 0.1025209714440861 0.28188178249765866
vertex 0.5800000000000001 0.1025209714440861 0.2682521710314456
endloop
endfacet
facet normal 0 0 0
outer loop
vertex 0.5413333333333333 0.13144545821877357 0.27422312988973485
vertex 0.5800000000000001 0.1025209714440861 0.2682521710314456
vertex 0.5800000000000001 0.13144545821877357 0.2610436808221215
endloop
endfacet
facet normal 0 0 0
outer loop
vertex 0.5413333333333333 0.1025209714440861 0.28188178249765866
vertex 0.5413333333333333 0.06542495351040951 0.28647070836623006
vertex 0.5800000000000001 0.06542495351040951 0.2725713677476784
endloop
endfacet
facet normal 0 0 0
outer loop
vertex 0.5413333333333333 0.1025209714440861 0.28188178249765866
vertex 0.5800000000000001 0.06542495351040951 0.2725713677476784
vertex 0.5800000000000001 0.1025209714440861 0.2682521710314456
endloop
endfacet
facet normal 0 0 0
outer loop
vertex 0.5413333333333333 0.06542495351040951 0.28647070836623006
vertex 0.5413333333333333 3.021622295691668e-12 0.288
vertex 0.5800000000000001 3.021622295691668e-12 0.27401077025535003
endloop
endfacet
facet normal 0 0 0
outer loop
vertex 0.5413333333333333 0.06542495351040951 0.28647070836623006
vertex 0.5800000000000001 3.021622295691668e-12 0.27401077025535003
vertex 0.5800000000000001 0.06542495351040951 0.2725713677476784
endloop
endfacet
facet normal 0 0 0
outer loop
vertex 0.5413333333333333 3.021622295691668e-12 0.288
vertex 0.5413333333333333 -0.06542495351040949 0.28647070836623006
vertex 0.5800000000000001 -0.06542495351040949 0.2725713677476784
endloop
endfacet
facet normal 0 0 0
outer loop
vertex 0.5413333333333333 3.021622295691668e-12 0.288
vertex 0.5800000000000001 -0.06542495351040949 0.2725713677476784
vertex 0.5800000000000001 3.021622295691668e-12 0.27401077025535003
endloop
endfacet
facet normal 0 0 0
outer loop
vertex 0.5413333333333333 -0.06542495351040949 0.28647070836623006
vertex 0.5413333333333333 -0.10252097144408608 0.28188178249765866
vertex 0.5800000000000001 -0.10252097144408608 0.2682521710314456
endloop
endfacet
facet normal 0 0 0
outer loop
vertex 0.5413333333333333 -0.06542495351040949 0.28647070836623006
vertex 0.5800000000000001 -0.10252097144408608 0.2682521710314456
vertex 0.5800000000000001 -0.06542495351040949 0.2725713677476784
endloop
endfacet
facet normal 0 0 0
outer loop
vertex 0.5413333333333333 -0.10252097144408608 0.28188178249765866
vertex 0.5413333333333333 -0.13144545821877351 0.27422312988973485
vertex 0.5800000000000001 -0.13144545821877351 0.2610436808221215
endloop
endfacet
facet normal 0 0 0
outer loop
vertex 0.5413333333333333 -0.10252097144408608 0.28188178249765866
vertex 0.5800000000000001 -0.13144545821877351 0.2610436808221215
vertex 0.5800000000000001 -0.10252097144408608 0.2682521710314456
endloop
endfacet
facet normal 0 0 0
outer loop
vertex 0.5413333333333333 -0.13144545821877351 0.27422312988973485
vertex 0.5413333333333333 -0.1543747523039074 0.26345036259210786
vertex 0.5800000000000001 -0.1543747523039074 0.25090411821656233
endloop
endfacet
facet normal 0 0 0
outer loop
vertex 0.5413333333333333 -0.13144545821877351 0.27422312988973485
vertex 0.5800000000000001 -0.1543747523039074 0.25090411821656233
vertex 0.5800000000000001 -0.13144545821877351 0.2610436808221215
endloop
endfacet
facet normal 0 0 0
outer loop
vertex 0.5413333333333333 -0.1543747523039074 0.26345036259210786
vertex 0.5413333333333333 -0.17198234255086925 0.24942164281765578
vertex 0.5800000000000001 -0.17198234255086925 0.23769998240827883
endloop
endfacet
facet normal 0 0 0
outer loop
vertex 0.5413333333333333 -0.1543747523039074 0.26345036259210786
vertex 0.5800000000000001 -0.17198234255086925 0.23769998240827883
vertex 0.5800000000000001 -0.1543747523039074 0.25090411821656233
endloop
endfacet
facet normal 0 0 0
outer loop
vertex 0.5413333333333333 -0.17198234255086925 0.24942164281765578
vertex 0.5413333333333333 -0.1845000562671816 0.23172491312003207
vertex 0.5800000000000001 -0.1845000562671816 0.22104343597733175
endloop
endfacet
facet normal 0 0 0
outer loop
vertex 0.5413333333333333 -0.17198234255086925 0.24942164281765578
vertex 0.5800000000000001 -0.1845000562671816 0.22104343597733175
vertex 0.5800000000000001 -0.17198234255086925 0.23769998240827883
endloop
endfacet
facet normal 0 0 0
outer loop
vertex 0.5413333333333333 -0.1845000562671816 0.23172491312003207
vertex 0.5413333333333333 -0.19200044350614923 0.2090286347955719
vertex 0.5800000000000001 -0.19200044350614923 0.1996812057698018
endloop
endfacet
facet normal 0 0 0
outer loop
vertex 0.5413333333333333 -0.1845000562671816 0.23172491312003207
vertex 0.5800000000000001 -0.19200044350614923 0.1996812057698018
vertex 0.5800000000000001 -0.1845000562671816 0.22104343597733175
endloop
endfacet
facet normal 0 0 0
outer loop
vertex 0.5413333333333333 -0.19200044350614923 0.2090286347955719
vertex 0.5413333333333333 -0.1945 0.1690000000029346
vertex 0.5800000000000001 -0.1945 0.16200538513043716
endloop
endfacet
facet normal 0 0 0
outer loop
vertex 0.5413333333333333 -0.19200044350614923 0.2090286347955719
vertex 0.5800000000000001 -0.1945 0.16200538513043716
vertex 0.5800000000000001 -0.19200044350614923 0.1996812057698018
endloop
endfacet
facet normal 0 0 0
outer loop
vertex 0.5413333333333333 -0.1945 0.1690000000029346
vertex 0.5413333333333333 -0.19200044350614923 0.1289713652044281
vertex 0.5800000000000001 -0.19200044350614923 0.12432956448554826
endloop
endfacet
facet normal 0 0 0
outer loop
vertex 0.5413333333333333 -0.1945 0.1690000000029346
vertex 0.5800000000000001 -0.19200044350614923 0.12432956448554826
vertex 0.5800000000000001 -0.1945 0.16200538513043716
endloop
endfacet
facet normal 0 0 0
outer loop
vertex 0.5413333333333333 -0.19200044350614923 0.1289713652044281
vertex 0.5413333333333333 -0.18450005626718163 0.10627508687996788
vertex 0.5800000000000001 -0.18450005626718163 0.10296733427801827
endloop
endfacet
facet normal 0 0 0
outer loop
vertex 0.5413333333333333 -0.19200044350614923 0.1289713652044281
vertex 0.5800000000000001 -0.18450005626718163 0.10296733427801827
vertex 0.5800000000000001 -0.19200044350614923 0.12432956448554826
endloop
endfacet
facet normal 0 0 0
outer loop
vertex 0.5413333333333333 -0.18450005626718163 0.10627508687996788
vertex 0.5413333333333333 -0.17198234255086925 0.0885783571823442
vertex 0.5800000000000001 -0.17198234255086925 0.08631078784707119
endloop
endfacet
facet normal 0 0 0
outer loop
vertex 0.5413333333333333 -0.18450005626718163 0.10627508687996788
vertex 0.5800000000000001 -0.17198234255086925 0.08631078784707119
vertex 0.5800000000000001 -0.18450005626718163 0.10296733427801827
endloop
endfacet
facet normal 0 0 0
outer loop
vertex 0.5413333333333333 -0.17198234255086925 0.0885783571823442
vertex 0.5413333333333333 -0.15437475230390743 0.07454963740789212
vertex 0.5800000000000001 -0.15437475230390743 0.07310665203878769
endloop
endfacet
facet normal 0 0 0
outer loop
vertex 0.5413333333333333 -0.17198234255086925 0.0885783571823442
vertex 0.5800000000000001 -0.15437475230390743 0.07310665203878769
vertex 0.5800000000000001 -0.17198234255086925 0.08631078784707119
endloop
endfacet
facet normal 0 0 0
outer loop
vertex 0.5413333333333333 -0.15437475230390743 0.07454963740789212
vertex 0.5413333333333333 -0.13144545821877354 0.0637768701102651
vertex 0.5800000000000001 -0.13144545821877354 0.06296708943322854
endloop
endfacet
facet normal 0 0 0
outer loop
vertex 0.5413333333333333 -0.15437475230390743 0.07454963740789212
vertex 0.5800000000000001 -0.13144545821877354 0.06296708943322854
vertex 0.5800000000000001 -0.15437475230390743 0.07310665203878769
endloop
endfacet
facet normal 0 0 0
outer loop
vertex 0.5413333333333333 -0.13144545821877354 0.0637768701102651
vertex 0.5413333333333333 -0.10252097144408619 0.05611821750234133
vertex 0.5800000000000001 -0.10252097144408619 0.0557585992239044
endloop
endfacet
facet normal 0 0 0
outer loop
vertex 0.5413333333333333 -0.13144545821877354 0.0637768701102651
vertex 0.5800000000000001 -0.10252097144408619 0.0557585992239044
vertex 0.5800000000000001 -0.13144545821877354 0.06296708943322854
endloop
endfacet
facet normal 0 0 0
outer loop
vertex 0.5413333333333333 -0.10252097144408619 0.05611821750234133
vertex 0.5413333333333333 -0.0654249535104096 0.0515292916337699
vertex 0.5800000000000001 -0.0654249535104096 0.051439402507671664
endloop
endfacet
facet normal 0 0 0
outer loop
vertex 0.5413333333333333 -0.10252097144408619 0.05611821750234133
vertex 0.5800000000000001 -0.0654249535104096 0.051439402507671664
vertex 0.5800000000000001 -0.10252097144408619 0.0557585992239044
endloop
endfacet
facet normal 0 0 0
outer loop
vertex 0.5413333333333333 -0.0654249535104096 0.0515292916337699
vertex 0.5413333333333333 -6.285227656641195e-12 0.04999999999999999
vertex 0.5800000000000001 -6.285227656641195e-12 0.04999999999999999
endloop
endfacet
facet normal 0 0 0
outer loop
vertex 0.5413333333333333 -0.0654249535104096 0.0515292916337699
vertex 0.5800000000000001 -6.285227656641195e-12 0.04999999999999999
vertex 0.5800000000000001 -0.0654249535104096 0.051439402507671664
endloop
endfacet
facet normal 0 0 0
outer loop
vertex 0.5413333333333333 -6.285227656641195e-12 0.04999999999999999
vertex 0.5413333333333333 0.06542495351040951 0.05152929163376989
vertex 0.5800000000000001 0.06542495351040951 0.05143940250767165
endloop
endfacet
facet normal 0 0 0
outer loop
vertex 0.5413333333333333 -6.285227656641195e-12 0.04999999999999999
vertex 0.5800000000000001 0.06542495351040951 0.05143940250767165
vertex 0.5800000000000001 -6.285227656641195e-12 0.04999999999999999
endloop
endfacet
facet normal 0 0 0
outer loop
vertex 0.5413333333333333 0.06542495351040951 0.05152929163376989
vertex 0.5413333333333333 0.10252097144408612 0.05611821750234133
vertex 0.5800000000000001 0.10252097144408612 0.0557585992239044
endloop
endfacet
facet normal 0 0 0
outer loop
vertex 0.5413333333333333 0.06542495351040951 0.05152929163376989
vertex 0.5800000000000001 0.10252097144408612 0.0557585992239044
vertex 0.5800000000000001 0.06542495351040951 0.05143940250767165
endloop
endfacet
facet normal 0 0 0
outer loop
vertex 0.5413333333333333 0.10252097144408612 0.05611821750234133
vertex 0.5413333333333333 0.13144545821877351 0.06377687011026507
vertex 0.5800000000000001 0.13144545821877351 0.06296708943322853
endloop
endfacet
facet normal 0 0 0
outer loop
vertex 0.5413333333333333 0.10252097144408612 0.05611821750234133
vertex 0.5800000000000001 0.13144545821877351 0.06296708943322853
vertex 0.5800000000000001 0.10252097144408612 0.0557585992239044
endloop
endfacet
facet normal 0 0 0
outer loop
vertex 0.5413333333333333 0.13144545821877351 0.06377687011026507
vertex 0.5413333333333333 0.15437475230390738 0.0745496374078921
vertex 0.5800000000000001 0.15437475230390738 0.07310665203878766
endloop
endfacet
facet normal 0 0 0
outer loop
vertex 0.5413333333333333 0.13144545821877351 0.06377687011026507
vertex 0.5800000000000001 0.15437475230390738 0.07310665203878766
vertex 0.5800000000000001 0.13144545821877351 0.06296708943322853
endloop
endfacet
facet normal 0 0 0
outer loop
vertex 0.5413333333333333 0.15437475230390738 0.0745496374078921
vertex 0.5413333333333333 0.17198234255086922 0.08857835718234419
vertex 0.5800000000000001 0.17198234255086922 0.08631078784707118
endloop
endfacet
facet normal 0 0 0
outer loop
vertex 0.5413333333333333 0.15437475230390738 0.0745496374078921
vertex 0.5800000000000001 0.17198234255086922 0.08631078784707118
vertex 0.5800000000000001 0.15437475230390738 0.07310665203878766
endloop
endfacet
facet normal 0 0 0
outer loop
vertex 0.5413333333333333 0.17198234255086922 0.08857835718234419
vertex 0.5413333333333333 0.18450005626718158 0.10627508687996781
vertex 0.5800000000000001 0.18450005626718158 0.10296733427801821
endloop
endfacet
facet normal 0 0 0
outer loop
vertex 0.5413333333333333 0.17198234255086922 0.08857835718234419
vertex 0.5800000000000001 0.18450005626718158 0.10296733427801821
vertex 0.5800000000000001 0.17198234255086922 0.08631078784707118
endloop
endfacet
facet normal 0 0 0
outer loop
vertex 0.5413333333333333 0.18450005626718158 0.10627508687996781
vertex 0.5413333333333333 0.1920004435061492 0.12897136520442803
vertex 0.5800000000000001 0.1920004435061492 0.12432956448554822
endloop
endfacet
facet normal 0 0 0
outer loop
vertex 0.5413333333333333 0.18450005626718158 0.10627508687996781
vertex 0.5800000000000001 0.1920004435061492 0.12432956448554822
vertex 0.5800000000000001 0.18450005626718158 0.10296733427801821
endloop
endfacet
facet normal 0 0 0
outer loop
vertex 0.5413333333333333 0.1920004435061492 0.12897136520442803
vertex 0.5413333333333333 0.1945 0.16899999999999998
vertex 0.5800000000000001 0.1945 0.162005385127675
endloop
endfacet
facet normal 0 0 0
outer loop
vertex 0.5413333333333333 0.1920004435061492 0.12897136520442803
vertex 0.5800000000000001 0.1945 0.162005385127675
vertex 0.5800000000000001 0.1920004435061492 0.12432956448554822
endloop
endfacet
facet normal 0 0 0
outer loop
vertex 0.5800000000000001 0.1945 0.162005385127675
vertex 0.5800000000000001 0.19200044350614923 0.19968120576980175
vertex 0.6186666666666667 0.19200044350614923 0.18763340835880915
endloop
endfacet
facet normal 0 0 0
outer loop
vertex 0.5800000000000001 0.1945 0.162005385127675
vertex 0.6186666666666667 0.19200044350614923 0.18763340835880915
vertex 0.6186666666666667 0.1945 0.15299010373667837
endloop
endfacet
facet normal 0 0 0
outer loop
vertex 0.5800000000000001 0.19200044350614923 0.19968120576980175
vertex 0.5800000000000001 0.1845000562671816 0.22104343597733175
vertex 0.6186666666666667 0.1845000562671816 0.20727619877118464
endloop
endfacet
facet normal 0 0 0
outer loop
vertex 0.5800000000000001 0.19200044350614923 0.19968120576980175
vertex 0.6186666666666667 0.1845000562671816 0.20727619877118464
vertex 0.6186666666666667 0.19200044350614923 0.18763340835880915
endloop
endfacet
facet normal 0 0 0
outer loop
vertex 0.5800000000000001 0.1845000562671816 0.22104343597733175
vertex 0.5800000000000001 0.17198234255086922 0.23769998240827883
vertex 0.6186666666666667 0.17198234255086922 0.22259206454730412
endloop
endfacet
facet normal 0 0 0
outer loop
vertex 0.5800000000000001 0.1845000562671816 0.22104343597733175
vertex 0.6186666666666667 0.17198234255086922 0.22259206454730412
vertex 0.6186666666666667 0.1845000562671816 0.20727619877118464
endloop
endfacet
facet normal 0 0 0
outer loop
vertex 0.5800000000000001 0.17198234255086922 0.23769998240827883
vertex 0.5800000000000001 0.1543747523039074 0.25090411821656233
vertex 0.6186666666666667 0.1543747523039074 0.234733403243637
endloop
endfacet
facet normal 0 0 0
outer loop
vertex 0.5800000000000001 0.17198234255086922 0.23769998240827883
vertex 0.6186666666666667 0.1543747523039074 0.234733403243637
vertex 0.6186666666666667 0.17198234255086922 0.22259206454730412
endloop
endfacet
facet normal 0 0 0
outer loop
vertex 0.5800000000000001 0.1543747523039074 0.25090411821656233
vertex 0.5800000000000001 0.13144545821877357 0.2610436808221215
vertex 0.6186666666666667 0.13144545821877357 0.24405683535719752
endloop
endfacet
facet normal 0 0 0
outer loop
vertex 0.5800000000000001 0.1543747523039074 0.25090411821656233
vertex 0.6186666666666667 0.13144545821877357 0.24405683535719752
vertex 0.6186666666666667 0.1543747523039074 0.234733403243637
endloop
endfacet
facet normal 0 0 0
outer loop
vertex 0.5800000000000001 0.13144545821877357 0.2610436808221215
vertex 0.5800000000000001 0.1025209714440861 0.2682521710314456
vertex 0.6186666666666667 0.1025209714440861 0.25068511625277107
endloop
endfacet
facet normal 0 0 0
outer loop
vertex 0.5800000000000001 0.13144545821877357 0.2610436808221215
vertex 0.6186666666666667 0.1025209714440861 0.25068511625277107
vertex 0.6186666666666667 0.13144545821877357 0.24405683535719752
endloop
endfacet
facet normal 0 0 0
outer loop
vertex 0.5800000000000001 0.1025209714440861 0.2682521710314456
vertex 0.5800000000000001 0.06542495351040951 0.2725713677476784
vertex 0.6186666666666667 0.06542495351040951 0.254656662061545
endloop
endfacet
facet normal 0 0 0
outer loop
vertex 0.5800000000000001 0.1025209714440861 0.2682521710314456
vertex 0.6186666666666667 0.06542495351040951 0.254656662061545
vertex 0.6186666666666667 0.1025209714440861 0.25068511625277107
endloop
endfacet
facet normal 0 0 0
outer loop
vertex 0.5800000000000001 0.06542495351040951 0.2725713677476784
vertex 0.5800000000000001 3.021622295691668e-12 0.27401077025535003
vertex 0.6186666666666667 3.021622295691668e-12 0.25598020747335676
endloop
endfacet
facet normal 0 0 0
outer loop
vertex 0.5800000000000001 0.06542495351040951 0.2725713677476784
vertex 0.6186666666666667 3.021622295691668e-12 0.25598020747335676
vertex 0.6186666666666667 0.06542495351040951 0.254656662061545
endloop
endfacet
facet normal 0 0 0
outer loop
vertex 0.5800000000000001 3.021622295691668e-12 0.27401077025535003
vertex 0.5800000000000001 -0.06542495351040949 0.2725713677476784
vertex 0.6186666666666667 -0.06542495351040949 0.254656662061545
endloop
endfacet
facet normal 0 0 0
outer loop
vertex 0.5800000000000001 3.021622295691668e-12 0.27401077025535003
vertex 0.6186666666666667 -0.06542495351040949 0.254656662061545
vertex 0.6186666666666667 3.021622295691668e-12 0.25598020747335676
endloop
endfacet
facet normal 0 0 0
outer loop
vertex 0.5800000000000001 -0.06542495351040949 0.2725713677476784
vertex 0.5800000000000001 -0.10252097144408608 0.2682521710314456
vertex 0.6186666666666667 -0.10252097144408608 0.25068511625277107
endloop
endfacet
facet normal 0 0 0
outer loop
vertex 0.5800000000000001 -0.06542495351040949 0.2725713677476784
vertex 0.6186666666666667 -0.10252097144408608 0.25068511625277107
vertex 0.6186666666666667 -0.06542495351040949 0.254656662061545
endloop
endfacet
facet normal 0 0 0
outer loop
vertex 0.5800000000000001 -0.10252097144408608 0.2682521710314456
vertex 0.5800000000000001 -0.13144545821877351 0.2610436808221215
vertex 0.6186666666666667 -0.13144545821877351 0.24405683535719755
endloop
endfacet
facet normal 0 0 0
outer loop
vertex 0.5800000000000001 -0.10252097144408608 0.2682521710314456
vertex 0.6186666666666667 -0.13144545821877351 0.24405683535719755
vertex 0.6186666666666667 -0.10252097144408608 0.25068511625277107
endloop
endfacet
facet normal 0 0 0
outer loop
vertex 0.5800000000000001 -0.13144545821877351 0.2610436808221215
vertex 0.5800000000000001 -0.1543747523039074 0.25090411821656233
vertex 0.6186666666666667 -0.1543747523039074 0.234733403243637
endloop
endfacet
facet normal 0 0 0
outer loop
vertex 0.5800000000000001 -0.13144545821877351 0.2610436808221215
vertex 0.6186666666666667 -0.1543747523039074 0.234733403243637
vertex 0.6186666666666667 -0.13144545821877351 0.24405683535719755
endloop
endfacet
facet normal 0 0 0
outer loop
vertex 0.5800000000000001 -0.1543747523039074 0.25090411821656233
vertex 0.5800000000000001 -0.17198234255086925 0.23769998240827883
vertex 0.6186666666666667 -0.17198234255086925 0.22259206454730412
endloop
endfacet
facet normal 0 0 0
outer loop
vertex 0.5800000000000001 -0.1543747523039074 0.25090411821656233
vertex 0.6186666666666667 -0.17198234255086925 0.22259206454730412
vertex 0.6186666666666667 -0.1543747523039074 0.234733403243637
endloop
endfacet
facet normal 0 0 0
outer loop
vertex 0.5800000000000001 -0.17198234255086925 0.23769998240827883
vertex 0.5800000000000001 -0.1845000562671816 0.22104343597733175
vertex 0.6186666666666667 -0.1845000562671816 0.20727619877118464
endloop
endfacet
facet normal 0 0 0
outer loop
vertex 0.5800000000000001 -0.17198234255086925 0.23769998240827883
vertex 0.6186666666666667 -0.1845000562671816 0.20727619877118464
vertex 0.6186666666666667 -0.17198234255086925 0.22259206454730412
endloop
endfacet
facet normal 0 0 0
outer loop
vertex 0.5800000000000001 -0.1845000562671816 0.22104343597733175
vertex 0.5800000000000001 -0.19200044350614923 0.1996812057698018
vertex 0.6186666666666667 -0.19200044350614923 0.18763340835880918
endloop
endfacet
facet normal 0 0 0
outer loop
vertex 0.5800000000000001 -0.1845000562671816 0.22104343597733175
vertex 0.6186666666666667 -0.19200044350614923 0.18763340835880918
vertex 0.6186666666666667 -0.1845000562671816 0.20727619877118464
endloop
endfacet
facet normal 0 0 0
outer loop
vertex 0.5800000000000001 -0.19200044350614923 0.1996812057698018
vertex 0.5800000000000001 -0.1945 0.16200538513043716
vertex 0.6186666666666667 -0.1945 0.1529901037392182
endloop
endfacet
facet normal 0 0 0
outer loop
vertex 0.5800000000000001 -0.19200044350614923 0.1996812057698018
vertex 0.6186666666666667 -0.1945 0.1529901037392182
vertex 0.6186666666666667 -0.19200044350614923 0.18763340835880918
endloop
endfacet
facet normal 0 0 0
outer loop
vertex 0.5800000000000001 -0.1945 0.16200538513043716
vertex 0.5800000000000001 -0.19200044350614923 0.12432956448554826
vertex 0.6186666666666667 -0.19200044350614923 0.1183467991145476
endloop
endfacet
facet normal 0 0 0
outer loop
vertex 0.5800000000000001 -0.1945 0.16200538513043716
vertex 0.6186666666666667 -0.19200044350614923 0.1183467991145476
vertex 0.6186666666666667 -0.1945 0.1529901037392182
endloop
endfacet
facet normal 0 0 0
outer loop
vertex 0.5800000000000001 -0.19200044350614923 0.12432956448554826
vertex 0.5800000000000001 -0.18450005626718163 0.10296733427801827
vertex 0.6186666666666667 -0.18450005626718163 0.09870400870217211
endloop
endfacet
facet normal 0 0 0
outer loop
vertex 0.5800000000000001 -0.19200044350614923 0.12432956448554826
vertex 0.6186666666666667 -0.18450005626718163 0.09870400870217211
vertex 0.6186666666666667 -0.19200044350614923 0.1183467991145476
endloop
endfacet
facet normal 0 0 0
outer loop
vertex 0.5800000000000001 -0.18450005626718163 0.10296733427801827
vertex 0.5800000000000001 -0.17198234255086925 0.08631078784707119
vertex 0.6186666666666667 -0.17198234255086925 0.08338814292605262
endloop
endfacet
facet normal 0 0 0
outer loop
vertex 0.5800000000000001 -0.18450005626718163 0.10296733427801827
vertex 0.6186666666666667 -0.17198234255086925 0.08338814292605262
vertex 0.6186666666666667 -0.18450005626718163 0.09870400870217211
endloop
endfacet
facet normal 0 0 0
outer loop
vertex 0.5800000000000001 -0.17198234255086925 0.08631078784707119
vertex 0.5800000000000001 -0.15437475230390743 0.07310665203878769
vertex 0.6186666666666667 -0.15437475230390743 0.07124680422971975
endloop
endfacet
facet normal 0 0 0
outer loop
vertex 0.5800000000000001 -0.17198234255086925 0.08631078784707119
vertex 0.6186666666666667 -0.15437475230390743 0.07124680422971975
vertex 0.6186666666666667 -0.17198234255086925 0.08338814292605262
endloop
endfacet
facet normal 0 0 0
outer loop
vertex 0.5800000000000001 -0.15437475230390743 0.07310665203878769
vertex 0.5800000000000001 -0.13144545821877354 0.06296708943322854
vertex 0.6186666666666667 -0.13144545821877354 0.06192337211615921
endloop
endfacet
facet normal 0 0 0
outer loop
vertex 0.5800000000000001 -0.15437475230390743 0.07310665203878769
vertex 0.6186666666666667 -0.13144545821877354 0.06192337211615921
vertex 0.6186666666666667 -0.15437475230390743 0.07124680422971975
endloop
endfacet
facet normal 0 0 0
outer loop
vertex 0.5800000000000001 -0.13144545821877354 0.06296708943322854
vertex 0.5800000000000001 -0.10252097144408619 0.0557585992239044
vertex 0.6186666666666667 -0.10252097144408619 0.05529509122058568
endloop
endfacet
facet normal 0 0 0
outer loop
vertex 0.5800000000000001 -0.13144545821877354 0.06296708943322854
vertex 0.6186666666666667 -0.10252097144408619 0.05529509122058568
vertex 0.6186666666666667 -0.13144545821877354 0.06192337211615921
endloop
endfacet
facet normal 0 0 0
outer loop
vertex 0.5800000000000001 -0.10252097144408619 0.0557585992239044
vertex 0.5800000000000001 -0.0654249535104096 0.051439402507671664
vertex 0.6186666666666667 -0.0654249535104096 0.051323545411811736
endloop
endfacet
facet normal 0 0 0
outer loop
vertex 0.5800000000000001 -0.10252097144408619 0.0557585992239044
vertex 0.6186666666666667 -0.0654249535104096 0.051323545411811736
vertex 0.6186666666666667 -0.10252097144408619 0.05529509122058568
endloop
endfacet
facet normal 0 0 0
outer loop
vertex 0.5800000000000001 -0.0654249535104096 0.051439402507671664
vertex 0.5800000000000001 -6.285227656641195e-12 0.04999999999999999
vertex 0.6186666666666667 -6.285227656641195e-12 0.04999999999999999
endloop
endfacet
facet normal 0 0 0
outer loop
vertex 0.5800000000000001 -0.0654249535104096 0.051439402507671664
vertex 0.6186666666666667 -6.285227656641195e-12 0.04999999999999999
vertex 0.6186666666666667 -0.0654249535104096 0.051323545411811736
endloop
endfacet
facet normal 0 0 0
outer loop
vertex 0.5800000000000001 -6.285227656641195e-12 0.04999999999999999
vertex 0.5800000000000001 0.06542495351040951 0.05143940250767165
vertex 0.6186666666666667 0.06542495351040951 0.05132354541181172
endloop
endfacet
facet normal 0 0 0
outer loop
vertex 0.5800000000000001 -6.285227656641195e-12 0.04999999999999999
vertex 0.6186666666666667 0.06542495351040951 0.05132354541181172
vertex 0.6186666666666667 -6.285227656641195e-12 0.04999999999999999
endloop
endfacet
facet normal 0 0 0
outer loop
vertex 0.5800000000000001 0.06542495351040951 0.05143940250767165
vertex 0.5800000000000001 0.10252097144408612 0.0557585992239044
vertex 0.6186666666666667 0.10252097144408612 0.05529509122058568
endloop
endfacet
facet normal 0 0 0
outer loop
vertex 0.5800000000000001 0.06542495351040951 0.05143940250767165
vertex 0.6186666666666667 0.10252097144408612 0.05529509122058568
vertex 0.6186666666666667 0.06542495351040951 0.05132354541181172
endloop
endfacet
facet normal 0 0 0
outer loop
vertex 0.5800000000000001 0.10252097144408612 0.0557585992239044
vertex 0.5800000000000001 0.13144545821877351 0.06296708943322853
vertex 0.6186666666666667 0.13144545821877351 0.061923372116159184
endloop
endfacet
facet normal 0 0 0
outer loop
vertex 0.5800000000000001 0.10252097144408612 0.0557585992239044
vertex 0.6186666666666667 0.13144545821877351 0.061923372116159184
vertex 0.6186666666666667 0.10252097144408612 0.05529509122058568
endloop
endfacet
facet normal 0 0 0
outer loop
vertex 0.5800000000000001 0.13144545821877351 0.06296708943322853
vertex 0.5800000000000001 0.15437475230390738 0.07310665203878766
vertex 0.6186666666666667 0.15437475230390738 0.07124680422971973
endloop
endfacet
facet normal 0 0 0
outer loop
vertex 0.5800000000000001 0.13144545821877351 0.06296708943322853
vertex 0.6186666666666667 0.15437475230390738 0.07124680422971973
vertex 0.6186666666666667 0.13144545821877351 0.061923372116159184
endloop
endfacet
facet normal 0 0 0
outer loop
vertex 0.5800000000000001 0.15437475230390738 0.07310665203878766
vertex 0.5800000000000001 0.17198234255086922 0.08631078784707118
vertex 0.6186666666666667 0.17198234255086922 0.08338814292605261
endloop
endfacet
facet normal 0 0 0
outer loop
vertex 0.5800000000000001 0.15437475230390738 0.07310665203878766
vertex 0.6186666666666667 0.17198234255086922 0.08338814292605261
vertex 0.6186666666666667 0.15437475230390738 0.07124680422971973
endloop
endfacet
facet normal 0 0 0
outer loop
vertex 0.5800000000000001 0.17198234255086922 0.08631078784707118
vertex 0.5800000000000001 0.18450005626718158 0.10296733427801821
vertex 0.6186666666666667 0.18450005626718158 0.09870400870217205
endloop
endfacet
facet normal 0 0 0
outer loop
vertex 0.5800000000000001 0.17198234255086922 0.08631078784707118
vertex 0.6186666666666667 0.18450005626718158 0.09870400870217205
vertex 0.6186666666666667 0.17198234255086922 0.08338814292605261
endloop
endfacet
facet normal 0 0 0
outer loop
vertex 0.5800000000000001 0.18450005626718158 0.10296733427801821
vertex 0.5800000000000001 0.1920004435061492 0.12432956448554822
vertex 0.6186666666666667 0.1920004435061492 0.11834679911454754
endloop
endfacet
facet normal 0 0 0
outer loop
vertex 0.5800000000000001 0.18450005626718158 0.10296733427801821
vertex 0.6186666666666667 0.1920004435061492 0.11834679911454754
vertex 0.6186666666666667 0.18450005626718158 0.09870400870217205
endloop
endfacet
facet normal 0 0 0
outer loop
vertex 0.5800000000000001 0.1920004435061492 0.12432956448554822
vertex 0.5800000000000001 0.1945 0.162005385127675
vertex 0.6186666666666667 0.1945 0.15299010373667837
endloop
endfacet
facet normal 0 0 0
outer loop
vertex 0.5800000000000001 0.1920004435061492 0.12432956448554822
vertex 0.6186666666666667 0.1945 0.15299010373667837
vertex 0.6186666666666667 0.1920004435061492 0.11834679911454754
endloop
endfacet
facet normal 0 0 0
outer loop
vertex 0.6186666666666667 0.1945 0.15299010373667837
vertex 0.6186666666666667 0.19200044350614923 0.18763340835880915
vertex 0.6573333333333333 0.19200044350614923 0.17558561094781655
endloop
endfacet
facet normal 0 0 0
outer loop
vertex 0.6186666666666667 0.1945 0.15299010373667837
vertex 0.6573333333333333 0.19200044350614923 0.17558561094781655
vertex 0.6573333333333333 0.1945 0.14397482234568174
endloop
endfacet
facet normal 0 0 0
outer loop
vertex 0.6186666666666667 0.19200044350614923 0.18763340835880915
vertex 0.6186666666666667 0.1845000562671816 0.20727619877118464
vertex 0.6573333333333333 0.1845000562671816 0.19350896156503752
endloop
endfacet
facet normal 0 0 0
outer loop
vertex 0.6186666666666667 0.19200044350614923 0.18763340835880915
vertex 0.6573333333333333 0.1845000562671816 0.19350896156503752
vertex 0.6573333333333333 0.19200044350614923 0.17558561094781655
endloop
endfacet
facet normal 0 0 0
outer loop
vertex 0.6186666666666667 0.1845000562671816 0.20727619877118464
vertex 0.6186666666666667 0.17198234255086922 0.22259206454730412
vertex 0.6573333333333333 0.17198234255086922 0.20748414668632942
endloop
endfacet
facet normal 0 0 0
outer loop
vertex 0.6186666666666667 0.1845000562671816 0.20727619877118464
vertex 0.6573333333333333 0.17198234255086922 0.20748414668632942
vertex 0.6573333333333333 0.1845000562671816 0.19350896156503752
endloop
endfacet
facet normal 0 0 0
outer loop
vertex 0.6186666666666667 0.17198234255086922 0.22259206454730412
vertex 0.6186666666666667 0.1543747523039074 0.234733403243637
vertex 0.6573333333333333 0.1543747523039074 0.21856268827071168
endloop
endfacet
facet normal 0 0 0
outer loop
vertex 0.6186666666666667 0.17198234255086922 0.22259206454730412
vertex 0.6573333333333333 0.1543747523039074 0.21856268827071168
vertex 0.6573333333333333 0.17198234255086922 0.20748414668632942
endloop
endfacet
facet normal 0 0 0
outer loop
vertex 0.6186666666666667 0.1543747523039074 0.234733403243637
vertex 0.6186666666666667 0.13144545821877357 0.24405683535719752
vertex 0.6573333333333333 0.13144545821877357 0.22706998989227362
endloop
endfacet
facet normal 0 0 0
outer loop
vertex 0.6186666666666667 0.1543747523039074 0.234733403243637
vertex 0.6573333333333333 0.13144545821877357 0.22706998989227362
vertex 0.6573333333333333 0.1543747523039074 0.21856268827071168
endloop
endfacet
facet normal 0 0 0
outer loop
vertex 0.6186666666666667 0.13144545821877357 0.24405683535719752
vertex 0.6186666666666667 0.1025209714440861 0.25068511625277107
vertex 0.6573333333333333 0.1025209714440861 0.23311806147409653
endloop
endfacet
facet normal 0 0 0
outer loop
vertex 0.6186666666666667 0.13144545821877357 0.24405683535719752
vertex 0.6573333333333333 0.1025209714440861 0.23311806147409653
vertex 0.6573333333333333 0.13144545821877357 0.22706998989227362
endloop
endfacet
facet normal 0 0 0
outer loop
vertex 0.6186666666666667 0.1025209714440861 0.25068511625277107
vertex 0.6186666666666667 0.06542495351040951 0.254656662061545
vertex 0.6573333333333333 0.06542495351040951 0.23674195637541168
endloop
endfacet
facet normal 0 0 0
outer loop
vertex 0.6186666666666667 0.1025209714440861 0.25068511625277107
vertex 0.6573333333333333 0.06542495351040951 0.23674195637541168
vertex 0.6573333333333333 0.1025209714440861 0.23311806147409653
endloop
endfacet
facet normal 0 0 0
outer loop
vertex 0.6186666666666667 0.06542495351040951 0.254656662061545
vertex 0.6186666666666667 3.021622295691668e-12 0.25598020747335676
vertex 0.6573333333333333 3.021622295691668e-12 0.23794964469136348
endloop
endfacet
facet normal 0 0 0
outer loop
vertex 0.6186666666666667 0.06542495351040951 0.254656662061545
vertex 0.6573333333333333 3.021622295691668e-12 0.23794964469136348
vertex 0.6573333333333333 0.06542495351040951 0.23674195637541168
endloop
endfacet
facet normal 0 0 0
outer loop
vertex 0.6186666666666667 3.021622295691668e-12 0.25598020747335676
vertex 0.6186666666666667 -0.06542495351040949 0.254656662061545
vertex 0.6573333333333333 -0.06542495351040949 0.23674195637541168
endloop
endfacet
facet normal 0 0 0
outer loop
vertex 0.6186666666666667 3.021622295691668e-12 0.25598020747335676
vertex 0.6573333333333333 -0.06542495351040949 0.23674195637541168
vertex 0.6573333333333333 3.021622295691668e-12 0.23794964469136348
endloop
endfacet
facet normal 0 0 0
outer loop
vertex 0.6186666666666667 -0.06542495351040949 0.254656662061545
vertex 0.6186666666666667 -0.10252097144408608 0.25068511625277107
vertex 0.6573333333333333 -0.10252097144408608 0.23311806147409653
endloop
endfacet
facet normal 0 0 0
outer loop
vertex 0.6186666666666667 -0.06542495351040949 0.254656662061545
vertex 0.6573333333333333 -0.10252097144408608 0.23311806147409653
vertex 0.6573333333333333 -0.06542495351040949 0.23674195637541168
endloop
endfacet
facet normal 0 0 0
outer loop
vertex 0.6186666666666667 -0.10252097144408608 0.25068511625277107
vertex 0.6186666666666667 -0.13144545821877351 0.24405683535719755
vertex 0.6573333333333333 -0.13144545821877351 0.22706998989227362
endloop
endfacet
facet normal 0 0 0
outer loop
vertex 0.6186666666666667 -0.10252097144408608 0.25068511625277107
vertex 0.6573333333333333 -0.13144545821877351 0.22706998989227362
vertex 0.6573333333333333 -0.10252097144408608 0.23311806147409653
endloop
endfacet
facet normal 0 0 0
outer loop
vertex 0.6186666666666667 -0.13144545821877351 0.24405683535719755
vertex 0.6186666666666667 -0.1543747523039074 0.234733403243637
vertex 0.6573333333333333 -0.1543747523039074 0.21856268827071168
endloop
endfacet
facet normal 0 0 0
outer loop
vertex 0.6186666666666667 -0.13144545821877351 0.24405683535719755
vertex 0.6573333333333333 -0.1543747523039074 0.21856268827071168
vertex 0.6573333333333333 -0.13144545821877351 0.22706998989227362
endloop
endfacet
facet normal 0 0 0
outer loop
vertex 0.6186666666666667 -0.1543747523039074 0.234733403243637
vertex 0.6186666666666667 -0.17198234255086925 0.22259206454730412
vertex 0.6573333333333333 -0.17198234255086925 0.20748414668632942
endloop
endfacet
facet normal 0 0 0
outer loop
vertex 0.6186666666666667 -0.1543747523039074 0.234733403243637
vertex 0.6573333333333333 -0.17198234255086925 0.20748414668632942
vertex 0.6573333333333333 -0.1543747523039074 0.21856268827071168
endloop
endfacet
facet normal 0 0 0
outer loop
vertex 0.6186666666666667 -0.17198234255086925 0.22259206454730412
vertex 0.6186666666666667 -0.1845000562671816 0.20727619877118464
vertex 0.6573333333333333 -0.1845000562671816 0.19350896156503752
endloop
endfacet
facet normal 0 0 0
outer loop
vertex 0.6186666666666667 -0.17198234255086925 0.22259206454730412
vertex 0.6573333333333333 -0.1845000562671816 0.19350896156503752
vertex 0.6573333333333333 -0.17198234255086925 0.20748414668632942
endloop
endfacet
facet normal 0 0 0
outer loop
vertex 0.6186666666666667 -0.1845000562671816 0.20727619877118464
vertex 0.6186666666666667 -0.19200044350614923 0.18763340835880918
vertex 0.6573333333333333 -0.19200044350614923 0.17558561094781658
endloop
endfacet
facet normal 0 0 0
outer loop
vertex 0.6186666666666667 -0.1845000562671816 0.20727619877118464
vertex 0.6573333333333333 -0.19200044350614923 0.17558561094781658
vertex 0.6573333333333333 -0.1845000562671816 0.19350896156503752
endloop
endfacet
facet normal 0 0 0
outer loop
vertex 0.6186666666666667 -0.19200044350614923 0.18763340835880918
vertex 0.6186666666666667 -0.1945 0.1529901037392182
vertex 0.6573333333333333 -0.1945 0.14397482234799924
endloop
endfacet
facet normal 0 0 0
outer loop
vertex 0.6186666666666667 -0.19200044350614923 0.18763340835880918
vertex 0.6573333333333333 -0.1945 0.14397482234799924
vertex 0.6573333333333333 -0.19200044350614923 0.17558561094781658
endloop
endfacet
facet normal 0 0 0
outer loop
vertex 0.6186666666666667 -0.1945 0.1529901037392182
vertex 0.6186666666666667 -0.19200044350614923 0.1183467991145476
vertex 0.6573333333333333 -0.19200044350614923 0.11236403374354692
endloop
endfacet
facet normal 0 0 0
outer loop
vertex 0.6186666666666667 -0.1945 0.1529901037392182
vertex 0.6573333333333333 -0.19200044350614923 0.11236403374354692
vertex 0.6573333333333333 -0.1945 0.14397482234799924
endloop
endfacet
facet normal 0 0 0
outer loop
vertex 0.6186666666666667 -0.19200044350614923 0.1183467991145476
vertex 0.6186666666666667 -0.18450005626718163 0.09870400870217211
vertex 0.6573333333333333 -0.18450005626718163 0.09444068312632595
endloop
endfacet
facet normal 0 0 0
outer loop
vertex 0.6186666666666667 -0.19200044350614923 0.1183467991145476
vertex 0.6573333333333333 -0.18450005626718163 0.09444068312632595
vertex 0.6573333333333333 -0.19200044350614923 0.11236403374354692
endloop
endfacet
facet normal 0 0 0
outer loop
vertex 0.6186666666666667 -0.18450005626718163 0.09870400870217211
vertex 0.6186666666666667 -0.17198234255086925 0.08338814292605262
vertex 0.6573333333333333 -0.17198234255086925 0.08046549800503405
endloop
endfacet
facet normal 0 0 0
outer loop
vertex 0.6186666666666667 -0.18450005626718163 0.09870400870217211
vertex 0.6573333333333333 -0.17198234255086925 0.08046549800503405
vertex 0.6573333333333333 -0.18450005626718163 0.09444068312632595
endloop
endfacet
facet normal 0 0 0
outer loop
vertex 0.6186666666666667 -0.17198234255086925 0.08338814292605262
vertex 0.6186666666666667 -0.15437475230390743 0.07124680422971975
vertex 0.6573333333333333 -0.15437475230390743 0.0693869564206518
endloop
endfacet
facet normal 0 0 0
outer loop
vertex 0.6186666666666667 -0.17198234255086925 0.08338814292605262
vertex 0.6573333333333333 -0.15437475230390743 0.0693869564206518
vertex 0.6573333333333333 -0.17198234255086925 0.08046549800503405
endloop
endfacet
facet normal 0 0 0
outer loop
vertex 0.6186666666666667 -0.15437475230390743 0.07124680422971975
vertex 0.6186666666666667 -0.13144545821877354 0.06192337211615921
vertex 0.6573333333333333 -0.13144545821877354 0.06087965479908987
endloop
endfacet
facet normal 0 0 0
outer loop
vertex 0.6186666666666667 -0.15437475230390743 0.07124680422971975
vertex 0.6573333333333333 -0.13144545821877354 0.06087965479908987
vertex 0.6573333333333333 -0.15437475230390743 0.0693869564206518
endloop
endfacet
facet normal 0 0 0
outer loop
vertex 0.6186666666666667 -0.13144545821877354 0.06192337211615921
vertex 0.6186666666666667 -0.10252097144408619 0.05529509122058568
vertex 0.6573333333333333 -0.10252097144408619 0.05483158321726696
endloop
endfacet
facet normal 0 0 0
outer loop
vertex 0.6186666666666667 -0.13144545821877354 0.06192337211615921
vertex 0.6573333333333333 -0.10252097144408619 0.05483158321726696
vertex 0.6573333333333333 -0.13144545821877354 0.06087965479908987
endloop
endfacet
facet normal 0 0 0
outer loop
vertex 0.6186666666666667 -0.10252097144408619 0.05529509122058568
vertex 0.6186666666666667 -0.0654249535104096 0.051323545411811736
vertex 0.6573333333333333 -0.0654249535104096 0.051207688315951794
endloop
endfacet
facet normal 0 0 0
outer loop
vertex 0.6186666666666667 -0.10252097144408619 0.05529509122058568
vertex 0.6573333333333333 -0.0654249535104096 0.051207688315951794
vertex 0.6573333333333333 -0.10252097144408619 0.05483158321726696
endloop
endfacet
facet normal 0 0 0
outer loop
vertex 0.6186666666666667 -0.0654249535104096 0.051323545411811736
vertex 0.6186666666666667 -6.285227656641195e-12 0.04999999999999999
vertex 0.6573333333333333 -6.285227656641195e-12 0.04999999999999999
endloop
endfacet
facet normal 0 0 0
outer loop
vertex 0.6186666666666667 -0.0654249535104096 0.051323545411811736
vertex 0.6573333333333333 -6.285227656641195e-12 0.04999999999999999
vertex 0.6573333333333333 -0.0654249535104096 0.051207688315951794
endloop
endfacet
facet normal 0 0 0
outer loop
vertex 0.6186666666666667 -6.285227656641195e-12 0.04999999999999999
vertex 0.6186666666666667 0.06542495351040951 0.05132354541181172
vertex 0.6573333333333333 0.06542495351040951 0.05120768831595178
endloop
endfacet
facet normal 0 0 0
outer loop
vertex 0.6186666666666667 -6.285227656641195e-12 0.04999999999999999
vertex 0.6573333333333333 0.06542495351040951 0.05120768831595178
vertex 0.6573333333333333 -6.285227656641195e-12 0.04999999999999999
endloop
endfacet
facet normal 0 0 0
outer loop
vertex 0.6186666666666667 0.06542495351040951 0.05132354541181172
vertex 0.6186666666666667 0.10252097144408612 0.05529509122058568
vertex 0.6573333333333333 0.10252097144408612 0.05483158321726696
endloop
endfacet
facet normal 0 0 0
outer loop
vertex 0.6186666666666667 0.06542495351040951 0.05132354541181172
vertex 0.6573333333333333 0.10252097144408612 0.05483158321726696
vertex 0.6573333333333333 0.06542495351040951 0.05120768831595178
endloop
endfacet
facet normal 0 0 0
outer loop
vertex 0.6186666666666667 0.10252097144408612 0.05529509122058568
vertex 0.6186666666666667 0.13144545821877351 0.061923372116159184
vertex 0.6573333333333333 0.13144545821877351 0.060879654799089855
endloop
endfacet
facet normal 0 0 0
outer loop
vertex 0.6186666666666667 0.10252097144408612 0.05529509122058568
vertex 0.6573333333333333 0.13144545821877351 0.060879654799089855
vertex 0.6573333333333333 0.10252097144408612 0.05483158321726696
endloop
endfacet
facet normal 0 0 0
outer loop
vertex 0.6186666666666667 0.13144545821877351 0.061923372116159184
vertex 0.6186666666666667 0.15437475230390738 0.07124680422971973
vertex 0.6573333333333333 0.15437475230390738 0.06938695642065179
endloop
endfacet
facet normal 0 0 0
outer loop
vertex 0.6186666666666667 0.13144545821877351 0.061923372116159184
vertex 0.6573333333333333 0.15437475230390738 0.06938695642065179
vertex 0.6573333333333333 0.13144545821877351 0.060879654799089855
endloop
endfacet
facet normal 0 0 0
outer loop
vertex 0.6186666666666667 0.15437475230390738 0.07124680422971973
vertex 0.6186666666666667 0.17198234255086922 0.08338814292605261
vertex 0.6573333333333333 0.17198234255086922 0.08046549800503404
endloop
endfacet
facet normal 0 0 0
outer loop
vertex 0.6186666666666667 0.15437475230390738 0.07124680422971973
vertex 0.6573333333333333 0.17198234255086922 0.08046549800503404
vertex 0.6573333333333333 0.15437475230390738 0.06938695642065179
endloop
endfacet
facet normal 0 0 0
outer loop
vertex 0.6186666666666667 0.17198234255086922 0.08338814292605261
vertex 0.6186666666666667 0.18450005626718158 0.09870400870217205
vertex 0.6573333333333333 0.18450005626718158 0.09444068312632589
endloop
endfacet
facet normal 0 0 0
outer loop
vertex 0.6186666666666667 0.17198234255086922 0.08338814292605261
vertex 0.6573333333333333 0.18450005626718158 0.09444068312632589
vertex 0.6573333333333333 0.17198234255086922 0.08046549800503404
endloop
endfacet
facet normal 0 0 0
outer loop
vertex 0.6186666666666667 0.18450005626718158 0.09870400870217205
vertex 0.6186666666666667 0.1920004435061492 0.11834679911454754
vertex 0.6573333333333333 0.1920004435061492 0.11236403374354688
endloop
endfacet
facet normal 0 0 0
outer loop
vertex 0.6186666666666667 0.18450005626718158 0.09870400870217205
vertex 0.6573333333333333 0.1920004435061492 0.11236403374354688
vertex 0.6573333333333333 0.18450005626718158 0.09444068312632589
endloop
endfacet
facet normal 0 0 0
outer loop
vertex 0.6186666666666667 0.1920004435061492 0.11834679911454754
vertex 0.6186666666666667 0.1945 0.15299010373667837
vertex 0.6573333333333333 0.1945 0.14397482234568174
endloop
endfacet
facet normal 0 0 0
outer loop
vertex 0.6186666666666667 0.1920004435061492 0.11834679911454754
vertex 0.6573333333333333 0.1945 0.14397482234568174
vertex 0.6573333333333333 0.1920004435061492 0.11236403374354688
endloop
endfacet
facet normal 0 0 0
outer loop
vertex 0.6573333333333333 0.1945 0.14397482234568174
vertex 0.6573333333333333 0.19200044350614923 0.17558561094781655
vertex 0.6960000000000001 0.19200044350614923 0.16353781353682392
endloop
endfacet
facet normal 0 0 0
outer loop
vertex 0.6573333333333333 0.1945 0.14397482234568174
vertex 0.6960000000000001 0.19200044350614923 0.16353781353682392
vertex 0.6960000000000001 0.1945 0.1349595409546851
endloop
endfacet
facet normal 0 0 0
outer loop
vertex 0.6573333333333333 0.19200044350614923 0.17558561094781655
vertex 0.6573333333333333 0.1845000562671816 0.19350896156503752
vertex 0.6960000000000001 0.1845000562671816 0.1797417243588904
endloop
endfacet
facet normal 0 0 0
outer loop
vertex 0.6573333333333333 0.19200044350614923 0.17558561094781655
vertex 0.6960000000000001 0.1845000562671816 0.1797417243588904
vertex 0.6960000000000001 0.19200044350614923 0.16353781353682392
endloop
endfacet
facet normal 0 0 0
outer loop
vertex 0.6573333333333333 0.1845000562671816 0.19350896156503752
vertex 0.6573333333333333 0.17198234255086922 0.20748414668632942
vertex 0.6960000000000001 0.17198234255086922 0.1923762288253547
endloop
endfacet
facet normal 0 0 0
outer loop
vertex 0.6573333333333333 0.1845000562671816 0.19350896156503752
vertex 0.6960000000000001 0.17198234255086922 0.1923762288253547
vertex 0.6960000000000001 0.1845000562671816 0.1797417243588904
endloop
endfacet
facet normal 0 0 0
outer loop
vertex 0.6573333333333333 0.17198234255086922 0.20748414668632942
vertex 0.6573333333333333 0.1543747523039074 0.21856268827071168
vertex 0.6960000000000001 0.1543747523039074 0.2023919732977863
endloop
endfacet
facet normal 0 0 0
outer loop
vertex 0.6573333333333333 0.17198234255086922 0.20748414668632942
vertex 0.6960000000000001 0.1543747523039074 0.2023919732977863
vertex 0.6960000000000001 0.17198234255086922 0.1923762288253547
endloop
endfacet
facet normal 0 0 0
outer loop
vertex 0.6573333333333333 0.1543747523039074 0.21856268827071168
vertex 0.6573333333333333 0.13144545821877357 0.22706998989227362
vertex 0.6960000000000001 0.13144545821877357 0.21008314442734963
endloop
endfacet
facet normal 0 0 0
outer loop
vertex 0.6573333333333333 0.1543747523039074 0.21856268827071168
vertex 0.6960000000000001 0.13144545821877357 0.21008314442734963
vertex 0.6960000000000001 0.1543747523039074 0.2023919732977863
endloop
endfacet
facet normal 0 0 0
outer loop
vertex 0.6573333333333333 0.13144545821877357 0.22706998989227362
vertex 0.6573333333333333 0.1025209714440861 0.23311806147409653
vertex 0.6960000000000001 0.1025209714440861 0.21555100669542193
endloop
endfacet
facet normal 0 0 0
outer loop
vertex 0.6573333333333333 0.13144545821877357 0.22706998989227362
vertex 0.6960000000000001 0.1025209714440861 0.21555100669542193
vertex 0.6960000000000001 0.13144545821877357 0.21008314442734963
endloop
endfacet
facet normal 0 0 0
outer loop
vertex 0.6573333333333333 0.1025209714440861 0.23311806147409653
vertex 0.6573333333333333 0.06542495351040951 0.23674195637541168
vertex 0.6960000000000001 0.06542495351040951 0.21882725068927833
endloop
endfacet
facet normal 0 0 0
outer loop
vertex 0.6573333333333333 0.1025209714440861 0.23311806147409653
vertex 0.6960000000000001 0.06542495351040951 0.21882725068927833
vertex 0.6960000000000001 0.1025209714440861 0.21555100669542193
endloop
endfacet
facet normal 0 0 0
outer loop
vertex 0.6573333333333333 0.06542495351040951 0.23674195637541168
vertex 0.6573333333333333 3.021622295691668e-12 0.23794964469136348
vertex 0.6960000000000001 3.021622295691668e-12 0.21991908190937018
endloop
endfacet
facet normal 0 0 0
outer loop
vertex 0.6573333333333333 0.06542495351040951 0.23674195637541168
vertex 0.6960000000000001 3.021622295691668e-12 0.21991908190937018
vertex 0.6960000000000001 0.06542495351040951 0.21882725068927833
endloop
endfacet
facet normal 0 0 0
outer loop
vertex 0.6573333333333333 3.021622295691668e-12 0.23794964469136348
vertex 0.6573333333333333 -0.06542495351040949 0.23674195637541168
vertex 0.6960000000000001 -0.06542495351040949 0.21882725068927833
endloop
endfacet
facet normal 0 0 0
outer loop
vertex 0.6573333333333333 3.021622295691668e-12 0.23794964469136348
vertex 0.6960000000000001 -0.06542495351040949 0.21882725068927833
vertex 0.6960000000000001 3.021622295691668e-12 0.21991908190937018
endloop
endfacet
facet normal 0 0 0
outer loop
vertex 0.6573333333333333 -0.06542495351040949 0.23674195637541168
vertex 0.6573333333333333 -0.10252097144408608 0.23311806147409653
vertex 0.6960000000000001 -0.10252097144408608 0.21555100669542193
endloop
endfacet
facet normal 0 0 0
outer loop
vertex 0.6573333333333333 -0.06542495351040949 0.23674195637541168
vertex 0.6960000000000001 -0.10252097144408608 0.21555100669542193
vertex 0.6960000000000001 -0.06542495351040949 0.21882725068927833
endloop
endfacet
facet normal 0 0 0
outer loop
vertex 0.6573333333333333 -0.10252097144408608 0.23311806147409653
vertex 0.6573333333333333 -0.13144545821877351 0.22706998989227362
vertex 0.6960000000000001 -0.13144545821877351 0.21008314442734966
endloop
endfacet
facet normal 0 0 0
outer loop
vertex 0.6573333333333333 -0.10252097144408608 0.23311806147409653
vertex 0.6960000000000001 -0.13144545821877351 0.21008314442734966
vertex 0.6960000000000001 -0.10252097144408608 0.21555100669542193
endloop
endfacet
facet normal 0 0 0
outer loop
vertex 0.6573333333333333 -0.13144545821877351 0.22706998989227362
vertex 0.6573333333333333 -0.1543747523039074 0.21856268827071168
vertex 0.6960000000000001 -0.1543747523039074 0.2023919732977863
endloop
endfacet
facet normal 0 0 0
outer loop
vertex 0.6573333333333333 -0.13144545821877351 0.22706998989227362
vertex 0.6960000000000001 -0.1543747523039074 0.2023919732977863
vertex 0.6960000000000001 -0.13144545821877351 0.21008314442734966
endloop
endfacet
facet normal 0 0 0
outer loop
vertex 0.6573333333333333 -0.1543747523039074 0.21856268827071168
vertex 0.6573333333333333 -0.17198234255086925 0.20748414668632942
vertex 0.6960000000000001 -0.17198234255086925 0.1923762288253547
endloop
endfacet
facet normal 0 0 0
outer loop
vertex 0.6573333333333333 -0.1543747523039074 0.21856268827071168
vertex 0.6960000000000001 -0.17198234255086925 0.1923762288253547
vertex 0.6960000000000001 -0.1543747523039074 0.2023919732977863
endloop
endfacet
facet normal 0 0 0
outer loop
vertex 0.6573333333333333 -0.17198234255086925 0.20748414668632942
vertex 0.6573333333333333 -0.1845000562671816 0.19350896156503752
vertex 0.6960000000000001 -0.1845000562671816 0.1797417243588904
endloop
endfacet
facet normal 0 0 0
outer loop
vertex 0.6573333333333333 -0.17198234255086925 0.20748414668632942
vertex 0.6960000000000001 -0.1845000562671816 0.1797417243588904
vertex 0.6960000000000001 -0.17198234255086925 0.1923762288253547
endloop
endfacet
facet normal 0 0 0
outer loop
vertex 0.6573333333333333 -0.1845000562671816 0.19350896156503752
vertex 0.6573333333333333 -0.19200044350614923 0.17558561094781658
vertex 0.6960000000000001 -0.19200044350614923 0.16353781353682398
endloop
endfacet
facet normal 0 0 0
outer loop
vertex 0.6573333333333333 -0.1845000562671816 0.19350896156503752
vertex 0.6960000000000001 -0.19200044350614923 0.16353781353682398
vertex 0.6960000000000001 -0.1845000562671816 0.1797417243588904
endloop
endfacet
facet normal 0 0 0
outer loop
vertex 0.6573333333333333 -0.19200044350614923 0.17558561094781658
vertex 0.6573333333333333 -0.1945 0.14397482234799924
vertex 0.6960000000000001 -0.1945 0.13495954095678026
endloop
endfacet
facet normal 0 0 0
outer loop
vertex 0.6573333333333333 -0.19200044350614923 0.17558561094781658
vertex 0.6960000000000001 -0.1945 0.13495954095678026
vertex 0.6960000000000001 -0.19200044350614923 0.16353781353682398
endloop
endfacet
facet normal 0 0 0
outer loop
vertex 0.6573333333333333 -0.1945 0.14397482234799924
vertex 0.6573333333333333 -0.19200044350614923 0.11236403374354692
vertex 0.6960000000000001 -0.19200044350614923 0.10638126837254624
endloop
endfacet
facet normal 0 0 0
outer loop
vertex 0.6573333333333333 -0.1945 0.14397482234799924
vertex 0.6960000000000001 -0.19200044350614923 0.10638126837254624
vertex 0.6960000000000001 -0.1945 0.13495954095678026
endloop
endfacet
facet normal 0 0 0
outer loop
vertex 0.6573333333333333 -0.19200044350614923 0.11236403374354692
vertex 0.6573333333333333 -0.18450005626718163 0.09444068312632595
vertex 0.6960000000000001 -0.18450005626718163 0.0901773575504798
endloop
endfacet
facet normal 0 0 0
outer loop
vertex 0.6573333333333333 -0.19200044350614923 0.11236403374354692
vertex 0.6960000000000001 -0.18450005626718163 0.0901773575504798
vertex 0.6960000000000001 -0.19200044350614923 0.10638126837254624
endloop
endfacet
facet normal 0 0 0
outer loop
vertex 0.6573333333333333 -0.18450005626718163 0.09444068312632595
vertex 0.6573333333333333 -0.17198234255086925 0.08046549800503405
vertex 0.6960000000000001 -0.17198234255086925 0.07754285308401551
endloop
endfacet
facet normal 0 0 0
outer loop
vertex 0.6573333333333333 -0.18450005626718163 0.09444068312632595
vertex 0.6960000000000001 -0.17198234255086925 0.07754285308401551
vertex 0.6960000000000001 -0.18450005626718163 0.0901773575504798
endloop
endfacet
facet normal 0 0 0
outer loop
vertex 0.6573333333333333 -0.17198234255086925 0.08046549800503405
vertex 0.6573333333333333 -0.15437475230390743 0.0693869564206518
vertex 0.6960000000000001 -0.15437475230390743 0.0675271086115839
endloop
endfacet
facet normal 0 0 0
outer loop
vertex 0.6573333333333333 -0.17198234255086925 0.08046549800503405
vertex 0.6960000000000001 -0.15437475230390743 0.0675271086115839
vertex 0.6960000000000001 -0.17198234255086925 0.07754285308401551
endloop
endfacet
facet normal 0 0 0
outer loop
vertex 0.6573333333333333 -0.15437475230390743 0.0693869564206518
vertex 0.6573333333333333 -0.13144545821877354 0.06087965479908987
vertex 0.6960000000000001 -0.13144545821877354 0.05983593748202057
endloop
endfacet
facet normal 0 0 0
outer loop
vertex 0.6573333333333333 -0.15437475230390743 0.0693869564206518
vertex 0.6960000000000001 -0.13144545821877354 0.05983593748202057
vertex 0.6960000000000001 -0.15437475230390743 0.0675271086115839
endloop
endfacet
facet normal 0 0 0
outer loop
vertex 0.6573333333333333 -0.13144545821877354 0.06087965479908987
vertex 0.6573333333333333 -0.10252097144408619 0.05483158321726696
vertex 0.6960000000000001 -0.10252097144408619 0.054368075213948264
endloop
endfacet
facet normal 0 0 0
outer loop
vertex 0.6573333333333333 -0.13144545821877354 0.06087965479908987
vertex 0.6960000000000001 -0.10252097144408619 0.054368075213948264
vertex 0.6960000000000001 -0.13144545821877354 0.05983593748202057
endloop
endfacet
facet normal 0 0 0
outer loop
vertex 0.6573333333333333 -0.10252097144408619 0.05483158321726696
vertex 0.6573333333333333 -0.0654249535104096 0.051207688315951794
vertex 0.6960000000000001 -0.0654249535104096 0.05109183122009188
endloop
endfacet
facet normal 0 0 0
outer loop
vertex 0.6573333333333333 -0.10252097144408619 0.05483158321726696
vertex 0.6960000000000001 -0.0654249535104096 0.05109183122009188
vertex 0.6960000000000001 -0.10252097144408619 0.054368075213948264
endloop
endfacet
facet normal 0 0 0
outer loop
vertex 0.6573333333333333 -0.0654249535104096 0.051207688315951794
vertex 0.6573333333333333 -6.285227656641195e-12 0.04999999999999999
vertex 0.6960000000000001 -6.285227656641195e-12 0.05000000000000002
endloop
endfacet
facet normal 0 0 0
outer loop
vertex 0.6573333333333333 -0.0654249535104096 0.051207688315951794
vertex 0.6960000000000001 -6.285227656641195e-12 0.05000000000000002
vertex 0.6960000000000001 -0.0654249535104096 0.05109183122009188
endloop
endfacet
facet normal 0 0 0
outer loop
vertex 0.6573333333333333 -6.285227656641195e-12 0.04999999999999999
vertex 0.6573333333333333 0.06542495351040951 0.05120768831595178
vertex 0.6960000000000001 0.06542495351040951 0.051091831220091866
endloop
endfacet
facet normal 0 0 0
outer loop
vertex 0.6573333333333333 -6.285227656641195e-12 0.04999999999999999
vertex 0.6960000000000001 0.06542495351040951 0.051091831220091866
vertex 0.6960000000000001 -6.285227656641195e-12 0.05000000000000002
endloop
endfacet
facet normal 0 0 0
outer loop
vertex 0.6573333333333333 0.06542495351040951 0.05120768831595178
vertex 0.6573333333333333 0.10252097144408612 0.05483158321726696
vertex 0.6960000000000001 0.10252097144408612 0.054368075213948264
endloop
endfacet
facet normal 0 0 0
outer loop
vertex 0.6573333333333333 0.06542495351040951 0.05120768831595178
vertex 0.6960000000000001 0.10252097144408612 0.054368075213948264
vertex 0.6960000000000001 0.06542495351040951 0.051091831220091866
endloop
endfacet
facet normal 0 0 0
outer loop
vertex 0.6573333333333333 0.10252097144408612 0.05483158321726696
vertex 0.6573333333333333 0.13144545821877351 0.060879654799089855
vertex 0.6960000000000001 0.13144545821877351 0.05983593748202054
endloop
endfacet
facet normal 0 0 0
outer loop
vertex 0.6573333333333333 0.10252097144408612 0.05483158321726696
vertex 0.6960000000000001 0.13144545821877351 0.05983593748202054
vertex 0.6960000000000001 0.10252097144408612 0.054368075213948264
endloop
endfacet
facet normal 0 0 0
outer loop
vertex 0.6573333333333333 0.13144545821877351 0.060879654799089855
vertex 0.6573333333333333 0.15437475230390738 0.06938695642065179
vertex 0.6960000000000001 0.15437475230390738 0.06752710861158387
endloop
endfacet
facet normal 0 0 0
outer loop
vertex 0.6573333333333333 0.13144545821877351 0.060879654799089855
vertex 0.6960000000000001 0.15437475230390738 0.06752710861158387
vertex 0.6960000000000001 0.13144545821877351 0.05983593748202054
endloop
endfacet
facet normal 0 0 0
outer loop
vertex 0.6573333333333333 0.15437475230390738 0.06938695642065179
vertex 0.6573333333333333 0.17198234255086922 0.08046549800503404
vertex 0.6960000000000001 0.17198234255086922 0.0775428530840155
endloop
endfacet
facet normal 0 0 0
outer loop
vertex 0.6573333333333333 0.15437475230390738 0.06938695642065179
vertex 0.6960000000000001 0.17198234255086922 0.0775428530840155
vertex 0.6960000000000001 0.15437475230390738 0.06752710861158387
endloop
endfacet
facet normal 0 0 0
outer loop
vertex 0.6573333333333333 0.17198234255086922 0.08046549800503404
vertex 0.6573333333333333 0.18450005626718158 0.09444068312632589
vertex 0.6960000000000001 0.18450005626718158 0.09017735755047973
endloop
endfacet
facet normal 0 0 0
outer loop
vertex 0.6573333333333333 0.17198234255086922 0.08046549800503404
vertex 0.6960000000000001 0.18450005626718158 0.09017735755047973
vertex 0.6960000000000001 0.17198234255086922 0.0775428530840155
endloop
endfacet
facet normal 0 0 0
outer loop
vertex 0.6573333333333333 0.18450005626718158 0.09444068312632589
vertex 0.6573333333333333 0.1920004435061492 0.11236403374354688
vertex 0.6960000000000001 0.1920004435061492 0.10638126837254622
endloop
endfacet
facet normal 0 0 0
outer loop
vertex 0.6573333333333333 0.18450005626718158 0.09444068312632589
vertex 0.6960000000000001 0.1920004435061492 0.10638126837254622
vertex 0.6960000000000001 0.18450005626718158 0.09017735755047973
endloop
endfacet
facet normal 0 0 0
outer loop
vertex 0.6573333333333333 0.1920004435061492 0.11236403374354688
vertex 0.6573333333333333 0.1945 0.14397482234568174
vertex 0.6960000000000001 0.1945 0.1349595409546851
endloop
endfacet
facet normal 0 0 0
outer loop
vertex 0.6573333333333333 0.1920004435061492 0.11236403374354688
vertex 0.6960000000000001 0.1945 0.1349595409546851
vertex 0.6960000000000001 0.1920004435061492 0.10638126837254622
endloop
endfacet
facet normal 0 0 0
outer loop
vertex 0.6960000000000001 0.1945 0.1349595409546851
vertex 0.6960000000000001 0.19200044350614923 0.16353781353682392
vertex 0.7346666666666667 0.19200044350614923 0.15149001612583135
endloop
endfacet
facet normal 0 0 0
outer loop
vertex 0.6960000000000001 0.1945 0.1349595409546851
vertex 0.7346666666666667 0.19200044350614923 0.15149001612583135
vertex 0.7346666666666667 0.1945 0.12594425956368846
endloop
endfacet
facet normal 0 0 0
outer loop
vertex 0.6960000000000001 0.19200044350614923 0.16353781353682392
vertex 0.6960000000000001 0.1845000562671816 0.1797417243588904
vertex 0.7346666666666667 0.1845000562671816 0.16597448715274332
endloop
endfacet
facet normal 0 0 0
outer loop
vertex 0.6960000000000001 0.19200044350614923 0.16353781353682392
vertex 0.7346666666666667 0.1845000562671816 0.16597448715274332
vertex 0.7346666666666667 0.19200044350614923 0.15149001612583135
endloop
endfacet
facet normal 0 0 0
outer loop
vertex 0.6960000000000001 0.1845000562671816 0.1797417243588904
vertex 0.6960000000000001 0.17198234255086922 0.1923762288253547
vertex 0.7346666666666667 0.17198234255086922 0.17726831096438
endloop
endfacet
facet normal 0 0 0
outer loop
vertex 0.6960000000000001 0.1845000562671816 0.1797417243588904
vertex 0.7346666666666667 0.17198234255086922 0.17726831096438
vertex 0.7346666666666667 0.1845000562671816 0.16597448715274332
endloop
endfacet
facet normal 0 0 0
outer loop
vertex 0.6960000000000001 0.17198234255086922 0.1923762288253547
vertex 0.6960000000000001 0.1543747523039074 0.2023919732977863
vertex 0.7346666666666667 0.1543747523039074 0.186221258324861
endloop
endfacet
facet normal 0 0 0
outer loop
vertex 0.6960000000000001 0.17198234255086922 0.1923762288253547
vertex 0.7346666666666667 0.1543747523039074 0.186221258324861
vertex 0.7346666666666667 0.17198234255086922 0.17726831096438
endloop
endfacet
facet normal 0 0 0
outer loop
vertex 0.6960000000000001 0.1543747523039074 0.2023919732977863
vertex 0.6960000000000001 0.13144545821877357 0.21008314442734963
vertex 0.7346666666666667 0.13144545821877357 0.1930962989624257
endloop
endfacet
facet normal 0 0 0
outer loop
vertex 0.6960000000000001 0.1543747523039074 0.2023919732977863
vertex 0.7346666666666667 0.13144545821877357 0.1930962989624257
vertex 0.7346666666666667 0.1543747523039074 0.186221258324861
endloop
endfacet
facet normal 0 0 0
outer loop
vertex 0.6960000000000001 0.13144545821877357 0.21008314442734963
vertex 0.6960000000000001 0.1025209714440861 0.21555100669542193
vertex 0.7346666666666667 0.1025209714440861 0.19798395191674742
endloop
endfacet
facet normal 0 0 0
outer loop
vertex 0.6960000000000001 0.13144545821877357 0.21008314442734963
vertex 0.7346666666666667 0.1025209714440861 0.19798395191674742
vertex 0.7346666666666667 0.13144545821877357 0.1930962989624257
endloop
endfacet
facet normal 0 0 0
outer loop
vertex 0.6960000000000001 0.1025209714440861 0.21555100669542193
vertex 0.6960000000000001 0.06542495351040951 0.21882725068927833
vertex 0.7346666666666667 0.06542495351040951 0.200912545003145
endloop
endfacet
facet normal 0 0 0
outer loop
vertex 0.6960000000000001 0.1025209714440861 0.21555100669542193
vertex 0.7346666666666667 0.06542495351040951 0.200912545003145
vertex 0.7346666666666667 0.1025209714440861 0.19798395191674742
endloop
endfacet
facet normal 0 0 0
outer loop
vertex 0.6960000000000001 0.06542495351040951 0.21882725068927833
vertex 0.6960000000000001 3.021622295691668e-12 0.21991908190937018
vertex 0.7346666666666667 3.021622295691668e-12 0.20188851912737693
endloop
endfacet
facet normal 0 0 0
outer loop
vertex 0.6960000000000001 0.06542495351040951 0.21882725068927833
vertex 0.7346666666666667 3.021622295691668e-12 0.20188851912737693
vertex 0.7346666666666667 0.06542495351040951 0.200912545003145
endloop
endfacet
facet normal 0 0 0
outer loop
vertex 0.6960000000000001 3.021622295691668e-12 0.21991908190937018
vertex 0.6960000000000001 -0.06542495351040949 0.21882725068927833
vertex 0.7346666666666667 -0.06542495351040949 0.200912545003145
endloop
endfacet
facet normal 0 0 0
outer loop
vertex 0.6960000000000001 3.021622295691668e-12 0.21991908190937018
vertex 0.7346666666666667 -0.06542495351040949 0.200912545003145
vertex 0.7346666666666667 3.021622295691668e-12 0.20188851912737693
endloop
endfacet
facet normal 0 0 0
outer loop
vertex 0.6960000000000001 -0.06542495351040949 0.21882725068927833
vertex 0.6960000000000001 -0.10252097144408608 0.21555100669542193
vertex 0.7346666666666667 -0.10252097144408608 0.19798395191674742
endloop
endfacet
facet normal 0 0 0
outer loop
vertex 0.6960000000000001 -0.06542495351040949 0.21882725068927833
vertex 0.7346666666666667 -0.10252097144408608 0.19798395191674742
vertex 0.7346666666666667 -0.06542495351040949 0.200912545003145
endloop
endfacet
facet normal 0 0 0
outer loop
vertex 0.6960000000000001 -0.10252097144408608 0.21555100669542193
vertex 0.6960000000000001 -0.13144545821877351 0.21008314442734966
vertex 0.7346666666666667 -0.13144545821877351 0.19309629896242572
endloop
endfacet
facet normal 0 0 0
outer loop
vertex 0.6960000000000001 -0.10252097144408608 0.21555100669542193
vertex 0.7346666666666667 -0.13144545821877351 0.19309629896242572
vertex 0.7346666666666667 -0.10252097144408608 0.19798395191674742
endloop
endfacet
facet normal 0 0 0
outer loop
vertex 0.6960000000000001 -0.13144545821877351 0.21008314442734966
vertex 0.6960000000000001 -0.1543747523039074 0.2023919732977863
vertex 0.7346666666666667 -0.1543747523039074 0.186221258324861
endloop
endfacet
facet normal 0 0 0
outer loop
vertex 0.6960000000000001 -0.13144545821877351 0.21008314442734966
vertex 0.7346666666666667 -0.1543747523039074 0.186221258324861
vertex 0.7346666666666667 -0.13144545821877351 0.19309629896242572
endloop
endfacet
facet normal 0 0 0
outer loop
vertex 0.6960000000000001 -0.1543747523039074 0.2023919732977863
vertex 0.6960000000000001 -0.17198234255086925 0.1923762288253547
vertex 0.7346666666666667 -0.17198234255086925 0.17726831096438
endloop
endfacet
facet normal 0 0 0
outer loop
vertex 0.6960000000000001 -0.1543747523039074 0.2023919732977863
vertex 0.7346666666666667 -0.17198234255086925 0.17726831096438
vertex 0.7346666666666667 -0.1543747523039074 0.186221258324861
endloop
endfacet
facet normal 0 0 0
outer loop
vertex 0.6960000000000001 -0.17198234255086925 0.1923762288253547
vertex 0.6960000000000001 -0.1845000562671816 0.1797417243588904
vertex 0.7346666666666667 -0.1845000562671816 0.16597448715274332
endloop
endfacet
facet normal 0 0 0
outer loop
vertex 0.6960000000000001 -0.17198234255086925 0.1923762288253547
vertex 0.7346666666666667 -0.1845000562671816 0.16597448715274332
vertex 0.7346666666666667 -0.17198234255086925 0.17726831096438
endloop
endfacet
facet normal 0 0 0
outer loop
vertex 0.6960000000000001 -0.1845000562671816 0.1797417243588904
vertex 0.6960000000000001 -0.19200044350614923 0.16353781353682398
vertex 0.7346666666666667 -0.19200044350614923 0.15149001612583138
endloop
endfacet
facet normal 0 0 0
outer loop
vertex 0.6960000000000001 -0.1845000562671816 0.1797417243588904
vertex 0.7346666666666667 -0.19200044350614923 0.15149001612583138
vertex 0.7346666666666667 -0.1845000562671816 0.16597448715274332
endloop
endfacet
facet normal 0 0 0
outer loop
vertex 0.6960000000000001 -0.19200044350614923 0.16353781353682398
vertex 0.6960000000000001 -0.1945 0.13495954095678026
vertex 0.7346666666666667 -0.1945 0.1259442595655613
endloop
endfacet
facet normal 0 0 0
outer loop
vertex 0.6960000000000001 -0.19200044350614923 0.16353781353682398
vertex 0.7346666666666667 -0.1945 0.1259442595655613
vertex 0.7346666666666667 -0.19200044350614923 0.15149001612583138
endloop
endfacet
facet normal 0 0 0
outer loop
vertex 0.6960000000000001 -0.1945 0.13495954095678026
vertex 0.6960000000000001 -0.19200044350614923 0.10638126837254624
vertex 0.7346666666666667 -0.19200044350614923 0.10039850300154557
endloop
endfacet
facet normal 0 0 0
outer loop
vertex 0.6960000000000001 -0.1945 0.13495954095678026
vertex 0.7346666666666667 -0.19200044350614923 0.10039850300154557
vertex 0.7346666666666667 -0.1945 0.1259442595655613
endloop
endfacet
facet normal 0 0 0
outer loop
vertex 0.6960000000000001 -0.19200044350614923 0.10638126837254624
vertex 0.6960000000000001 -0.18450005626718163 0.0901773575504798
vertex 0.7346666666666667 -0.18450005626718163 0.08591403197463363
endloop
endfacet
facet normal 0 0 0
outer loop
vertex 0.6960000000000001 -0.19200044350614923 0.10638126837254624
vertex 0.7346666666666667 -0.18450005626718163 0.08591403197463363
vertex 0.7346666666666667 -0.19200044350614923 0.10039850300154557
endloop
endfacet
facet normal 0 0 0
outer loop
vertex 0.6960000000000001 -0.18450005626718163 0.0901773575504798
vertex 0.6960000000000001 -0.17198234255086925 0.07754285308401551
vertex 0.7346666666666667 -0.17198234255086925 0.07462020816299691
endloop
endfacet
facet normal 0 0 0
outer loop
vertex 0.6960000000000001 -0.18450005626718163 0.0901773575504798
vertex 0.7346666666666667 -0.17198234255086925 0.07462020816299691
vertex 0.7346666666666667 -0.18450005626718163 0.08591403197463363
endloop
endfacet
facet normal 0 0 0
outer loop
vertex 0.6960000000000001 -0.17198234255086925 0.07754285308401551
vertex 0.6960000000000001 -0.15437475230390743 0.0675271086115839
vertex 0.7346666666666667 -0.15437475230390743 0.06566726080251592
endloop
endfacet
facet normal 0 0 0
outer loop
vertex 0.6960000000000001 -0.17198234255086925 0.07754285308401551
vertex 0.7346666666666667 -0.15437475230390743 0.06566726080251592
vertex 0.7346666666666667 -0.17198234255086925 0.07462020816299691
endloop
endfacet
facet normal 0 0 0
outer loop
vertex 0.6960000000000001 -0.15437475230390743 0.0675271086115839
vertex 0.6960000000000001 -0.13144545821877354 0.05983593748202057
vertex 0.7346666666666667 -0.13144545821877354 0.05879222016495121
endloop
endfacet
facet normal 0 0 0
outer loop
vertex 0.6960000000000001 -0.15437475230390743 0.0675271086115839
vertex 0.7346666666666667 -0.13144545821877354 0.05879222016495121
vertex 0.7346666666666667 -0.15437475230390743 0.06566726080251592
endloop
endfacet
facet normal 0 0 0
outer loop
vertex 0.6960000000000001 -0.13144545821877354 0.05983593748202057
vertex 0.6960000000000001 -0.10252097144408619 0.054368075213948264
vertex 0.7346666666666667 -0.10252097144408619 0.053904567210629514
endloop
endfacet
facet normal 0 0 0
outer loop
vertex 0.6960000000000001 -0.13144545821877354 0.05983593748202057
vertex 0.7346666666666667 -0.10252097144408619 0.053904567210629514
vertex 0.7346666666666667 -0.13144545821877354 0.05879222016495121
endloop
endfacet
facet normal 0 0 0
outer loop
vertex 0.6960000000000001 -0.10252097144408619 0.054368075213948264
vertex 0.6960000000000001 -0.0654249535104096 0.05109183122009188
vertex 0.7346666666666667 -0.0654249535104096 0.05097597412423191
endloop
endfacet
facet normal 0 0 0
outer loop
vertex 0.6960000000000001 -0.10252097144408619 0.054368075213948264
vertex 0.7346666666666667 -0.0654249535104096 0.05097597412423191
vertex 0.7346666666666667 -0.10252097144408619 0.053904567210629514
endloop
endfacet
facet normal 0 0 0
outer loop
vertex 0.6960000000000001 -0.0654249535104096 0.05109183122009188
vertex 0.6960000000000001 -6.285227656641195e-12 0.05000000000000002
vertex 0.7346666666666667 -6.285227656641195e-12 0.04999999999999999
endloop
endfacet
facet normal 0 0 0
outer loop
vertex 0.6960000000000001 -0.0654249535104096 0.05109183122009188
vertex 0.7346666666666667 -6.285227656641195e-12 0.04999999999999999
vertex 0.7346666666666667 -0.0654249535104096 0.05097597412423191
endloop
endfacet
facet normal 0 0 0
outer loop
vertex 0.6960000000000001 -6.285227656641195e-12 0.05000000000000002
vertex 0.6960000000000001 0.06542495351040951 0.051091831220091866
vertex 0.7346666666666667 0.06542495351040951 0.05097597412423191
endloop
endfacet
facet normal 0 0 0
outer loop
vertex 0.6960000000000001 -6.285227656641195e-12 0.05000000000000002
vertex 0.7346666666666667 0.06542495351040951 0.05097597412423191
vertex 0.7346666666666667 -6.285227656641195e-12 0.04999999999999999
endloop
endfacet
facet normal 0 0 0
outer loop
vertex 0.6960000000000001 0.06542495351040951 0.051091831220091866
vertex 0.6960000000000001 0.10252097144408612 0.054368075213948264
vertex 0.7346666666666667 0.10252097144408612 0.053904567210629514
endloop
endfacet
facet normal 0 0 0
outer loop
vertex 0.6960000000000001 0.06542495351040951 0.051091831220091866
vertex 0.7346666666666667 0.10252097144408612 0.053904567210629514
vertex 0.7346666666666667 0.06542495351040951 0.05097597412423191
endloop
endfacet
facet normal 0 0 0
outer loop
vertex 0.6960000000000001 0.10252097144408612 0.054368075213948264
vertex 0.6960000000000001 0.13144545821877351 0.05983593748202054
vertex 0.7346666666666667 0.13144545821877351 0.058792220164951184
endloop
endfacet
facet normal 0 0 0
outer loop
vertex 0.6960000000000001 0.10252097144408612 0.054368075213948264
vertex 0.7346666666666667 0.13144545821877351 0.058792220164951184
vertex 0.7346666666666667 0.10252097144408612 0.053904567210629514
endloop
endfacet
facet normal 0 0 0
outer loop
vertex 0.6960000000000001 0.13144545821877351 0.05983593748202054
vertex 0.6960000000000001 0.15437475230390738 0.06752710861158387
vertex 0.7346666666666667 0.15437475230390738 0.06566726080251592
endloop
endfacet
facet normal 0 0 0
outer loop
vertex 0.6960000000000001 0.13144545821877351 0.05983593748202054
vertex 0.7346666666666667 0.15437475230390738 0.06566726080251592
vertex 0.7346666666666667 0.13144545821877351 0.058792220164951184
endloop
endfacet
facet normal 0 0 0
outer loop
vertex 0.6960000000000001 0.15437475230390738 0.06752710861158387
vertex 0.6960000000000001 0.17198234255086922 0.0775428530840155
vertex 0.7346666666666667 0.17198234255086922 0.07462020816299691
endloop
endfacet
facet normal 0 0 0
outer loop
vertex 0.6960000000000001 0.15437475230390738 0.06752710861158387
vertex 0.7346666666666667 0.17198234255086922 0.07462020816299691
vertex 0.7346666666666667 0.15437475230390738 0.06566726080251592
endloop
endfacet
facet normal 0 0 0
outer loop
vertex 0.6960000000000001 0.17198234255086922 0.0775428530840155
vertex 0.6960000000000001 0.18450005626718158 0.09017735755047973
vertex 0.7346666666666667 0.18450005626718158 0.08591403197463357
endloop
endfacet
facet normal 0 0 0
outer loop
vertex 0.6960000000000001 0.17198234255086922 0.0775428530840155
vertex 0.7346666666666667 0.18450005626718158 0.08591403197463357
vertex 0.7346666666666667 0.17198234255086922 0.07462020816299691
endloop
endfacet
facet normal 0 0 0
outer loop
vertex 0.6960000000000001 0.18450005626718158 0.09017735755047973
vertex 0.6960000000000001 0.1920004435061492 0.10638126837254622
vertex 0.7346666666666667 0.1920004435061492 0.10039850300154554
endloop
endfacet
facet normal 0 0 0
outer loop
vertex 0.6960000000000001 0.18450005626718158 0.09017735755047973
vertex 0.7346666666666667 0.1920004435061492 0.10039850300154554
vertex 0.7346666666666667 0.18450005626718158 0.08591403197463357
endloop
endfacet
facet normal 0 0 0
outer loop
vertex 0.6960000000000001 0.1920004435061492 0.10638126837254622
vertex 0.6960000000000001 0.1945 0.1349595409546851
vertex 0.7346666666666667 0.1945 0.12594425956368846
endloop
endfacet
facet normal 0 0 0
outer loop
vertex 0.6960000000000001 0.1920004435061492 0.10638126837254622
vertex 0.7346666666666667 0.1945 0.12594425956368846
vertex 0.7346666666666667 0.1920004435061492 0.10039850300154554
endloop
endfacet
facet normal 0 0 0
outer loop
vertex 0.7346666666666667 0.1945 0.12594425956368846
vertex 0.7346666666666667 0.19200044350614923 0.15149001612583135
vertex 0.7733333333333334 0.19200044350614923 0.1394422187148387
endloop
endfacet
facet normal 0 0 0
outer loop
vertex 0.7346666666666667 0.1945 0.12594425956368846
vertex 0.7733333333333334 0.19200044350614923 0.1394422187148387
vertex 0.7733333333333334 0.1945 0.1169289781726918
endloop
endfacet
facet normal 0 0 0
outer loop
vertex 0.7346666666666667 0.19200044350614923 0.15149001612583135
vertex 0.7346666666666667 0.1845000562671816 0.16597448715274332
vertex 0.7733333333333334 0.1845000562671816 0.15220724994659615
endloop
endfacet
facet normal 0 0 0
outer loop
vertex 0.7346666666666667 0.19200044350614923 0.15149001612583135
vertex 0.7733333333333334 0.1845000562671816 0.15220724994659615
vertex 0.7733333333333334 0.19200044350614923 0.1394422187148387
endloop
endfacet
facet normal 0 0 0
outer loop
vertex 0.7346666666666667 0.1845000562671816 0.16597448715274332
vertex 0.7346666666666667 0.17198234255086922 0.17726831096438
vertex 0.7733333333333334 0.17198234255086922 0.16216039310340524
endloop
endfacet
facet normal 0 0 0
outer loop
vertex 0.7346666666666667 0.1845000562671816 0.16597448715274332
vertex 0.7733333333333334 0.17198234255086922 0.16216039310340524
vertex 0.7733333333333334 0.1845000562671816 0.15220724994659615
endloop
endfacet
facet normal 0 0 0
outer loop
vertex 0.7346666666666667 0.17198234255086922 0.17726831096438
vertex 0.7346666666666667 0.1543747523039074 0.186221258324861
vertex 0.7733333333333334 0.1543747523039074 0.17005054335193562
endloop
endfacet
facet normal 0 0 0
outer loop
vertex 0.7346666666666667 0.17198234255086922 0.17726831096438
vertex 0.7733333333333334 0.1543747523039074 0.17005054335193562
vertex 0.7733333333333334 0.17198234255086922 0.16216039310340524
endloop
endfacet
facet normal 0 0 0
outer loop
vertex 0.7346666666666667 0.1543747523039074 0.186221258324861
vertex 0.7346666666666667 0.13144545821877357 0.1930962989624257
vertex 0.7733333333333334 0.13144545821877357 0.17610945349750173
endloop
endfacet
facet normal 0 0 0
outer loop
vertex 0.7346666666666667 0.1543747523039074 0.186221258324861
vertex 0.7733333333333334 0.13144545821877357 0.17610945349750173
vertex 0.7733333333333334 0.1543747523039074 0.17005054335193562
endloop
endfacet
facet normal 0 0 0
outer loop
vertex 0.7346666666666667 0.13144545821877357 0.1930962989624257
vertex 0.7346666666666667 0.1025209714440861 0.19798395191674742
vertex 0.7733333333333334 0.1025209714440861 0.1804168971380728
endloop
endfacet
facet normal 0 0 0
outer loop
vertex 0.7346666666666667 0.13144545821877357 0.1930962989624257
vertex 0.7733333333333334 0.1025209714440861 0.1804168971380728
vertex 0.7733333333333334 0.13144545821877357 0.17610945349750173
endloop
endfacet
facet normal 0 0 0
outer loop
vertex 0.7346666666666667 0.1025209714440861 0.19798395191674742
vertex 0.7346666666666667 0.06542495351040951 0.200912545003145
vertex 0.7733333333333334 0.06542495351040951 0.18299783931701163
endloop
endfacet
facet normal 0 0 0
outer loop
vertex 0.7346666666666667 0.1025209714440861 0.19798395191674742
vertex 0.7733333333333334 0.06542495351040951 0.18299783931701163
vertex 0.7733333333333334 0.1025209714440861 0.1804168971380728
endloop
endfacet
facet normal 0 0 0
outer loop
vertex 0.7346666666666667 0.06542495351040951 0.200912545003145
vertex 0.7346666666666667 3.021622295691668e-12 0.20188851912737693
vertex 0.7733333333333334 3.021622295691668e-12 0.1838579563453836
endloop
endfacet
facet normal 0 0 0
outer loop
vertex 0.7346666666666667 0.06542495351040951 0.200912545003145
vertex 0.7733333333333334 3.021622295691668e-12 0.1838579563453836
vertex 0.7733333333333334 0.06542495351040951 0.18299783931701163
endloop
endfacet
facet normal 0 0 0
outer loop
vertex 0.7346666666666667 3.021622295691668e-12 0.20188851912737693
vertex 0.7346666666666667 -0.06542495351040949 0.200912545003145
vertex 0.7733333333333334 -0.06542495351040949 0.18299783931701163
endloop
endfacet
facet normal 0 0 0
outer loop
vertex 0.7346666666666667 3.021622295691668e-12 0.20188851912737693
vertex 0.7733333333333334 -0.06542495351040949 0.18299783931701163
vertex 0.7733333333333334 3.021622295691668e-12 0.1838579563453836
endloop
endfacet
facet normal 0 0 0
outer loop
vertex 0.7346666666666667 -0.06542495351040949 0.200912545003145
vertex 0.7346666666666667 -0.10252097144408608 0.19798395191674742
vertex 0.7733333333333334 -0.10252097144408608 0.1804168971380728
endloop
endfacet
facet normal 0 0 0
outer loop
vertex 0.7346666666666667 -0.06542495351040949 0.200912545003145
vertex 0.7733333333333334 -0.10252097144408608 0.1804168971380728
vertex 0.7733333333333334 -0.06542495351040949 0.18299783931701163
endloop
endfacet
facet normal 0 0 0
outer loop
vertex 0.7346666666666667 -0.10252097144408608 0.19798395191674742
vertex 0.7346666666666667 -0.13144545821877351 0.19309629896242572
vertex 0.7733333333333334 -0.13144545821877351 0.17610945349750173
endloop
endfacet
facet normal 0 0 0
outer loop
vertex 0.7346666666666667 -0.10252097144408608 0.19798395191674742
vertex 0.7733333333333334 -0.13144545821877351 0.17610945349750173
vertex 0.7733333333333334 -0.10252097144408608 0.1804168971380728
endloop
endfacet
facet normal 0 0 0
outer loop
vertex 0.7346666666666667 -0.13144545821877351 0.19309629896242572
vertex 0.7346666666666667 -0.1543747523039074 0.186221258324861
vertex 0.7733333333333334 -0.1543747523039074 0.17005054335193562
endloop
endfacet
facet normal 0 0 0
outer loop
vertex 0.7346666666666667 -0.13144545821877351 0.19309629896242572
vertex 0.7733333333333334 -0.1543747523039074 0.17005054335193562
vertex 0.7733333333333334 -0.13144545821877351 0.17610945349750173
endloop
endfacet
facet normal 0 0 0
outer loop
vertex 0.7346666666666667 -0.1543747523039074 0.186221258324861
vertex 0.7346666666666667 -0.17198234255086925 0.17726831096438
vertex 0.7733333333333334 -0.17198234255086925 0.16216039310340524
endloop
endfacet
facet normal 0 0 0
outer loop
vertex 0.7346666666666667 -0.1543747523039074 0.186221258324861
vertex 0.7733333333333334 -0.17198234255086925 0.16216039310340524
vertex 0.7733333333333334 -0.1543747523039074 0.17005054335193562
endloop
endfacet
facet normal 0 0 0
outer loop
vertex 0.7346666666666667 -0.17198234255086925 0.17726831096438
vertex 0.7346666666666667 -0.1845000562671816 0.16597448715274332
vertex 0.7733333333333334 -0.1845000562671816 0.15220724994659615
endloop
endfacet
facet normal 0 0 0
outer loop
vertex 0.7346666666666667 -0.17198234255086925 0.17726831096438
vertex 0.7733333333333334 -0.1845000562671816 0.15220724994659615
vertex 0.7733333333333334 -0.17198234255086925 0.16216039310340524
endloop
endfacet
facet normal 0 0 0
outer loop
vertex 0.7346666666666667 -0.1845000562671816 0.16597448715274332
vertex 0.7346666666666667 -0.19200044350614923 0.15149001612583138
vertex 0.7733333333333334 -0.19200044350614923 0.13944221871483872
endloop
endfacet
facet normal 0 0 0
outer loop
vertex 0.7346666666666667 -0.1845000562671816 0.16597448715274332
vertex 0.7733333333333334 -0.19200044350614923 0.13944221871483872
vertex 0.7733333333333334 -0.1845000562671816 0.15220724994659615
endloop
endfacet
facet normal 0 0 0
outer loop
vertex 0.7346666666666667 -0.19200044350614923 0.15149001612583138
vertex 0.7346666666666667 -0.1945 0.1259442595655613
vertex 0.7733333333333334 -0.1945 0.11692897817434232
endloop
endfacet
facet normal 0 0 0
outer loop
vertex 0.7346666666666667 -0.19200044350614923 0.15149001612583138
vertex 0.7733333333333334 -0.1945 0.11692897817434232
vertex 0.7733333333333334 -0.19200044350614923 0.13944221871483872
endloop
endfacet
facet normal 0 0 0
outer loop
vertex 0.7346666666666667 -0.1945 0.1259442595655613
vertex 0.7346666666666667 -0.19200044350614923 0.10039850300154557
vertex 0.7733333333333334 -0.19200044350614923 0.09441573763054488
endloop
endfacet
facet normal 0 0 0
outer loop
vertex 0.7346666666666667 -0.1945 0.1259442595655613
vertex 0.7733333333333334 -0.19200044350614923 0.09441573763054488
vertex 0.7733333333333334 -0.1945 0.11692897817434232
endloop
endfacet
facet normal 0 0 0
outer loop
vertex 0.7346666666666667 -0.19200044350614923 0.10039850300154557
vertex 0.7346666666666667 -0.18450005626718163 0.08591403197463363
vertex 0.7733333333333334 -0.18450005626718163 0.08165070639878744
endloop
endfacet
facet normal 0 0 0
outer loop
vertex 0.7346666666666667 -0.19200044350614923 0.10039850300154557
vertex 0.7733333333333334 -0.18450005626718163 0.08165070639878744
vertex 0.7733333333333334 -0.19200044350614923 0.09441573763054488
endloop
endfacet
facet normal 0 0 0
outer loop
vertex 0.7346666666666667 -0.18450005626718163 0.08591403197463363
vertex 0.7346666666666667 -0.17198234255086925 0.07462020816299691
vertex 0.7733333333333334 -0.17198234255086925 0.07169756324197835
endloop
endfacet
facet normal 0 0 0
outer loop
vertex 0.7346666666666667 -0.18450005626718163 0.08591403197463363
vertex 0.7733333333333334 -0.17198234255086925 0.07169756324197835
vertex 0.7733333333333334 -0.18450005626718163 0.08165070639878744
endloop
endfacet
facet normal 0 0 0
outer loop
vertex 0.7346666666666667 -0.17198234255086925 0.07462020816299691
vertex 0.7346666666666667 -0.15437475230390743 0.06566726080251592
vertex 0.7733333333333334 -0.15437475230390743 0.06380741299344798
endloop
endfacet
facet normal 0 0 0
outer loop
vertex 0.7346666666666667 -0.17198234255086925 0.07462020816299691
vertex 0.7733333333333334 -0.15437475230390743 0.06380741299344798
vertex 0.7733333333333334 -0.17198234255086925 0.07169756324197835
endloop
endfacet
facet normal 0 0 0
outer loop
vertex 0.7346666666666667 -0.15437475230390743 0.06566726080251592
vertex 0.7346666666666667 -0.13144545821877354 0.05879222016495121
vertex 0.7733333333333334 -0.13144545821877354 0.05774850284788187
endloop
endfacet
facet normal 0 0 0
outer loop
vertex 0.7346666666666667 -0.15437475230390743 0.06566726080251592
vertex 0.7733333333333334 -0.13144545821877354 0.05774850284788187
vertex 0.7733333333333334 -0.15437475230390743 0.06380741299344798
endloop
endfacet
facet normal 0 0 0
outer loop
vertex 0.7346666666666667 -0.13144545821877354 0.05879222016495121
vertex 0.7346666666666667 -0.10252097144408619 0.053904567210629514
vertex 0.7733333333333334 -0.10252097144408619 0.05344105920731079
endloop
endfacet
facet normal 0 0 0
outer loop
vertex 0.7346666666666667 -0.13144545821877354 0.05879222016495121
vertex 0.7733333333333334 -0.10252097144408619 0.05344105920731079
vertex 0.7733333333333334 -0.13144545821877354 0.05774850284788187
endloop
endfacet
facet normal 0 0 0
outer loop
vertex 0.7346666666666667 -0.10252097144408619 0.053904567210629514
vertex 0.7346666666666667 -0.0654249535104096 0.05097597412423191
vertex 0.7733333333333334 -0.0654249535104096 0.05086011702837198
endloop
endfacet
facet normal 0 0 0
outer loop
vertex 0.7346666666666667 -0.10252097144408619 0.053904567210629514
vertex 0.7733333333333334 -0.0654249535104096 0.05086011702837198
vertex 0.7733333333333334 -0.10252097144408619 0.05344105920731079
endloop
endfacet
facet normal 0 0 0
outer loop
vertex 0.7346666666666667 -0.0654249535104096 0.05097597412423191
vertex 0.7346666666666667 -6.285227656641195e-12 0.04999999999999999
vertex 0.7733333333333334 -6.285227656641195e-12 0.04999999999999999
endloop
endfacet
facet normal 0 0 0
outer loop
vertex 0.7346666666666667 -0.0654249535104096 0.05097597412423191
vertex 0.7733333333333334 -6.285227656641195e-12 0.04999999999999999
vertex 0.7733333333333334 -0.0654249535104096 0.05086011702837198
endloop
endfacet
facet normal 0 0 0
outer loop
vertex 0.7346666666666667 -6.285227656641195e-12 0.04999999999999999
vertex 0.7346666666666667 0.06542495351040951 0.05097597412423191
vertex 0.7733333333333334 0.06542495351040951 0.05086011702837197
endloop
endfacet
facet normal 0 0 0
outer loop
vertex 0.7346666666666667 -6.285227656641195e-12 0.04999999999999999
vertex 0.7733333333333334 0.06542495351040951 0.05086011702837197
vertex 0.7733333333333334 -6.285227656641195e-12 0.04999999999999999
endloop
endfacet
facet normal 0 0 0
outer loop
vertex 0.7346666666666667 0.06542495351040951 0.05097597412423191
vertex 0.7346666666666667 0.10252097144408612 0.053904567210629514
vertex 0.7733333333333334 0.10252097144408612 0.05344105920731079
endloop
endfacet
facet normal 0 0 0
outer loop
vertex 0.7346666666666667 0.06542495351040951 0.05097597412423191
vertex 0.7733333333333334 0.10252097144408612 0.05344105920731079
vertex 0.7733333333333334 0.06542495351040951 0.05086011702837197
endloop
endfacet
facet normal 0 0 0
outer loop
vertex 0.7346666666666667 0.10252097144408612 0.053904567210629514
vertex 0.7346666666666667 0.13144545821877351 0.058792220164951184
vertex 0.7733333333333334 0.13144545821877351 0.057748502847881855
endloop
endfacet
facet normal 0 0 0
outer loop
vertex 0.7346666666666667 0.10252097144408612 0.053904567210629514
vertex 0.7733333333333334 0.13144545821877351 0.057748502847881855
vertex 0.7733333333333334 0.10252097144408612 0.05344105920731079
endloop
endfacet
facet normal 0 0 0
outer loop
vertex 0.7346666666666667 0.13144545821877351 0.058792220164951184
vertex 0.7346666666666667 0.15437475230390738 0.06566726080251592
vertex 0.7733333333333334 0.15437475230390738 0.06380741299344797
endloop
endfacet
facet normal 0 0 0
outer loop
vertex 0.7346666666666667 0.13144545821877351 0.058792220164951184
vertex 0.7733333333333334 0.15437475230390738 0.06380741299344797
vertex 0.7733333333333334 0.13144545821877351 0.057748502847881855
endloop
endfacet
facet normal 0 0 0
outer loop
vertex 0.7346666666666667 0.15437475230390738 0.06566726080251592
vertex 0.7346666666666667 0.17198234255086922 0.07462020816299691
vertex 0.7733333333333334 0.17198234255086922 0.07169756324197835
endloop
endfacet
facet normal 0 0 0
outer loop
vertex 0.7346666666666667 0.15437475230390738 0.06566726080251592
vertex 0.7733333333333334 0.17198234255086922 0.07169756324197835
vertex 0.7733333333333334 0.15437475230390738 0.06380741299344797
endloop
endfacet
facet normal 0 0 0
outer loop
vertex 0.7346666666666667 0.17198234255086922 0.07462020816299691
vertex 0.7346666666666667 0.18450005626718158 0.08591403197463357
vertex 0.7733333333333334 0.18450005626718158 0.0816507063987874
endloop
endfacet
facet normal 0 0 0
outer loop
vertex 0.7346666666666667 0.17198234255086922 0.07462020816299691
vertex 0.7733333333333334 0.18450005626718158 0.0816507063987874
vertex 0.7733333333333334 0.17198234255086922 0.07169756324197835
endloop
endfacet
facet normal 0 0 0
outer loop
vertex 0.7346666666666667 0.18450005626718158 0.08591403197463357
vertex 0.7346666666666667 0.1920004435061492 0.10039850300154554
vertex 0.7733333333333334 0.1920004435061492 0.09441573763054485
endloop
endfacet
facet normal 0 0 0
outer loop
vertex 0.7346666666666667 0.18450005626718158 0.08591403197463357
vertex 0.7733333333333334 0.1920004435061492 0.09441573763054485
vertex 0.7733333333333334 0.18450005626718158 0.0816507063987874
endloop
endfacet
facet normal 0 0 0
outer loop
vertex 0.7346666666666667 0.1920004435061492 0.10039850300154554
vertex 0.7346666666666667 0.1945 0.12594425956368846
vertex 0.7733333333333334 0.1945 0.1169289781726918
endloop
endfacet
facet normal 0 0 0
outer loop
vertex 0.7346666666666667 0.1920004435061492 0.10039850300154554
vertex 0.7733333333333334 0.1945 0.1169289781726918
vertex 0.7733333333333334 0.1920004435061492 0.09441573763054485
endloop
endfacet
facet normal 0 0 0
outer loop
vertex 0.7733333333333334 0.1945 0.1169289781726918
vertex 0.7733333333333334 0.19200044350614923 0.1394422187148387
vertex 0.812 0.19200044350614923 0.1273944213038461
endloop
endfacet
facet normal 0 0 0
outer loop
vertex 0.7733333333333334 0.1945 0.1169289781726918
vertex 0.812 0.19200044350614923 0.1273944213038461
vertex 0.812 0.1945 0.10791369678169516
endloop
endfacet
facet normal 0 0 0
outer loop
vertex 0.7733333333333334 0.19200044350614923 0.1394422187148387
vertex 0.7733333333333334 0.1845000562671816 0.15220724994659615
vertex 0.812 0.1845000562671816 0.13844001274044904
endloop
endfacet
facet normal 0 0 0
outer loop
vertex 0.7733333333333334 0.19200044350614923 0.1394422187148387
vertex 0.812 0.1845000562671816 0.13844001274044904
vertex 0.812 0.19200044350614923 0.1273944213038461
endloop
endfacet
facet normal 0 0 0
outer loop
vertex 0.7733333333333334 0.1845000562671816 0.15220724994659615
vertex 0.7733333333333334 0.17198234255086922 0.16216039310340524
vertex 0.812 0.17198234255086922 0.14705247524243054
endloop
endfacet
facet normal 0 0 0
outer loop
vertex 0.7733333333333334 0.1845000562671816 0.15220724994659615
vertex 0.812 0.17198234255086922 0.14705247524243054
vertex 0.812 0.1845000562671816 0.13844001274044904
endloop
endfacet
facet normal 0 0 0
outer loop
vertex 0.7733333333333334 0.17198234255086922 0.16216039310340524
vertex 0.7733333333333334 0.1543747523039074 0.17005054335193562
vertex 0.812 0.1543747523039074 0.15387982837901026
endloop
endfacet
facet normal 0 0 0
outer loop
vertex 0.7733333333333334 0.17198234255086922 0.16216039310340524
vertex 0.812 0.1543747523039074 0.15387982837901026
vertex 0.812 0.17198234255086922 0.14705247524243054
endloop
endfacet
facet normal 0 0 0
outer loop
vertex 0.7733333333333334 0.1543747523039074 0.17005054335193562
vertex 0.7733333333333334 0.13144545821877357 0.17610945349750173
vertex 0.812 0.13144545821877357 0.15912260803257777
endloop
endfacet
facet normal 0 0 0
outer loop
vertex 0.7733333333333334 0.1543747523039074 0.17005054335193562
vertex 0.812 0.13144545821877357 0.15912260803257777
vertex 0.812 0.1543747523039074 0.15387982837901026
endloop
endfacet
facet normal 0 0 0
outer loop
vertex 0.7733333333333334 0.13144545821877357 0.17610945349750173
vertex 0.7733333333333334 0.1025209714440861 0.1804168971380728
vertex 0.812 0.1025209714440861 0.16284984235939826
endloop
endfacet
facet normal 0 0 0
outer loop
vertex 0.7733333333333334 0.13144545821877357 0.17610945349750173
vertex 0.812 0.1025209714440861 0.16284984235939826
vertex 0.812 0.13144545821877357 0.15912260803257777
endloop
endfacet
facet normal 0 0 0
outer loop
vertex 0.7733333333333334 0.1025209714440861 0.1804168971380728
vertex 0.7733333333333334 0.06542495351040951 0.18299783931701163
vertex 0.812 0.06542495351040951 0.1650831336308783
endloop
endfacet
facet normal 0 0 0
outer loop
vertex 0.7733333333333334 0.1025209714440861 0.1804168971380728
vertex 0.812 0.06542495351040951 0.1650831336308783
vertex 0.812 0.1025209714440861 0.16284984235939826
endloop
endfacet
facet normal 0 0 0
outer loop
vertex 0.7733333333333334 0.06542495351040951 0.18299783931701163
vertex 0.7733333333333334 3.021622295691668e-12 0.1838579563453836
vertex 0.812 3.021622295691668e-12 0.16582739356339032
endloop
endfacet
facet normal 0 0 0
outer loop
vertex 0.7733333333333334 0.06542495351040951 0.18299783931701163
vertex 0.812 3.021622295691668e-12 0.16582739356339032
vertex 0.812 0.06542495351040951 0.1650831336308783
endloop
endfacet
facet normal 0 0 0
outer loop
vertex 0.7733333333333334 3.021622295691668e-12 0.1838579563453836
vertex 0.7733333333333334 -0.06542495351040949 0.18299783931701163
vertex 0.812 -0.06542495351040949 0.1650831336308783
endloop
endfacet
facet normal 0 0 0
outer loop
vertex 0.7733333333333334 3.021622295691668e-12 0.1838579563453836
vertex 0.812 -0.06542495351040949 0.1650831336308783
vertex 0.812 3.021622295691668e-12 0.16582739356339032
endloop
endfacet
facet normal 0 0 0
outer loop
vertex 0.7733333333333334 -0.06542495351040949 0.18299783931701163
vertex 0.7733333333333334 -0.10252097144408608 0.1804168971380728
vertex 0.812 -0.10252097144408608 0.16284984235939826
endloop
endfacet
facet normal 0 0 0
outer loop
vertex 0.7733333333333334 -0.06542495351040949 0.18299783931701163
vertex 0.812 -0.10252097144408608 0.16284984235939826
vertex 0.812 -0.06542495351040949 0.1650831336308783
endloop
endfacet
facet normal 0 0 0
outer loop
vertex 0.7733333333333334 -0.10252097144408608 0.1804168971380728
vertex 0.7733333333333334 -0.13144545821877351 0.17610945349750173
vertex 0.812 -0.13144545821877351 0.15912260803257777
endloop
endfacet
facet normal 0 0 0
outer loop
vertex 0.7733333333333334 -0.10252097144408608 0.1804168971380728
vertex 0.812 -0.13144545821877351 0.15912260803257777
vertex 0.812 -0.10252097144408608 0.16284984235939826
endloop
endfacet
facet normal 0 0 0
outer loop
vertex 0.7733333333333334 -0.13144545821877351 0.17610945349750173
vertex 0.7733333333333334 -0.1543747523039074 0.17005054335193562
vertex 0.812 -0.1543747523039074 0.15387982837901026
endloop
endfacet
facet normal 0 0 0
outer loop
vertex 0.7733333333333334 -0.13144545821877351 0.17610945349750173
vertex 0.812 -0.1543747523039074 0.15387982837901026
vertex 0.812 -0.13144545821877351 0.15912260803257777
endloop
endfacet
facet normal 0 0 0
outer loop
vertex 0.7733333333333334 -0.1543747523039074 0.17005054335193562
vertex 0.7733333333333334 -0.17198234255086925 0.16216039310340524
vertex 0.812 -0.17198234255086925 0.14705247524243054
endloop
endfacet
facet normal 0 0 0
outer loop
vertex 0.7733333333333334 -0.1543747523039074 0.17005054335193562
vertex 0.812 -0.17198234255086925 0.14705247524243054
vertex 0.812 -0.1543747523039074 0.15387982837901026
endloop
endfacet
facet normal 0 0 0
outer loop
vertex 0.7733333333333334 -0.17198234255086925 0.16216039310340524
vertex 0.7733333333333334 -0.1845000562671816 0.15220724994659615
vertex 0.812 -0.1845000562671816 0.13844001274044904
endloop
endfacet
facet normal 0 0 0
outer loop
vertex 0.7733333333333334 -0.17198234255086925 0.16216039310340524
vertex 0.812 -0.1845000562671816 0.13844001274044904
vertex 0.812 -0.17198234255086925 0.14705247524243054
endloop
endfacet
facet normal 0 0 0
outer loop
vertex 0.7733333333333334 -0.1845000562671816 0.15220724994659615
vertex 0.7733333333333334 -0.19200044350614923 0.13944221871483872
vertex 0.812 -0.19200044350614923 0.12739442130384612
endloop
endfacet
facet normal 0 0 0
outer loop
vertex 0.7733333333333334 -0.1845000562671816 0.15220724994659615
vertex 0.812 -0.19200044350614923 0.12739442130384612
vertex 0.812 -0.1845000562671816 0.13844001274044904
endloop
endfacet
facet normal 0 0 0
outer loop
vertex 0.7733333333333334 -0.19200044350614923 0.13944221871483872
vertex 0.7733333333333334 -0.1945 0.11692897817434232
vertex 0.812 -0.1945 0.10791369678312336
endloop
endfacet
facet normal 0 0 0
outer loop
vertex 0.7733333333333334 -0.19200044350614923 0.13944221871483872
vertex 0.812 -0.1945 0.10791369678312336
vertex 0.812 -0.19200044350614923 0.12739442130384612
endloop
endfacet
facet normal 0 0 0
outer loop
vertex 0.7733333333333334 -0.1945 0.11692897817434232
vertex 0.7733333333333334 -0.19200044350614923 0.09441573763054488
vertex 0.812 -0.19200044350614923 0.0884329722595442
endloop
endfacet
facet normal 0 0 0
outer loop
vertex 0.7733333333333334 -0.1945 0.11692897817434232
vertex 0.812 -0.19200044350614923 0.0884329722595442
vertex 0.812 -0.1945 0.10791369678312336
endloop
endfacet
facet normal 0 0 0
outer loop
vertex 0.7733333333333334 -0.19200044350614923 0.09441573763054488
vertex 0.7733333333333334 -0.18450005626718163 0.08165070639878744
vertex 0.812 -0.18450005626718163 0.07738738082294128
endloop
endfacet
facet normal 0 0 0
outer loop
vertex 0.7733333333333334 -0.19200044350614923 0.09441573763054488
vertex 0.812 -0.18450005626718163 0.07738738082294128
vertex 0.812 -0.19200044350614923 0.0884329722595442
endloop
endfacet
facet normal 0 0 0
outer loop
vertex 0.7733333333333334 -0.18450005626718163 0.08165070639878744
vertex 0.7733333333333334 -0.17198234255086925 0.07169756324197835
vertex 0.812 -0.17198234255086925 0.06877491832095978
endloop
endfacet
facet normal 0 0 0
outer loop
vertex 0.7733333333333334 -0.18450005626718163 0.08165070639878744
vertex 0.812 -0.17198234255086925 0.06877491832095978
vertex 0.812 -0.18450005626718163 0.07738738082294128
endloop
endfacet
facet normal 0 0 0
outer loop
vertex 0.7733333333333334 -0.17198234255086925 0.07169756324197835
vertex 0.7733333333333334 -0.15437475230390743 0.06380741299344798
vertex 0.812 -0.15437475230390743 0.06194756518438005
endloop
endfacet
facet normal 0 0 0
outer loop
vertex 0.7733333333333334 -0.17198234255086925 0.07169756324197835
vertex 0.812 -0.15437475230390743 0.06194756518438005
vertex 0.812 -0.17198234255086925 0.06877491832095978
endloop
endfacet
facet normal 0 0 0
outer loop
vertex 0.7733333333333334 -0.15437475230390743 0.06380741299344798
vertex 0.7733333333333334 -0.13144545821877354 0.05774850284788187
vertex 0.812 -0.13144545821877354 0.05670478553081254
endloop
endfacet
facet normal 0 0 0
outer loop
vertex 0.7733333333333334 -0.15437475230390743 0.06380741299344798
vertex 0.812 -0.13144545821877354 0.05670478553081254
vertex 0.812 -0.15437475230390743 0.06194756518438005
endloop
endfacet
facet normal 0 0 0
outer loop
vertex 0.7733333333333334 -0.13144545821877354 0.05774850284788187
vertex 0.7733333333333334 -0.10252097144408619 0.05344105920731079
vertex 0.812 -0.10252097144408619 0.05297755120399207
endloop
endfacet
facet normal 0 0 0
outer loop
vertex 0.7733333333333334 -0.13144545821877354 0.05774850284788187
vertex 0.812 -0.10252097144408619 0.05297755120399207
vertex 0.812 -0.13144545821877354 0.05670478553081254
endloop
endfacet
facet normal 0 0 0
outer loop
vertex 0.7733333333333334 -0.10252097144408619 0.05344105920731079
vertex 0.7733333333333334 -0.0654249535104096 0.05086011702837198
vertex 0.812 -0.0654249535104096 0.05074425993251204
endloop
endfacet
facet normal 0 0 0
outer loop
vertex 0.7733333333333334 -0.10252097144408619 0.05344105920731079
vertex 0.812 -0.0654249535104096 0.05074425993251204
vertex 0.812 -0.10252097144408619 0.05297755120399207
endloop
endfacet
facet normal 0 0 0
outer loop
vertex 0.7733333333333334 -0.0654249535104096 0.05086011702837198
vertex 0.7733333333333334 -6.285227656641195e-12 0.04999999999999999
vertex 0.812 -6.285227656641195e-12 0.049999999999999996
endloop
endfacet
facet normal 0 0 0
outer loop
vertex 0.7733333333333334 -0.0654249535104096 0.05086011702837198
vertex 0.812 -6.285227656641195e-12 0.049999999999999996
vertex 0.812 -0.0654249535104096 0.05074425993251204
endloop
endfacet
facet normal 0 0 0
outer loop
vertex 0.7733333333333334 -6.285227656641195e-12 0.04999999999999999
vertex 0.7733333333333334 0.06542495351040951 0.05086011702837197
vertex 0.812 0.06542495351040951 0.05074425993251204
endloop
endfacet
facet normal 0 0 0
outer loop
vertex 0.7733333333333334 -6.285227656641195e-12 0.04999999999999999
vertex 0.812 0.06542495351040951 0.05074425993251204
vertex 0.812 -6.285227656641195e-12 0.049999999999999996
endloop
endfacet
facet normal 0 0 0
outer loop
vertex 0.7733333333333334 0.06542495351040951 0.05086011702837197
vertex 0.7733333333333334 0.10252097144408612 0.05344105920731079
vertex 0.812 0.10252097144408612 0.05297755120399207
endloop
endfacet
facet normal 0 0 0
outer loop
vertex 0.7733333333333334 0.06542495351040951 0.05086011702837197
vertex 0.812 0.10252097144408612 0.05297755120399207
vertex 0.812 0.06542495351040951 0.05074425993251204
endloop
endfacet
facet normal 0 0 0
outer loop
vertex 0.7733333333333334 0.10252097144408612 0.05344105920731079
vertex 0.7733333333333334 0.13144545821877351 0.057748502847881855
vertex 0.812 0.13144545821877351 0.056704785530812526
endloop
endfacet
facet normal 0 0 0
outer loop
vertex 0.7733333333333334 0.10252097144408612 0.05344105920731079
vertex 0.812 0.13144545821877351 0.056704785530812526
vertex 0.812 0.10252097144408612 0.05297755120399207
endloop
endfacet
facet normal 0 0 0
outer loop
vertex 0.7733333333333334 0.13144545821877351 0.057748502847881855
vertex 0.7733333333333334 0.15437475230390738 0.06380741299344797
vertex 0.812 0.15437475230390738 0.061947565184380035
endloop
endfacet
facet normal 0 0 0
outer loop
vertex 0.7733333333333334 0.13144545821877351 0.057748502847881855
vertex 0.812 0.15437475230390738 0.061947565184380035
vertex 0.812 0.13144545821877351 0.056704785530812526
endloop
endfacet
facet normal 0 0 0
outer loop
vertex 0.7733333333333334 0.15437475230390738 0.06380741299344797
vertex 0.7733333333333334 0.17198234255086922 0.07169756324197835
vertex 0.812 0.17198234255086922 0.06877491832095978
endloop
endfacet
facet normal 0 0 0
outer loop
vertex 0.7733333333333334 0.15437475230390738 0.06380741299344797
vertex 0.812 0.17198234255086922 0.06877491832095978
vertex 0.812 0.15437475230390738 0.061947565184380035
endloop
endfacet
facet normal 0 0 0
outer loop
vertex 0.7733333333333334 0.17198234255086922 0.07169756324197835
vertex 0.7733333333333334 0.18450005626718158 0.0816507063987874
vertex 0.812 0.18450005626718158 0.07738738082294123
endloop
endfacet
facet normal 0 0 0
outer loop
vertex 0.7733333333333334 0.17198234255086922 0.07169756324197835
vertex 0.812 0.18450005626718158 0.07738738082294123
vertex 0.812 0.17198234255086922 0.06877491832095978
endloop
endfacet
facet normal 0 0 0
outer loop
vertex 0.7733333333333334 0.18450005626718158 0.0816507063987874
vertex 0.7733333333333334 0.1920004435061492 0.09441573763054485
vertex 0.812 0.1920004435061492 0.08843297225954419
endloop
endfacet
facet normal 0 0 0
outer loop
vertex 0.7733333333333334 0.18450005626718158 0.0816507063987874
vertex 0.812 0.1920004435061492 0.08843297225954419
vertex 0.812 0.18450005626718158 0.07738738082294123
endloop
endfacet
facet normal 0 0 0
outer loop
vertex 0.7733333333333334 0.1920004435061492 0.09441573763054485
vertex 0.7733333333333334 0.1945 0.1169289781726918
vertex 0.812 0.1945 0.10791369678169516
endloop
endfacet
facet normal 0 0 0
outer loop
vertex 0.7733333333333334 0.1920004435061492 0.09441573763054485
vertex 0.812 0.1945 0.10791369678169516
vertex 0.812 0.1920004435061492 0.08843297225954419
endloop
endfacet
facet normal 0 0 0
outer loop
vertex 0.812 0.1945 0.10791369678169516
vertex 0.812 0.19200044350614923 0.1273944213038461
vertex 0.8506666666666667 0.19200044350614923 0.11534662389285352
endloop
endfacet
facet normal 0 0 0
outer loop
vertex 0.812 0.1945 0.10791369678169516
vertex 0.8506666666666667 0.19200044350614923 0.11534662389285352
vertex 0.8506666666666667 0.1945 0.09889841539069855
endloop
endfacet
facet normal 0 0 0
outer loop
vertex 0.812 0.19200044350614923 0.1273944213038461
vertex 0.812 0.1845000562671816 0.13844001274044904
vertex 0.8506666666666667 0.1845000562671816 0.12467277553430196
endloop
endfacet
facet normal 0 0 0
outer loop
vertex 0.812 0.19200044350614923 0.1273944213038461
vertex 0.8506666666666667 0.1845000562671816 0.12467277553430196
vertex 0.8506666666666667 0.19200044350614923 0.11534662389285352
endloop
endfacet
facet normal 0 0 0
outer loop
vertex 0.812 0.1845000562671816 0.13844001274044904
vertex 0.812 0.17198234255086922 0.14705247524243054
vertex 0.8506666666666667 0.17198234255086922 0.13194455738145586
endloop
endfacet
facet normal 0 0 0
outer loop
vertex 0.812 0.1845000562671816 0.13844001274044904
vertex 0.8506666666666667 0.17198234255086922 0.13194455738145586
vertex 0.8506666666666667 0.1845000562671816 0.12467277553430196
endloop
endfacet
facet normal 0 0 0
outer loop
vertex 0.812 0.17198234255086922 0.14705247524243054
vertex 0.812 0.1543747523039074 0.15387982837901026
vertex 0.8506666666666667 0.1543747523039074 0.13770911340608497
endloop
endfacet
facet normal 0 0 0
outer loop
vertex 0.812 0.17198234255086922 0.14705247524243054
vertex 0.8506666666666667 0.1543747523039074 0.13770911340608497
vertex 0.8506666666666667 0.17198234255086922 0.13194455738145586
endloop
endfacet
facet normal 0 0 0
outer loop
vertex 0.812 0.1543747523039074 0.15387982837901026
vertex 0.812 0.13144545821877357 0.15912260803257777
vertex 0.8506666666666667 0.13144545821877357 0.14213576256765387
endloop
endfacet
facet normal 0 0 0
outer loop
vertex 0.812 0.1543747523039074 0.15387982837901026
vertex 0.8506666666666667 0.13144545821877357 0.14213576256765387
vertex 0.8506666666666667 0.1543747523039074 0.13770911340608497
endloop
endfacet
facet normal 0 0 0
outer loop
vertex 0.812 0.13144545821877357 0.15912260803257777
vertex 0.812 0.1025209714440861 0.16284984235939826
vertex 0.8506666666666667 0.1025209714440861 0.14528278758072372
endloop
endfacet
facet normal 0 0 0
outer loop
vertex 0.812 0.13144545821877357 0.15912260803257777
vertex 0.8506666666666667 0.1025209714440861 0.14528278758072372
vertex 0.8506666666666667 0.13144545821877357 0.14213576256765387
endloop
endfacet
facet normal 0 0 0
outer loop
vertex 0.812 0.1025209714440861 0.16284984235939826
vertex 0.812 0.06542495351040951 0.1650831336308783
vertex 0.8506666666666667 0.06542495351040951 0.147168427944745
endloop
endfacet
facet normal 0 0 0
outer loop
vertex 0.812 0.1025209714440861 0.16284984235939826
vertex 0.8506666666666667 0.06542495351040951 0.147168427944745
vertex 0.8506666666666667 0.1025209714440861 0.14528278758072372
endloop
endfacet
facet normal 0 0 0
outer loop
vertex 0.812 0.06542495351040951 0.1650831336308783
vertex 0.812 3.021622295691668e-12 0.16582739356339032
vertex 0.8506666666666667 3.021622295691668e-12 0.14779683078139708
endloop
endfacet
facet normal 0 0 0
outer loop
vertex 0.812 0.06542495351040951 0.1650831336308783
vertex 0.8506666666666667 3.021622295691668e-12 0.14779683078139708
vertex 0.8506666666666667 0.06542495351040951 0.147168427944745
endloop
endfacet
facet normal 0 0 0
outer loop
vertex 0.812 3.021622295691668e-12 0.16582739356339032
vertex 0.812 -0.06542495351040949 0.1650831336308783
vertex 0.8506666666666667 -0.06542495351040949 0.147168427944745
endloop
endfacet
facet normal 0 0 0
outer loop
vertex 0.812 3.021622295691668e-12 0.16582739356339032
vertex 0.8506666666666667 -0.06542495351040949 0.147168427944745
vertex 0.8506666666666667 3.021622295691668e-12 0.14779683078139708
endloop
endfacet
facet normal 0 0 0
outer loop
vertex 0.812 -0.06542495351040949 0.1650831336308783
vertex 0.812 -0.10252097144408608 0.16284984235939826
vertex 0.8506666666666667 -0.10252097144408608 0.14528278758072372
endloop
endfacet
facet normal 0 0 0
outer loop
vertex 0.812 -0.06542495351040949 0.1650831336308783
vertex 0.8506666666666667 -0.10252097144408608 0.14528278758072372
vertex 0.8506666666666667 -0.06542495351040949 0.147168427944745
endloop
endfacet
facet normal 0 0 0
outer loop
vertex 0.812 -0.10252097144408608 0.16284984235939826
vertex 0.812 -0.13144545821877351 0.15912260803257777
vertex 0.8506666666666667 -0.13144545821877351 0.14213576256765387
endloop
endfacet
facet normal 0 0 0
outer loop
vertex 0.812 -0.10252097144408608 0.16284984235939826
vertex 0.8506666666666667 -0.13144545821877351 0.14213576256765387
vertex 0.8506666666666667 -0.10252097144408608 0.14528278758072372
endloop
endfacet
facet normal 0 0 0
outer loop
vertex 0.812 -0.13144545821877351 0.15912260803257777
vertex 0.812 -0.1543747523039074 0.15387982837901026
vertex 0.8506666666666667 -0.1543747523039074 0.13770911340608497
endloop
endfacet
facet normal 0 0 0
outer loop
vertex 0.812 -0.13144545821877351 0.15912260803257777
vertex 0.8506666666666667 -0.1543747523039074 0.13770911340608497
vertex 0.8506666666666667 -0.13144545821877351 0.14213576256765387
endloop
endfacet
facet normal 0 0 0
outer loop
vertex 0.812 -0.1543747523039074 0.15387982837901026
vertex 0.812 -0.17198234255086925 0.14705247524243054
vertex 0.8506666666666667 -0.17198234255086925 0.13194455738145586
endloop
endfacet
facet normal 0 0 0
outer loop
vertex 0.812 -0.1543747523039074 0.15387982837901026
vertex 0.8506666666666667 -0.17198234255086925 0.13194455738145586
vertex 0.8506666666666667 -0.1543747523039074 0.13770911340608497
endloop
endfacet
facet normal 0 0 0
outer loop
vertex 0.812 -0.17198234255086925 0.14705247524243054
vertex 0.812 -0.1845000562671816 0.13844001274044904
vertex 0.8506666666666667 -0.1845000562671816 0.12467277553430196
endloop
endfacet
facet normal 0 0 0
outer loop
vertex 0.812 -0.17198234255086925 0.14705247524243054
vertex 0.8506666666666667 -0.1845000562671816 0.12467277553430196
vertex 0.8506666666666667 -0.17198234255086925 0.13194455738145586
endloop
endfacet
facet normal 0 0 0
outer loop
vertex 0.812 -0.1845000562671816 0.13844001274044904
vertex 0.812 -0.19200044350614923 0.12739442130384612
vertex 0.8506666666666667 -0.19200044350614923 0.11534662389285355
endloop
endfacet
facet normal 0 0 0
outer loop
vertex 0.812 -0.1845000562671816 0.13844001274044904
vertex 0.8506666666666667 -0.19200044350614923 0.11534662389285355
vertex 0.8506666666666667 -0.1845000562671816 0.12467277553430196
endloop
endfacet
facet normal 0 0 0
outer loop
vertex 0.812 -0.19200044350614923 0.12739442130384612
vertex 0.812 -0.1945 0.10791369678312336
vertex 0.8506666666666667 -0.1945 0.09889841539190442
endloop
endfacet
facet normal 0 0 0
outer loop
vertex 0.812 -0.19200044350614923 0.12739442130384612
vertex 0.8506666666666667 -0.1945 0.09889841539190442
vertex 0.8506666666666667 -0.19200044350614923 0.11534662389285355
endloop
endfacet
facet normal 0 0 0
outer loop
vertex 0.812 -0.1945 0.10791369678312336
vertex 0.812 -0.19200044350614923 0.0884329722595442
vertex 0.8506666666666667 -0.19200044350614923 0.08245020688854356
endloop
endfacet
facet normal 0 0 0
outer loop
vertex 0.812 -0.1945 0.10791369678312336
vertex 0.8506666666666667 -0.19200044350614923 0.08245020688854356
vertex 0.8506666666666667 -0.1945 0.09889841539190442
endloop
endfacet
facet normal 0 0 0
outer loop
vertex 0.812 -0.19200044350614923 0.0884329722595442
vertex 0.812 -0.18450005626718163 0.07738738082294128
vertex 0.8506666666666667 -0.18450005626718163 0.07312405524709513
endloop
endfacet
facet normal 0 0 0
outer loop
vertex 0.812 -0.19200044350614923 0.0884329722595442
vertex 0.8506666666666667 -0.18450005626718163 0.07312405524709513
vertex 0.8506666666666667 -0.19200044350614923 0.08245020688854356
endloop
endfacet
facet normal 0 0 0
outer loop
vertex 0.812 -0.18450005626718163 0.07738738082294128
vertex 0.812 -0.17198234255086925 0.06877491832095978
vertex 0.8506666666666667 -0.17198234255086925 0.06585227339994124
endloop
endfacet
facet normal 0 0 0
outer loop
vertex 0.812 -0.18450005626718163 0.07738738082294128
vertex 0.8506666666666667 -0.17198234255086925 0.06585227339994124
vertex 0.8506666666666667 -0.18450005626718163 0.07312405524709513
endloop
endfacet
facet normal 0 0 0
outer loop
vertex 0.812 -0.17198234255086925 0.06877491832095978
vertex 0.812 -0.15437475230390743 0.06194756518438005
vertex 0.8506666666666667 -0.15437475230390743 0.06008771737531212
endloop
endfacet
facet normal 0 0 0
outer loop
vertex 0.812 -0.17198234255086925 0.06877491832095978
vertex 0.8506666666666667 -0.15437475230390743 0.06008771737531212
vertex 0.8506666666666667 -0.17198234255086925 0.06585227339994124
endloop
endfacet
facet normal 0 0 0
outer loop
vertex 0.812 -0.15437475230390743 0.06194756518438005
vertex 0.812 -0.13144545821877354 0.05670478553081254
vertex 0.8506666666666667 -0.13144545821877354 0.05566106821374322
endloop
endfacet
facet normal 0 0 0
outer loop
vertex 0.812 -0.15437475230390743 0.06194756518438005
vertex 0.8506666666666667 -0.13144545821877354 0.05566106821374322
vertex 0.8506666666666667 -0.15437475230390743 0.06008771737531212
endloop
endfacet
facet normal 0 0 0
outer loop
vertex 0.812 -0.13144545821877354 0.05670478553081254
vertex 0.812 -0.10252097144408619 0.05297755120399207
vertex 0.8506666666666667 -0.10252097144408619 0.05251404320067336
endloop
endfacet
facet normal 0 0 0
outer loop
vertex 0.812 -0.13144545821877354 0.05670478553081254
vertex 0.8506666666666667 -0.10252097144408619 0.05251404320067336
vertex 0.8506666666666667 -0.13144545821877354 0.05566106821374322
endloop
endfacet
facet normal 0 0 0
outer loop
vertex 0.812 -0.10252097144408619 0.05297755120399207
vertex 0.812 -0.0654249535104096 0.05074425993251204
vertex 0.8506666666666667 -0.0654249535104096 0.05062840283665212
endloop
endfacet
facet normal 0 0 0
outer loop
vertex 0.812 -0.10252097144408619 0.05297755120399207
vertex 0.8506666666666667 -0.0654249535104096 0.05062840283665212
vertex 0.8506666666666667 -0.10252097144408619 0.05251404320067336
endloop
endfacet
facet normal 0 0 0
outer loop
vertex 0.812 -0.0654249535104096 0.05074425993251204
vertex 0.812 -6.285227656641195e-12 0.049999999999999996
vertex 0.8506666666666667 -6.285227656641195e-12 0.05000000000000001
endloop
endfacet
facet normal 0 0 0
outer loop
vertex 0.812 -0.0654249535104096 0.05074425993251204
vertex 0.8506666666666667 -6.285227656641195e-12 0.05000000000000001
vertex 0.8506666666666667 -0.0654249535104096 0.05062840283665212
endloop
endfacet
facet normal 0 0 0
outer loop
vertex 0.812 -6.285227656641195e-12 0.049999999999999996
vertex 0.812 0.06542495351040951 0.05074425993251204
vertex 0.8506666666666667 0.06542495351040951 0.05062840283665211
endloop
endfacet
facet normal 0 0 0
outer loop
vertex 0.812 -6.285227656641195e-12 0.049999999999999996
vertex 0.8506666666666667 0.06542495351040951 0.05062840283665211
vertex 0.8506666666666667 -6.285227656641195e-12 0.05000000000000001
endloop
endfacet
facet normal 0 0 0
outer loop
vertex 0.812 0.06542495351040951 0.05074425993251204
vertex 0.812 0.10252097144408612 0.05297755120399207
vertex 0.8506666666666667 0.10252097144408612 0.05251404320067336
endloop
endfacet
facet normal 0 0 0
outer loop
vertex 0.812 0.06542495351040951 0.05074425993251204
vertex 0.8506666666666667 0.10252097144408612 0.05251404320067336
vertex 0.8506666666666667 0.06542495351040951 0.05062840283665211
endloop
endfacet
facet normal 0 0 0
outer loop
vertex 0.812 0.10252097144408612 0.05297755120399207
vertex 0.812 0.13144545821877351 0.056704785530812526
vertex 0.8506666666666667 0.13144545821877351 0.05566106821374321
endloop
endfacet
facet normal 0 0 0
outer loop
vertex 0.812 0.10252097144408612 0.05297755120399207
vertex 0.8506666666666667 0.13144545821877351 0.05566106821374321
vertex 0.8506666666666667 0.10252097144408612 0.05251404320067336
endloop
endfacet
facet normal 0 0 0
outer loop
vertex 0.812 0.13144545821877351 0.056704785530812526
vertex 0.812 0.15437475230390738 0.061947565184380035
vertex 0.8506666666666667 0.15437475230390738 0.060087717375312114
endloop
endfacet
facet normal 0 0 0
outer loop
vertex 0.812 0.13144545821877351 0.056704785530812526
vertex 0.8506666666666667 0.15437475230390738 0.060087717375312114
vertex 0.8506666666666667 0.13144545821877351 0.05566106821374321
endloop
endfacet
facet normal 0 0 0
outer loop
vertex 0.812 0.15437475230390738 0.061947565184380035
vertex 0.812 0.17198234255086922 0.06877491832095978
vertex 0.8506666666666667 0.17198234255086922 0.06585227339994124
endloop
endfacet
facet normal 0 0 0
outer loop
vertex 0.812 0.15437475230390738 0.061947565184380035
vertex 0.8506666666666667 0.17198234255086922 0.06585227339994124
vertex 0.8506666666666667 0.15437475230390738 0.060087717375312114
endloop
endfacet
facet normal 0 0 0
outer loop
vertex 0.812 0.17198234255086922 0.06877491832095978
vertex 0.812 0.18450005626718158 0.07738738082294123
vertex 0.8506666666666667 0.18450005626718158 0.0731240552470951
endloop
endfacet
facet normal 0 0 0
outer loop
vertex 0.812 0.17198234255086922 0.06877491832095978
vertex 0.8506666666666667 0.18450005626718158 0.0731240552470951
vertex 0.8506666666666667 0.17198234255086922 0.06585227339994124
endloop
endfacet
facet normal 0 0 0
outer loop
vertex 0.812 0.18450005626718158 0.07738738082294123
vertex 0.812 0.1920004435061492 0.08843297225954419
vertex 0.8506666666666667 0.1920004435061492 0.08245020688854354
endloop
endfacet
facet normal 0 0 0
outer loop
vertex 0.812 0.18450005626718158 0.07738738082294123
vertex 0.8506666666666667 0.1920004435061492 0.08245020688854354
vertex 0.8506666666666667 0.18450005626718158 0.0731240552470951
endloop
endfacet
facet normal 0 0 0
outer loop
vertex 0.812 0.1920004435061492 0.08843297225954419
vertex 0.812 0.1945 0.10791369678169516
vertex 0.8506666666666667 0.1945 0.09889841539069855
endloop
endfacet
facet normal 0 0 0
outer loop
vertex 0.812 0.1920004435061492 0.08843297225954419
vertex 0.8506666666666667 0.1945 0.09889841539069855
vertex 0.8506666666666667 0.1920004435061492 0.08245020688854354
endloop
endfacet
facet normal 0 0 0
outer loop
vertex 0.8506666666666667 0.1945 0.09889841539069855
vertex 0.8506666666666667 0.19200044350614923 0.11534662389285352
vertex 0.8893333333333334 0.19200044350614923 0.1032988264818609
endloop
endfacet
facet normal 0 0 0
outer loop
vertex 0.8506666666666667 0.1945 0.09889841539069855
vertex 0.8893333333333334 0.19200044350614923 0.1032988264818609
vertex 0.8893333333333334 0.1945 0.08988313399970188
endloop
endfacet
facet normal 0 0 0
outer loop
vertex 0.8506666666666667 0.19200044350614923 0.11534662389285352
vertex 0.8506666666666667 0.1845000562671816 0.12467277553430196
vertex 0.8893333333333334 0.1845000562671816 0.11090553832815482
endloop
endfacet
facet normal 0 0 0
outer loop
vertex 0.8506666666666667 0.19200044350614923 0.11534662389285352
vertex 0.8893333333333334 0.1845000562671816 0.11090553832815482
vertex 0.8893333333333334 0.19200044350614923 0.1032988264818609
endloop
endfacet
facet normal 0 0 0
outer loop
vertex 0.8506666666666667 0.1845000562671816 0.12467277553430196
vertex 0.8506666666666667 0.17198234255086922 0.13194455738145586
vertex 0.8893333333333334 0.17198234255086922 0.11683663952048111
endloop
endfacet
facet normal 0 0 0
outer loop
vertex 0.8506666666666667 0.1845000562671816 0.12467277553430196
vertex 0.8893333333333334 0.17198234255086922 0.11683663952048111
vertex 0.8893333333333334 0.1845000562671816 0.11090553832815482
endloop
endfacet
facet normal 0 0 0
outer loop
vertex 0.8506666666666667 0.17198234255086922 0.13194455738145586
vertex 0.8506666666666667 0.1543747523039074 0.13770911340608497
vertex 0.8893333333333334 0.1543747523039074 0.1215383984331596
endloop
endfacet
facet normal 0 0 0
outer loop
vertex 0.8506666666666667 0.17198234255086922 0.13194455738145586
vertex 0.8893333333333334 0.1543747523039074 0.1215383984331596
vertex 0.8893333333333334 0.17198234255086922 0.11683663952048111
endloop
endfacet
facet normal 0 0 0
outer loop
vertex 0.8506666666666667 0.1543747523039074 0.13770911340608497
vertex 0.8506666666666667 0.13144545821877357 0.14213576256765387
vertex 0.8893333333333334 0.13144545821877357 0.1251489171027299
endloop
endfacet
facet normal 0 0 0
outer loop
vertex 0.8506666666666667 0.1543747523039074 0.13770911340608497
vertex 0.8893333333333334 0.13144545821877357 0.1251489171027299
vertex 0.8893333333333334 0.1543747523039074 0.1215383984331596
endloop
endfacet
facet normal 0 0 0
outer loop
vertex 0.8506666666666667 0.13144545821877357 0.14213576256765387
vertex 0.8506666666666667 0.1025209714440861 0.14528278758072372
vertex 0.8893333333333334 0.1025209714440861 0.12771573280204912
endloop
endfacet
facet normal 0 0 0
outer loop
vertex 0.8506666666666667 0.13144545821877357 0.14213576256765387
vertex 0.8893333333333334 0.1025209714440861 0.12771573280204912
vertex 0.8893333333333334 0.13144545821877357 0.1251489171027299
endloop
endfacet
facet normal 0 0 0
outer loop
vertex 0.8506666666666667 0.1025209714440861 0.14528278758072372
vertex 0.8506666666666667 0.06542495351040951 0.147168427944745
vertex 0.8893333333333334 0.06542495351040951 0.1292537222586116
endloop
endfacet
facet normal 0 0 0
outer loop
vertex 0.8506666666666667 0.1025209714440861 0.14528278758072372
vertex 0.8893333333333334 0.06542495351040951 0.1292537222586116
vertex 0.8893333333333334 0.1025209714440861 0.12771573280204912
endloop
endfacet
facet normal 0 0 0
outer loop
vertex 0.8506666666666667 0.06542495351040951 0.147168427944745
vertex 0.8506666666666667 3.021622295691668e-12 0.14779683078139708
vertex 0.8893333333333334 3.021622295691668e-12 0.12976626799940377
endloop
endfacet
facet normal 0 0 0
outer loop
vertex 0.8506666666666667 0.06542495351040951 0.147168427944745
vertex 0.8893333333333334 3.021622295691668e-12 0.12976626799940377
vertex 0.8893333333333334 0.06542495351040951 0.1292537222586116
endloop
endfacet
facet normal 0 0 0
outer loop
vertex 0.8506666666666667 3.021622295691668e-12 0.14779683078139708
vertex 0.8506666666666667 -0.06542495351040949 0.147168427944745
vertex 0.8893333333333334 -0.06542495351040949 0.1292537222586116
endloop
endfacet
facet normal 0 0 0
outer loop
vertex 0.8506666666666667 3.021622295691668e-12 0.14779683078139708
vertex 0.8893333333333334 -0.06542495351040949 0.1292537222586116
vertex 0.8893333333333334 3.021622295691668e-12 0.12976626799940377
endloop
endfacet
facet normal 0 0 0
outer loop
vertex 0.8506666666666667 -0.06542495351040949 0.147168427944745
vertex 0.8506666666666667 -0.10252097144408608 0.14528278758072372
vertex 0.8893333333333334 -0.10252097144408608 0.12771573280204912
endloop
endfacet
facet normal 0 0 0
outer loop
vertex 0.8506666666666667 -0.06542495351040949 0.147168427944745
vertex 0.8893333333333334 -0.10252097144408608 0.12771573280204912
vertex 0.8893333333333334 -0.06542495351040949 0.1292537222586116
endloop
endfacet
facet normal 0 0 0
outer loop
vertex 0.8506666666666667 -0.10252097144408608 0.14528278758072372
vertex 0.8506666666666667 -0.13144545821877351 0.14213576256765387
vertex 0.8893333333333334 -0.13144545821877351 0.1251489171027299
endloop
endfacet
facet normal 0 0 0
outer loop
vertex 0.8506666666666667 -0.10252097144408608 0.14528278758072372
vertex 0.8893333333333334 -0.13144545821877351 0.1251489171027299
vertex 0.8893333333333334 -0.10252097144408608 0.12771573280204912
endloop
endfacet
facet normal 0 0 0
outer loop
vertex 0.8506666666666667 -0.13144545821877351 0.14213576256765387
vertex 0.8506666666666667 -0.1543747523039074 0.13770911340608497
vertex 0.8893333333333334 -0.1543747523039074 0.1215383984331596
endloop
endfacet
facet normal 0 0 0
outer loop
vertex 0.8506666666666667 -0.13144545821877351 0.14213576256765387
vertex 0.8893333333333334 -0.1543747523039074 0.1215383984331596
vertex 0.8893333333333334 -0.13144545821877351 0.1251489171027299
endloop
endfacet
facet normal 0 0 0
outer loop
vertex 0.8506666666666667 -0.1543747523039074 0.13770911340608497
vertex 0.8506666666666667 -0.17198234255086925 0.13194455738145586
vertex 0.8893333333333334 -0.17198234255086925 0.11683663952048111
endloop
endfacet
facet normal 0 0 0
outer loop
vertex 0.8506666666666667 -0.1543747523039074 0.13770911340608497
vertex 0.8893333333333334 -0.17198234255086925 0.11683663952048111
vertex 0.8893333333333334 -0.1543747523039074 0.1215383984331596
endloop
endfacet
facet normal 0 0 0
outer loop
vertex 0.8506666666666667 -0.17198234255086925 0.13194455738145586
vertex 0.8506666666666667 -0.1845000562671816 0.12467277553430196
vertex 0.8893333333333334 -0.1845000562671816 0.11090553832815482
endloop
endfacet
facet normal 0 0 0
outer loop
vertex 0.8506666666666667 -0.17198234255086925 0.13194455738145586
vertex 0.8893333333333334 -0.1845000562671816 0.11090553832815482
vertex 0.8893333333333334 -0.17198234255086925 0.11683663952048111
endloop
endfacet
facet normal 0 0 0
outer loop
vertex 0.8506666666666667 -0.1845000562671816 0.12467277553430196
vertex 0.8506666666666667 -0.19200044350614923 0.11534662389285355
vertex 0.8893333333333334 -0.19200044350614923 0.10329882648186091
endloop
endfacet
facet normal 0 0 0
outer loop
vertex 0.8506666666666667 -0.1845000562671816 0.12467277553430196
vertex 0.8893333333333334 -0.19200044350614923 0.10329882648186091
vertex 0.8893333333333334 -0.1845000562671816 0.11090553832815482
endloop
endfacet
facet normal 0 0 0
outer loop
vertex 0.8506666666666667 -0.19200044350614923 0.11534662389285355
vertex 0.8506666666666667 -0.1945 0.09889841539190442
vertex 0.8893333333333334 -0.1945 0.08988313400068543
endloop
endfacet
facet normal 0 0 0
outer loop
vertex 0.8506666666666667 -0.19200044350614923 0.11534662389285355
vertex 0.8893333333333334 -0.1945 0.08988313400068543
vertex 0.8893333333333334 -0.19200044350614923 0.10329882648186091
endloop
endfacet
facet normal 0 0 0
outer loop
vertex 0.8506666666666667 -0.1945 0.09889841539190442
vertex 0.8506666666666667 -0.19200044350614923 0.08245020688854356
vertex 0.8893333333333334 -0.19200044350614923 0.07646744151754287
endloop
endfacet
facet normal 0 0 0
outer loop
vertex 0.8506666666666667 -0.1945 0.09889841539190442
vertex 0.8893333333333334 -0.19200044350614923 0.07646744151754287
vertex 0.8893333333333334 -0.1945 0.08988313400068543
endloop
endfacet
facet normal 0 0 0
outer loop
vertex 0.8506666666666667 -0.19200044350614923 0.08245020688854356
vertex 0.8506666666666667 -0.18450005626718163 0.07312405524709513
vertex 0.8893333333333334 -0.18450005626718163 0.06886072967124895
endloop
endfacet
facet normal 0 0 0
outer loop
vertex 0.8506666666666667 -0.19200044350614923 0.08245020688854356
vertex 0.8893333333333334 -0.18450005626718163 0.06886072967124895
vertex 0.8893333333333334 -0.19200044350614923 0.07646744151754287
endloop
endfacet
facet normal 0 0 0
outer loop
vertex 0.8506666666666667 -0.18450005626718163 0.07312405524709513
vertex 0.8506666666666667 -0.17198234255086925 0.06585227339994124
vertex 0.8893333333333334 -0.17198234255086925 0.06292962847892265
endloop
endfacet
facet normal 0 0 0
outer loop
vertex 0.8506666666666667 -0.18450005626718163 0.07312405524709513
vertex 0.8893333333333334 -0.17198234255086925 0.06292962847892265
vertex 0.8893333333333334 -0.18450005626718163 0.06886072967124895
endloop
endfacet
facet normal 0 0 0
outer loop
vertex 0.8506666666666667 -0.17198234255086925 0.06585227339994124
vertex 0.8506666666666667 -0.15437475230390743 0.06008771737531212
vertex 0.8893333333333334 -0.15437475230390743 0.058227869566244164
endloop
endfacet
facet normal 0 0 0
outer loop
vertex 0.8506666666666667 -0.17198234255086925 0.06585227339994124
vertex 0.8893333333333334 -0.15437475230390743 0.058227869566244164
vertex 0.8893333333333334 -0.17198234255086925 0.06292962847892265
endloop
endfacet
facet normal 0 0 0
outer loop
vertex 0.8506666666666667 -0.15437475230390743 0.06008771737531212
vertex 0.8506666666666667 -0.13144545821877354 0.05566106821374322
vertex 0.8893333333333334 -0.13144545821877354 0.05461735089667387
endloop
endfacet
facet normal 0 0 0
outer loop
vertex 0.8506666666666667 -0.15437475230390743 0.06008771737531212
vertex 0.8893333333333334 -0.13144545821877354 0.05461735089667387
vertex 0.8893333333333334 -0.15437475230390743 0.058227869566244164
endloop
endfacet
facet normal 0 0 0
outer loop
vertex 0.8506666666666667 -0.13144545821877354 0.05566106821374322
vertex 0.8506666666666667 -0.10252097144408619 0.05251404320067336
vertex 0.8893333333333334 -0.10252097144408619 0.05205053519735463
endloop
endfacet
facet normal 0 0 0
outer loop
vertex 0.8506666666666667 -0.13144545821877354 0.05566106821374322
vertex 0.8893333333333334 -0.10252097144408619 0.05205053519735463
vertex 0.8893333333333334 -0.13144545821877354 0.05461735089667387
endloop
endfacet
facet normal 0 0 0
outer loop
vertex 0.8506666666666667 -0.10252097144408619 0.05251404320067336
vertex 0.8506666666666667 -0.0654249535104096 0.05062840283665212
vertex 0.8893333333333334 -0.0654249535104096 0.05051254574079216
endloop
endfacet
facet normal 0 0 0
outer loop
vertex 0.8506666666666667 -0.10252097144408619 0.05251404320067336
vertex 0.8893333333333334 -0.0654249535104096 0.05051254574079216
vertex 0.8893333333333334 -0.10252097144408619 0.05205053519735463
endloop
endfacet
facet normal 0 0 0
outer loop
vertex 0.8506666666666667 -0.0654249535104096 0.05062840283665212
vertex 0.8506666666666667 -6.285227656641195e-12 0.05000000000000001
vertex 0.8893333333333334 -6.285227656641195e-12 0.049999999999999996
endloop
endfacet
facet normal 0 0 0
outer loop
vertex 0.8506666666666667 -0.0654249535104096 0.05062840283665212
vertex 0.8893333333333334 -6.285227656641195e-12 0.049999999999999996
vertex 0.8893333333333334 -0.0654249535104096 0.05051254574079216
endloop
endfacet
facet normal 0 0 0
outer loop
vertex 0.8506666666666667 -6.285227656641195e-12 0.05000000000000001
vertex 0.8506666666666667 0.06542495351040951 0.05062840283665211
vertex 0.8893333333333334 0.06542495351040951 0.05051254574079216
endloop
endfacet
facet normal 0 0 0
outer loop
vertex 0.8506666666666667 -6.285227656641195e-12 0.05000000000000001
vertex 0.8893333333333334 0.06542495351040951 0.05051254574079216
vertex 0.8893333333333334 -6.285227656641195e-12 0.049999999999999996
endloop
endfacet
facet normal 0 0 0
outer loop
vertex 0.8506666666666667 0.06542495351040951 0.05062840283665211
vertex 0.8506666666666667 0.10252097144408612 0.05251404320067336
vertex 0.8893333333333334 0.10252097144408612 0.05205053519735463
endloop
endfacet
facet normal 0 0 0
outer loop
vertex 0.8506666666666667 0.06542495351040951 0.05062840283665211
vertex 0.8893333333333334 0.10252097144408612 0.05205053519735463
vertex 0.8893333333333334 0.06542495351040951 0.05051254574079216
endloop
endfacet
facet normal 0 0 0
outer loop
vertex 0.8506666666666667 0.10252097144408612 0.05251404320067336
vertex 0.8506666666666667 0.13144545821877351 0.05566106821374321
vertex 0.8893333333333334 0.13144545821877351 0.05461735089667386
endloop
endfacet
facet normal 0 0 0
outer loop
vertex 0.8506666666666667 0.10252097144408612 0.05251404320067336
vertex 0.8893333333333334 0.13144545821877351 0.05461735089667386
vertex 0.8893333333333334 0.10252097144408612 0.05205053519735463
endloop
endfacet
facet normal 0 0 0
outer loop
vertex 0.8506666666666667 0.13144545821877351 0.05566106821374321
vertex 0.8506666666666667 0.15437475230390738 0.060087717375312114
vertex 0.8893333333333334 0.15437475230390738 0.05822786956624416
endloop
endfacet
facet normal 0 0 0
outer loop
vertex 0.8506666666666667 0.13144545821877351 0.05566106821374321
vertex 0.8893333333333334 0.15437475230390738 0.05822786956624416
vertex 0.8893333333333334 0.13144545821877351 0.05461735089667386
endloop
endfacet
facet normal 0 0 0
outer loop
vertex 0.8506666666666667 0.15437475230390738 0.060087717375312114
vertex 0.8506666666666667 0.17198234255086922 0.06585227339994124
vertex 0.8893333333333334 0.17198234255086922 0.06292962847892265
endloop
endfacet
facet normal 0 0 0
outer loop
vertex 0.8506666666666667 0.15437475230390738 0.060087717375312114
vertex 0.8893333333333334 0.17198234255086922 0.06292962847892265
vertex 0.8893333333333334 0.15437475230390738 0.05822786956624416
endloop
endfacet
facet normal 0 0 0
outer loop
vertex 0.8506666666666667 0.17198234255086922 0.06585227339994124
vertex 0.8506666666666667 0.18450005626718158 0.0731240552470951
vertex 0.8893333333333334 0.18450005626718158 0.06886072967124893
endloop
endfacet
facet normal 0 0 0
outer loop
vertex 0.8506666666666667 0.17198234255086922 0.06585227339994124
vertex 0.8893333333333334 0.18450005626718158 0.06886072967124893
vertex 0.8893333333333334 0.17198234255086922 0.06292962847892265
endloop
endfacet
facet normal 0 0 0
outer loop
vertex 0.8506666666666667 0.18450005626718158 0.0731240552470951
vertex 0.8506666666666667 0.1920004435061492 0.08245020688854354
vertex 0.8893333333333334 0.1920004435061492 0.07646744151754284
endloop
endfacet
facet normal 0 0 0
outer loop
vertex 0.8506666666666667 0.18450005626718158 0.0731240552470951
vertex 0.8893333333333334 0.1920004435061492 0.07646744151754284
vertex 0.8893333333333334 0.18450005626718158 0.06886072967124893
endloop
endfacet
facet normal 0 0 0
outer loop
vertex 0.8506666666666667 0.1920004435061492 0.08245020688854354
vertex 0.8506666666666667 0.1945 0.09889841539069855
vertex 0.8893333333333334 0.1945 0.08988313399970188
endloop
endfacet
facet normal 0 0 0
outer loop
vertex 0.8506666666666667 0.1920004435061492 0.08245020688854354
vertex 0.8893333333333334 0.1945 0.08988313399970188
vertex 0.8893333333333334 0.1920004435061492 0.07646744151754284
endloop
endfacet
facet normal 0 0 0
outer loop
vertex 0.8893333333333334 0.1945 0.08988313399970188
vertex 0.8893333333333334 0.19200044350614923 0.1032988264818609
vertex 0.928 0.19200044350614923 0.09125102907086832
endloop
endfacet
facet normal 0 0 0
outer loop
vertex 0.8893333333333334 0.1945 0.08988313399970188
vertex 0.928 0.19200044350614923 0.09125102907086832
vertex 0.928 0.1945 0.08086785260870527
endloop
endfacet
facet normal 0 0 0
outer loop
vertex 0.8893333333333334 0.19200044350614923 0.1032988264818609
vertex 0.8893333333333334 0.1845000562671816 0.11090553832815482
vertex 0.928 0.1845000562671816 0.09713830112200775
endloop
endfacet
facet normal 0 0 0
outer loop
vertex 0.8893333333333334 0.19200044350614923 0.1032988264818609
vertex 0.928 0.1845000562671816 0.09713830112200775
vertex 0.928 0.19200044350614923 0.09125102907086832
endloop
endfacet
facet normal 0 0 0
outer loop
vertex 0.8893333333333334 0.1845000562671816 0.11090553832815482
vertex 0.8893333333333334 0.17198234255086922 0.11683663952048111
vertex 0.928 0.17198234255086922 0.10172872165950644
endloop
endfacet
facet normal 0 0 0
outer loop
vertex 0.8893333333333334 0.1845000562671816 0.11090553832815482
vertex 0.928 0.17198234255086922 0.10172872165950644
vertex 0.928 0.1845000562671816 0.09713830112200775
endloop
endfacet
facet normal 0 0 0
outer loop
vertex 0.8893333333333334 0.17198234255086922 0.11683663952048111
vertex 0.8893333333333334 0.1543747523039074 0.1215383984331596
vertex 0.928 0.1543747523039074 0.1053676834602343
endloop
endfacet
facet normal 0 0 0
outer loop
vertex 0.8893333333333334 0.17198234255086922 0.11683663952048111
vertex 0.928 0.1543747523039074 0.1053676834602343
vertex 0.928 0.17198234255086922 0.10172872165950644
endloop
endfacet
facet normal 0 0 0
outer loop
vertex 0.8893333333333334 0.1543747523039074 0.1215383984331596
vertex 0.8893333333333334 0.13144545821877357 0.1251489171027299
vertex 0.928 0.13144545821877357 0.10816207163780599
endloop
endfacet
facet normal 0 0 0
outer loop
vertex 0.8893333333333334 0.1543747523039074 0.1215383984331596
vertex 0.928 0.13144545821877357 0.10816207163780599
vertex 0.928 0.1543747523039074 0.1053676834602343
endloop
endfacet
facet normal 0 0 0
outer loop
vertex 0.8893333333333334 0.13144545821877357 0.1251489171027299
vertex 0.8893333333333334 0.1025209714440861 0.12771573280204912
vertex 0.928 0.1025209714440861 0.11014867802337462
endloop
endfacet
facet normal 0 0 0
outer loop
vertex 0.8893333333333334 0.13144545821877357 0.1251489171027299
vertex 0.928 0.1025209714440861 0.11014867802337462
vertex 0.928 0.13144545821877357 0.10816207163780599
endloop
endfacet
facet normal 0 0 0
outer loop
vertex 0.8893333333333334 0.1025209714440861 0.12771573280204912
vertex 0.8893333333333334 0.06542495351040951 0.1292537222586116
vertex 0.928 0.06542495351040951 0.1113390165724783
endloop
endfacet
facet normal 0 0 0
outer loop
vertex 0.8893333333333334 0.1025209714440861 0.12771573280204912
vertex 0.928 0.06542495351040951 0.1113390165724783
vertex 0.928 0.1025209714440861 0.11014867802337462
endloop
endfacet
facet normal 0 0 0
outer loop
vertex 0.8893333333333334 0.06542495351040951 0.1292537222586116
vertex 0.8893333333333334 3.021622295691668e-12 0.12976626799940377
vertex 0.928 3.021622295691668e-12 0.11173570521741052
endloop
endfacet
facet normal 0 0 0
outer loop
vertex 0.8893333333333334 0.06542495351040951 0.1292537222586116
vertex 0.928 3.021622295691668e-12 0.11173570521741052
vertex 0.928 0.06542495351040951 0.1113390165724783
endloop
endfacet
facet normal 0 0 0
outer loop
vertex 0.8893333333333334 3.021622295691668e-12 0.12976626799940377
vertex 0.8893333333333334 -0.06542495351040949 0.1292537222586116
vertex 0.928 -0.06542495351040949 0.1113390165724783
endloop
endfacet
facet normal 0 0 0
outer loop
vertex 0.8893333333333334 3.021622295691668e-12 0.12976626799940377
vertex 0.928 -0.06542495351040949 0.1113390165724783
vertex 0.928 3.021622295691668e-12 0.11173570521741052
endloop
endfacet
facet normal 0 0 0
outer loop
vertex 0.8893333333333334 -0.06542495351040949 0.1292537222586116
vertex 0.8893333333333334 -0.10252097144408608 0.12771573280204912
vertex 0.928 -0.10252097144408608 0.11014867802337462
endloop
endfacet
facet normal 0 0 0
outer loop
vertex 0.8893333333333334 -0.06542495351040949 0.1292537222586116
vertex 0.928 -0.10252097144408608 0.11014867802337462
vertex 0.928 -0.06542495351040949 0.1113390165724783
endloop
endfacet
facet normal 0 0 0
outer loop
vertex 0.8893333333333334 -0.10252097144408608 0.12771573280204912
vertex 0.8893333333333334 -0.13144545821877351 0.1251489171027299
vertex 0.928 -0.13144545821877351 0.108162071637806
endloop
endfacet
facet normal 0 0 0
outer loop
vertex 0.8893333333333334 -0.10252097144408608 0.12771573280204912
vertex 0.928 -0.13144545821877351 0.108162071637806
vertex 0.928 -0.10252097144408608 0.11014867802337462
endloop
endfacet
facet normal 0 0 0
outer loop
vertex 0.8893333333333334 -0.13144545821877351 0.1251489171027299
vertex 0.8893333333333334 -0.1543747523039074 0.1215383984331596
vertex 0.928 -0.1543747523039074 0.1053676834602343
endloop
endfacet
facet normal 0 0 0
outer loop
vertex 0.8893333333333334 -0.13144545821877351 0.1251489171027299
vertex 0.928 -0.1543747523039074 0.1053676834602343
vertex 0.928 -0.13144545821877351 0.108162071637806
endloop
endfacet
facet normal 0 0 0
outer loop
vertex 0.8893333333333334 -0.1543747523039074 0.1215383984331596
vertex 0.8893333333333334 -0.17198234255086925 0.11683663952048111
vertex 0.928 -0.17198234255086925 0.10172872165950644
endloop
endfacet
facet normal 0 0 0
outer loop
vertex 0.8893333333333334 -0.1543747523039074 0.1215383984331596
vertex 0.928 -0.17198234255086925 0.10172872165950644
vertex 0.928 -0.1543747523039074 0.1053676834602343
endloop
endfacet
facet normal 0 0 0
outer loop
vertex 0.8893333333333334 -0.17198234255086925 0.11683663952048111
vertex 0.8893333333333334 -0.1845000562671816 0.11090553832815482
vertex 0.928 -0.1845000562671816 0.09713830112200775
endloop
endfacet
facet normal 0 0 0
outer loop
vertex 0.8893333333333334 -0.17198234255086925 0.11683663952048111
vertex 0.928 -0.1845000562671816 0.09713830112200775
vertex 0.928 -0.17198234255086925 0.10172872165950644
endloop
endfacet
facet normal 0 0 0
outer loop
vertex 0.8893333333333334 -0.1845000562671816 0.11090553832815482
vertex 0.8893333333333334 -0.19200044350614923 0.10329882648186091
vertex 0.928 -0.19200044350614923 0.09125102907086834
endloop
endfacet
facet normal 0 0 0
outer loop
vertex 0.8893333333333334 -0.1845000562671816 0.11090553832815482
vertex 0.928 -0.19200044350614923 0.09125102907086834
vertex 0.928 -0.1845000562671816 0.09713830112200775
endloop
endfacet
facet normal 0 0 0
outer loop
vertex 0.8893333333333334 -0.19200044350614923 0.10329882648186091
vertex 0.8893333333333334 -0.1945 0.08988313400068543
vertex 0.928 -0.1945 0.0808678526094665
endloop
endfacet
facet normal 0 0 0
outer loop
vertex 0.8893333333333334 -0.19200044350614923 0.10329882648186091
vertex 0.928 -0.1945 0.0808678526094665
vertex 0.928 -0.19200044350614923 0.09125102907086834
endloop
endfacet
facet normal 0 0 0
outer loop
vertex 0.8893333333333334 -0.1945 0.08988313400068543
vertex 0.8893333333333334 -0.19200044350614923 0.07646744151754287
vertex 0.928 -0.19200044350614923 0.0704846761465422
endloop
endfacet
facet normal 0 0 0
outer loop
vertex 0.8893333333333334 -0.1945 0.08988313400068543
vertex 0.928 -0.19200044350614923 0.0704846761465422
vertex 0.928 -0.1945 0.0808678526094665
endloop
endfacet
facet normal 0 0 0
outer loop
vertex 0.8893333333333334 -0.19200044350614923 0.07646744151754287
vertex 0.8893333333333334 -0.18450005626718163 0.06886072967124895
vertex 0.928 -0.18450005626718163 0.06459740409540281
endloop
endfacet
facet normal 0 0 0
outer loop
vertex 0.8893333333333334 -0.19200044350614923 0.07646744151754287
vertex 0.928 -0.18450005626718163 0.06459740409540281
vertex 0.928 -0.19200044350614923 0.0704846761465422
endloop
endfacet
facet normal 0 0 0
outer loop
vertex 0.8893333333333334 -0.18450005626718163 0.06886072967124895
vertex 0.8893333333333334 -0.17198234255086925 0.06292962847892265
vertex 0.928 -0.17198234255086925 0.060006983557904105
endloop
endfacet
facet normal 0 0 0
outer loop
vertex 0.8893333333333334 -0.18450005626718163 0.06886072967124895
vertex 0.928 -0.17198234255086925 0.060006983557904105
vertex 0.928 -0.18450005626718163 0.06459740409540281
endloop
endfacet
facet normal 0 0 0
outer loop
vertex 0.8893333333333334 -0.17198234255086925 0.06292962847892265
vertex 0.8893333333333334 -0.15437475230390743 0.058227869566244164
vertex 0.928 -0.15437475230390743 0.05636802175717624
endloop
endfacet
facet normal 0 0 0
outer loop
vertex 0.8893333333333334 -0.17198234255086925 0.06292962847892265
vertex 0.928 -0.15437475230390743 0.05636802175717624
vertex 0.928 -0.17198234255086925 0.060006983557904105
endloop
endfacet
facet normal 0 0 0
outer loop
vertex 0.8893333333333334 -0.15437475230390743 0.058227869566244164
vertex 0.8893333333333334 -0.13144545821877354 0.05461735089667387
vertex 0.928 -0.13144545821877354 0.053573633579604554
endloop
endfacet
facet normal 0 0 0
outer loop
vertex 0.8893333333333334 -0.15437475230390743 0.058227869566244164
vertex 0.928 -0.13144545821877354 0.053573633579604554
vertex 0.928 -0.15437475230390743 0.05636802175717624
endloop
endfacet
facet normal 0 0 0
outer loop
vertex 0.8893333333333334 -0.13144545821877354 0.05461735089667387
vertex 0.8893333333333334 -0.10252097144408619 0.05205053519735463
vertex 0.928 -0.10252097144408619 0.05158702719403592
endloop
endfacet
facet normal 0 0 0
outer loop
vertex 0.8893333333333334 -0.13144545821877354 0.05461735089667387
vertex 0.928 -0.10252097144408619 0.05158702719403592
vertex 0.928 -0.13144545821877354 0.053573633579604554
endloop
endfacet
facet normal 0 0 0
outer loop
vertex 0.8893333333333334 -0.10252097144408619 0.05205053519735463
vertex 0.8893333333333334 -0.0654249535104096 0.05051254574079216
vertex 0.928 -0.0654249535104096 0.05039668864493224
endloop
endfacet
facet normal 0 0 0
outer loop
vertex 0.8893333333333334 -0.10252097144408619 0.05205053519735463
vertex 0.928 -0.0654249535104096 0.05039668864493224
vertex 0.928 -0.10252097144408619 0.05158702719403592
endloop
endfacet
facet normal 0 0 0
outer loop
vertex 0.8893333333333334 -0.0654249535104096 0.05051254574079216
vertex 0.8893333333333334 -6.285227656641195e-12 0.049999999999999996
vertex 0.928 -6.285227656641195e-12 0.05000000000000001
endloop
endfacet
facet normal 0 0 0
outer loop
vertex 0.8893333333333334 -0.0654249535104096 0.05051254574079216
vertex 0.928 -6.285227656641195e-12 0.05000000000000001
vertex 0.928 -0.0654249535104096 0.05039668864493224
endloop
endfacet
facet normal 0 0 0
outer loop
vertex 0.8893333333333334 -6.285227656641195e-12 0.049999999999999996
vertex 0.8893333333333334 0.06542495351040951 0.05051254574079216
vertex 0.928 0.06542495351040951 0.05039668864493224
endloop
endfacet
facet normal 0 0 0
outer loop
vertex 0.8893333333333334 -6.285227656641195e-12 0.049999999999999996
vertex 0.928 0.06542495351040951 0.05039668864493224
vertex 0.928 -6.285227656641195e-12 0.05000000000000001
endloop
endfacet
facet normal 0 0 0
outer loop
vertex 0.8893333333333334 0.06542495351040951 0.05051254574079216
vertex 0.8893333333333334 0.10252097144408612 0.05205053519735463
vertex 0.928 0.10252097144408612 0.05158702719403592
endloop
endfacet
facet normal 0 0 0
outer loop
vertex 0.8893333333333334 0.06542495351040951 0.05051254574079216
vertex 0.928 0.10252097144408612 0.05158702719403592
vertex 0.928 0.06542495351040951 0.05039668864493224
endloop
endfacet
facet normal 0 0 0
outer loop
vertex 0.8893333333333334 0.10252097144408612 0.05205053519735463
vertex 0.8893333333333334 0.13144545821877351 0.05461735089667386
vertex 0.928 0.13144545821877351 0.05357363357960454
endloop
endfacet
facet normal 0 0 0
outer loop
vertex 0.8893333333333334 0.10252097144408612 0.05205053519735463
vertex 0.928 0.13144545821877351 0.05357363357960454
vertex 0.928 0.10252097144408612 0.05158702719403592
endloop
endfacet
facet normal 0 0 0
outer loop
vertex 0.8893333333333334 0.13144545821877351 0.05461735089667386
vertex 0.8893333333333334 0.15437475230390738 0.05822786956624416
vertex 0.928 0.15437475230390738 0.056368021757176236
endloop
endfacet
facet normal 0 0 0
outer loop
vertex 0.8893333333333334 0.13144545821877351 0.05461735089667386
vertex 0.928 0.15437475230390738 0.056368021757176236
vertex 0.928 0.13144545821877351 0.05357363357960454
endloop
endfacet
facet normal 0 0 0
outer loop
vertex 0.8893333333333334 0.15437475230390738 0.05822786956624416
vertex 0.8893333333333334 0.17198234255086922 0.06292962847892265
vertex 0.928 0.17198234255086922 0.0600069835579041
endloop
endfacet
facet normal 0 0 0
outer loop
vertex 0.8893333333333334 0.15437475230390738 0.05822786956624416
vertex 0.928 0.17198234255086922 0.0600069835579041
vertex 0.928 0.15437475230390738 0.056368021757176236
endloop
endfacet
facet normal 0 0 0
outer loop
vertex 0.8893333333333334 0.17198234255086922 0.06292962847892265
vertex 0.8893333333333334 0.18450005626718158 0.06886072967124893
vertex 0.928 0.18450005626718158 0.06459740409540278
endloop
endfacet
facet normal 0 0 0
outer loop
vertex 0.8893333333333334 0.17198234255086922 0.06292962847892265
vertex 0.928 0.18450005626718158 0.06459740409540278
vertex 0.928 0.17198234255086922 0.0600069835579041
endloop
endfacet
facet normal 0 0 0
outer loop
vertex 0.8893333333333334 0.18450005626718158 0.06886072967124893
vertex 0.8893333333333334 0.1920004435061492 0.07646744151754284
vertex 0.928 0.1920004435061492 0.0704846761465422
endloop
endfacet
facet normal 0 0 0
outer loop
vertex 0.8893333333333334 0.18450005626718158 0.06886072967124893
vertex 0.928 0.1920004435061492 0.0704846761465422
vertex 0.928 0.18450005626718158 0.06459740409540278
endloop
endfacet
facet normal 0 0 0
outer loop
vertex 0.8893333333333334 0.1920004435061492 0.07646744151754284
vertex 0.8893333333333334 0.1945 0.08988313399970188
vertex 0.928 0.1945 0.08086785260870527
endloop
endfacet
facet normal 0 0 0
outer loop
vertex 0.8893333333333334 0.1920004435061492 0.07646744151754284
vertex 0.928 0.1945 0.08086785260870527
vertex 0.928 0.1920004435061492 0.0704846761465422
endloop
endfacet
facet normal 0 0 0
outer loop
vertex 0.928 0.1945 0.08086785260870527
vertex 0.928 0.19200044350614923 0.09125102907086832
vertex 0.9666666666666667 0.19200044350614923 0.11681875411578652
endloop
endfacet
facet normal 0 0 0
outer loop
vertex 0.928 0.1945 0.08086785260870527
vertex 0.9666666666666667 0.19200044350614923 0.11681875411578652
vertex 0.9666666666666667 0.1945 0.1
endloop
endfacet
facet normal 0 0 0
outer loop
vertex 0.928 0.19200044350614923 0.09125102907086832
vertex 0.928 0.1845000562671816 0.09713830112200775
vertex 0.9666666666666667 0.1845000562671816 0.12635500551261855
endloop
endfacet
facet normal 0 0 0
outer loop
vertex 0.928 0.19200044350614923 0.09125102907086832
vertex 0.9666666666666667 0.1845000562671816 0.12635500551261855
vertex 0.9666666666666667 0.19200044350614923 0.11681875411578652
endloop
endfacet
facet normal 0 0 0
outer loop
vertex 0.928 0.1845000562671816 0.09713830112200775
vertex 0.928 0.17198234255086922 0.10172872165950644
vertex 0.9666666666666667 0.17198234255086922 0.1337906062259058
endloop
endfacet
facet normal 0 0 0
outer loop
vertex 0.928 0.1845000562671816 0.09713830112200775
vertex 0.9666666666666667 0.17198234255086922 0.1337906062259058
vertex 0.9666666666666667 0.1845000562671816 0.12635500551261855
endloop
endfacet
facet normal 0 0 0
outer loop
vertex 0.928 0.17198234255086922 0.10172872165950644
vertex 0.928 0.1543747523039074 0.1053676834602343
vertex 0.9666666666666667 0.1543747523039074 0.139685026299205
endloop
endfacet
facet normal 0 0 0
outer loop
vertex 0.928 0.17198234255086922 0.10172872165950644
vertex 0.9666666666666667 0.1543747523039074 0.139685026299205
vertex 0.9666666666666667 0.17198234255086922 0.1337906062259058
endloop
endfacet
facet normal 0 0 0
outer loop
vertex 0.928 0.1543747523039074 0.1053676834602343
vertex 0.928 0.13144545821877357 0.10816207163780599
vertex 0.9666666666666667 0.13144545821877357 0.144211399113334
endloop
endfacet
facet normal 0 0 0
outer loop
vertex 0.928 0.1543747523039074 0.1053676834602343
vertex 0.9666666666666667 0.13144545821877357 0.144211399113334
vertex 0.9666666666666667 0.1543747523039074 0.139685026299205
endloop
endfacet
facet normal 0 0 0
outer loop
vertex 0.928 0.13144545821877357 0.10816207163780599
vertex 0.928 0.1025209714440861 0.11014867802337462
vertex 0.9666666666666667 0.1025209714440861 0.14742932037716752
endloop
endfacet
facet normal 0 0 0
outer loop
vertex 0.928 0.13144545821877357 0.10816207163780599
vertex 0.9666666666666667 0.1025209714440861 0.14742932037716752
vertex 0.9666666666666667 0.13144545821877357 0.144211399113334
endloop
endfacet
facet normal 0 0 0
outer loop
vertex 0.928 0.1025209714440861 0.11014867802337462
vertex 0.928 0.06542495351040951 0.1113390165724783
vertex 0.9666666666666667 0.06542495351040951 0.14935744049001265
endloop
endfacet
facet normal 0 0 0
outer loop
vertex 0.928 0.1025209714440861 0.11014867802337462
vertex 0.9666666666666667 0.06542495351040951 0.14935744049001265
vertex 0.9666666666666667 0.1025209714440861 0.14742932037716752
endloop
endfacet
facet normal 0 0 0
outer loop
vertex 0.928 0.06542495351040951 0.1113390165724783
vertex 0.928 3.021622295691668e-12 0.11173570521741052
vertex 0.9666666666666667 3.021622295691668e-12 0.15000000000000002
endloop
endfacet
facet normal 0 0 0
outer loop
vertex 0.928 0.06542495351040951 0.1113390165724783
vertex 0.9666666666666667 3.021622295691668e-12 0.15000000000000002
vertex 0.9666666666666667 0.06542495351040951 0.14935744049001265
endloop
endfacet
facet normal 0 0 0
outer loop
vertex 0.928 3.021622295691668e-12 0.11173570521741052
vertex 0.928 -0.06542495351040949 0.1113390165724783
vertex 0.9666666666666667 -0.06542495351040949 0.14935744049001265
endloop
endfacet
facet normal 0 0 0
outer loop
vertex 0.928 3.021622295691668e-12 0.11173570521741052
vertex 0.9666666666666667 -0.06542495351040949 0.14935744049001265
vertex 0.9666666666666667 3.021622295691668e-12 0.15000000000000002
endloop
endfacet
facet normal 0 0 0
outer loop
vertex 0.928 -0.06542495351040949 0.1113390165724783
vertex 0.928 -0.10252097144408608 0.11014867802337462
vertex 0.9666666666666667 -0.10252097144408608 0.14742932037716752
endloop
endfacet
facet normal 0 0 0
outer loop
vertex 0.928 -0.06542495351040949 0.1113390165724783
vertex 0.9666666666666667 -0.10252097144408608 0.14742932037716752
vertex 0.9666666666666667 -0.06542495351040949 0.14935744049001265
endloop
endfacet
facet normal 0 0 0
outer loop
vertex 0.928 -0.10252097144408608 0.11014867802337462
vertex 0.928 -0.13144545821877351 0.108162071637806
vertex 0.9666666666666667 -0.13144545821877351 0.144211399113334
endloop
endfacet
facet normal 0 0 0
outer loop
vertex 0.928 -0.10252097144408608 0.11014867802337462
vertex 0.9666666666666667 -0.13144545821877351 0.144211399113334
vertex 0.9666666666666667 -0.10252097144408608 0.14742932037716752
endloop
endfacet
facet normal 0 0 0
outer loop
vertex 0.928 -0.13144545821877351 0.108162071637806
vertex 0.928 -0.1543747523039074 0.1053676834602343
vertex 0.9666666666666667 -0.1543747523039074 0.139685026299205
endloop
endfacet
facet normal 0 0 0
outer loop
vertex 0.928 -0.13144545821877351 0.108162071637806
vertex 0.9666666666666667 -0.1543747523039074 0.139685026299205
vertex 0.9666666666666667 -0.13144545821877351 0.144211399113334
endloop
endfacet
facet normal 0 0 0
outer loop
vertex 0.928 -0.1543747523039074 0.1053676834602343
vertex 0.928 -0.17198234255086925 0.10172872165950644
vertex 0.9666666666666667 -0.17198234255086925 0.1337906062259058
endloop
endfacet
facet normal 0 0 0
outer loop
vertex 0.928 -0.1543747523039074 0.1053676834602343
vertex 0.9666666666666667 -0.17198234255086925 0.1337906062259058
vertex 0.9666666666666667 -0.1543747523039074 0.139685026299205
endloop
endfacet
facet normal 0 0 0
outer loop
vertex 0.928 -0.17198234255086925 0.10172872165950644
vertex 0.928 -0.1845000562671816 0.09713830112200775
vertex 0.9666666666666667 -0.1845000562671816 0.12635500551261855
endloop
endfacet
facet normal 0 0 0
outer loop
vertex 0.928 -0.17198234255086925 0.10172872165950644
vertex 0.9666666666666667 -0.1845000562671816 0.12635500551261855
vertex 0.9666666666666667 -0.17198234255086925 0.1337906062259058
endloop
endfacet
facet normal 0 0 0
outer loop
vertex 0.928 -0.1845000562671816 0.09713830112200775
vertex 0.928 -0.19200044350614923 0.09125102907086834
vertex 0.9666666666666667 -0.19200044350614923 0.11681875411578653
endloop
endfacet
facet normal 0 0 0
outer loop
vertex 0.928 -0.1845000562671816 0.09713830112200775
vertex 0.9666666666666667 -0.19200044350614923 0.11681875411578653
vertex 0.9666666666666667 -0.1845000562671816 0.12635500551261855
endloop
endfacet
facet normal 0 0 0
outer loop
vertex 0.928 -0.19200044350614923 0.09125102907086834
vertex 0.928 -0.1945 0.0808678526094665
vertex 0.9666666666666667 -0.1945 0.10000000000123305
endloop
endfacet
facet normal 0 0 0
outer loop
vertex 0.928 -0.19200044350614923 0.09125102907086834
vertex 0.9666666666666667 -0.1945 0.10000000000123305
vertex 0.9666666666666667 -0.19200044350614923 0.11681875411578653
endloop
endfacet
facet normal 0 0 0
outer loop
vertex 0.928 -0.1945 0.0808678526094665
vertex 0.928 -0.19200044350614923 0.0704846761465422
vertex 0.9666666666666667 -0.19200044350614923 0.0831812458842135
endloop
endfacet
facet normal 0 0 0
outer loop
vertex 0.928 -0.1945 0.0808678526094665
vertex 0.9666666666666667 -0.19200044350614923 0.0831812458842135
vertex 0.9666666666666667 -0.1945 0.10000000000123305
endloop
endfacet
facet normal 0 0 0
outer loop
vertex 0.928 -0.19200044350614923 0.0704846761465422
vertex 0.928 -0.18450005626718163 0.06459740409540281
vertex 0.9666666666666667 -0.18450005626718163 0.07364499448738147
endloop
endfacet
facet normal 0 0 0
outer loop
vertex 0.928 -0.19200044350614923 0.0704846761465422
vertex 0.9666666666666667 -0.18450005626718163 0.07364499448738147
vertex 0.9666666666666667 -0.19200044350614923 0.0831812458842135
endloop
endfacet
facet normal 0 0 0
outer loop
vertex 0.928 -0.18450005626718163 0.06459740409540281
vertex 0.928 -0.17198234255086925 0.060006983557904105
vertex 0.9666666666666667 -0.17198234255086925 0.06620939377409421
endloop
endfacet
facet normal 0 0 0
outer loop
vertex 0.928 -0.18450005626718163 0.06459740409540281
vertex 0.9666666666666667 -0.17198234255086925 0.06620939377409421
vertex 0.9666666666666667 -0.18450005626718163 0.07364499448738147
endloop
endfacet
facet normal 0 0 0
outer loop
vertex 0.928 -0.17198234255086925 0.060006983557904105
vertex 0.928 -0.15437475230390743 0.05636802175717624
vertex 0.9666666666666667 -0.15437475230390743 0.06031497370079501
endloop
endfacet
facet normal 0 0 0
outer loop
vertex 0.928 -0.17198234255086925 0.060006983557904105
vertex 0.9666666666666667 -0.15437475230390743 0.06031497370079501
vertex 0.9666666666666667 -0.17198234255086925 0.06620939377409421
endloop
endfacet
facet normal 0 0 0
outer loop
vertex 0.928 -0.15437475230390743 0.05636802175717624
vertex 0.928 -0.13144545821877354 0.053573633579604554
vertex 0.9666666666666667 -0.13144545821877354 0.05578860088666601
endloop
endfacet
facet normal 0 0 0
outer loop
vertex 0.928 -0.15437475230390743 0.05636802175717624
vertex 0.9666666666666667 -0.13144545821877354 0.05578860088666601
vertex 0.9666666666666667 -0.15437475230390743 0.06031497370079501
endloop
endfacet
facet normal 0 0 0
outer loop
vertex 0.928 -0.13144545821877354 0.053573633579604554
vertex 0.928 -0.10252097144408619 0.05158702719403592
vertex 0.9666666666666667 -0.10252097144408619 0.052570679622832496
endloop
endfacet
facet normal 0 0 0
outer loop
vertex 0.928 -0.13144545821877354 0.053573633579604554
vertex 0.9666666666666667 -0.10252097144408619 0.052570679622832496
vertex 0.9666666666666667 -0.13144545821877354 0.05578860088666601
endloop
endfacet
facet normal 0 0 0
outer loop
vertex 0.928 -0.10252097144408619 0.05158702719403592
vertex 0.928 -0.0654249535104096 0.05039668864493224
vertex 0.9666666666666667 -0.0654249535104096 0.050642559509987355
endloop
endfacet
facet normal 0 0 0
outer loop
vertex 0.928 -0.10252097144408619 0.05158702719403592
vertex 0.9666666666666667 -0.0654249535104096 0.050642559509987355
vertex 0.9666666666666667 -0.10252097144408619 0.052570679622832496
endloop
endfacet
facet normal 0 0 0
outer loop
vertex 0.928 -0.0654249535104096 0.05039668864493224
vertex 0.928 -6.285227656641195e-12 0.05000000000000001
vertex 0.9666666666666667 -6.285227656641195e-12 0.049999999999999996
endloop
endfacet
facet normal 0 0 0
outer loop
vertex 0.928 -0.0654249535104096 0.05039668864493224
vertex 0.9666666666666667 -6.285227656641195e-12 0.049999999999999996
vertex 0.9666666666666667 -0.0654249535104096 0.050642559509987355
endloop
endfacet
facet normal 0 0 0
outer loop
vertex 0.928 -6.285227656641195e-12 0.05000000000000001
vertex 0.928 0.06542495351040951 0.05039668864493224
vertex 0.9666666666666667 0.06542495351040951 0.05064255950998735
endloop
endfacet
facet normal 0 0 0
outer loop
vertex 0.928 -6.285227656641195e-12 0.05000000000000001
vertex 0.9666666666666667 0.06542495351040951 0.05064255950998735
vertex 0.9666666666666667 -6.285227656641195e-12 0.049999999999999996
endloop
endfacet
facet normal 0 0 0
outer loop
vertex 0.928 0.06542495351040951 0.05039668864493224
vertex 0.928 0.10252097144408612 0.05158702719403592
vertex 0.9666666666666667 0.10252097144408612 0.052570679622832496
endloop
endfacet
facet normal 0 0 0
outer loop
vertex 0.928 0.06542495351040951 0.05039668864493224
vertex 0.9666666666666667 0.10252097144408612 0.052570679622832496
vertex 0.9666666666666667 0.06542495351040951 0.05064255950998735
endloop
endfacet
facet normal 0 0 0
outer loop
vertex 0.928 0.10252097144408612 0.05158702719403592
vertex 0.928 0.13144545821877351 0.05357363357960454
vertex 0.9666666666666667 0.13144545821877351 0.055788600886666
endloop
endfacet
facet normal 0 0 0
outer loop
vertex 0.928 0.10252097144408612 0.05158702719403592
vertex 0.9666666666666667 0.13144545821877351 0.055788600886666
vertex 0.9666666666666667 0.10252097144408612 0.052570679622832496
endloop
endfacet
facet normal 0 0 0
outer loop
vertex 0.928 0.13144545821877351 0.05357363357960454
vertex 0.928 0.15437475230390738 0.056368021757176236
vertex 0.9666666666666667 0.15437475230390738 0.060314973700795
endloop
endfacet
facet normal 0 0 0
outer loop
vertex 0.928 0.13144545821877351 0.05357363357960454
vertex 0.9666666666666667 0.15437475230390738 0.060314973700795
vertex 0.9666666666666667 0.13144545821877351 0.055788600886666
endloop
endfacet
facet normal 0 0 0
outer loop
vertex 0.928 0.15437475230390738 0.056368021757176236
vertex 0.928 0.17198234255086922 0.0600069835579041
vertex 0.9666666666666667 0.17198234255086922 0.06620939377409421
endloop
endfacet
facet normal 0 0 0
outer loop
vertex 0.928 0.15437475230390738 0.056368021757176236
vertex 0.9666666666666667 0.17198234255086922 0.06620939377409421
vertex 0.9666666666666667 0.15437475230390738 0.060314973700795
endloop
endfacet
facet normal 0 0 0
outer loop
vertex 0.928 0.17198234255086922 0.0600069835579041
vertex 0.928 0.18450005626718158 0.06459740409540278
vertex 0.9666666666666667 0.18450005626718158 0.07364499448738143
endloop
endfacet
facet normal 0 0 0
outer loop
vertex 0.928 0.17198234255086922 0.0600069835579041
vertex 0.9666666666666667 0.18450005626718158 0.07364499448738143
vertex 0.9666666666666667 0.17198234255086922 0.06620939377409421
endloop
endfacet
facet normal 0 0 0
outer loop
vertex 0.928 0.18450005626718158 0.06459740409540278
vertex 0.928 0.1920004435061492 0.0704846761465422
vertex 0.9666666666666667 0.1920004435061492 0.08318124588421347
endloop
endfacet
facet normal 0 0 0
outer loop
vertex 0.928 0.18450005626718158 0.06459740409540278
vertex 0.9666666666666667 0.1920004435061492 0.08318124588421347
vertex 0.9666666666666667 0.18450005626718158 0.07364499448738143
endloop
endfacet
facet normal 0 0 0
outer loop
vertex 0.928 0.1920004435061492 0.0704846761465422
vertex 0.928 0.1945 0.08086785260870527
vertex 0.9666666666666667 0.1945 0.1
endloop
endfacet
facet normal 0 0 0
outer loop
vertex 0.928 0.1920004435061492 0.0704846761465422
vertex 0.9666666666666667 0.1945 0.1
vertex 0.9666666666666667 0.1920004435061492 0.08318124588421347
endloop
endfacet
facet normal 0 0 0
outer loop
vertex 0.9666666666666667 0.1945 0.1
vertex 0.9666666666666667 0.19200044350614923 0.11681875411578652
vertex 1.0053333333333334 0.19200044350614923 0.11681875411578652
endloop
endfacet
facet normal 0 0 0
outer loop
vertex 0.9666666666666667 0.1945 0.1
vertex 1.0053333333333334 0.19200044350614923 0.11681875411578652
vertex 1.0053333333333334 0.1945 0.1
endloop
endfacet
facet normal 0 0 0
outer loop
vertex 0.9666666666666667 0.19200044350614923 0.11681875411578652
vertex 0.9666666666666667 0.1845000562671816 0.12635500551261855
vertex 1.0053333333333334 0.1845000562671816 0.12635500551261855
endloop
endfacet
facet normal 0 0 0
outer loop
vertex 0.9666666666666667 0.19200044350614923 0.11681875411578652
vertex 1.0053333333333334 0.1845000562671816 0.12635500551261855
vertex 1.0053333333333334 0.19200044350614923 0.11681875411578652
endloop
endfacet
facet normal 0 0 0
outer loop
vertex 0.9666666666666667 0.1845000562671816 0.12635500551261855
vertex 0.9666666666666667 0.17198234255086922 0.1337906062259058
vertex 1.0053333333333334 0.17198234255086922 0.1337906062259058
endloop
endfacet
facet normal 0 0 0
outer loop
vertex 0.9666666666666667 0.1845000562671816 0.12635500551261855
vertex 1.0053333333333334 0.17198234255086922 0.1337906062259058
vertex 1.0053333333333334 0.1845000562671816 0.12635500551261855
endloop
endfacet
facet normal 0 0 0
outer loop
vertex 0.9666666666666667 0.17198234255086922 0.1337906062259058
vertex 0.9666666666666667 0.1543747523039074 0.139685026299205
vertex 1.0053333333333334 0.1543747523039074 0.139685026299205
endloop
endfacet
facet normal 0 0 0
outer loop
vertex 0.9666666666666667 0.17198234255086922 0.1337906062259058
vertex 1.0053333333333334 0.1543747523039074 0.139685026299205
vertex 1.0053333333333334 0.17198234255086922 0.1337906062259058
endloop
endfacet
facet normal 0 0 0
outer loop
vertex 0.9666666666666667 0.1543747523039074 0.139685026299205
vertex 0.9666666666666667 0.13144545821877357 0.144211399113334
vertex 1.0053333333333334 0.13144545821877357 0.144211399113334
endloop
endfacet
facet normal 0 0 0
outer loop
vertex 0.9666666666666667 0.1543747523039074 0.139685026299205
vertex 1.0053333333333334 0.13144545821877357 0.144211399113334
vertex 1.0053333333333334 0.1543747523039074 0.139685026299205
endloop
endfacet
facet normal 0 0 0
outer loop
vertex 0.9666666666666667 0.13144545821877357 0.144211399113334
vertex 0.9666666666666667 0.1025209714440861 0.14742932037716752
vertex 1.0053333333333334 0.1025209714440861 0.14742932037716752
endloop
endfacet
facet normal 0 0 0
outer loop
vertex 0.9666666666666667 0.13144545821877357 0.144211399113334
vertex 1.0053333333333334 0.1025209714440861 0.14742932037716752
vertex 1.0053333333333334 0.13144545821877357 0.144211399113334
endloop
endfacet
facet normal 0 0 0
outer loop
vertex 0.9666666666666667 0.1025209714440861 0.14742932037716752
vertex 0.9666666666666667 0.06542495351040951 0.14935744049001265
vertex 1.0053333333333334 0.06542495351040951 0.14935744049001265
endloop
endfacet
facet normal 0 0 0
outer loop
vertex 0.9666666666666667 0.1025209714440861 0.14742932037716752
vertex 1.0053333333333334 0.06542495351040951 0.14935744049001265
vertex 1.0053333333333334 0.1025209714440861 0.14742932037716752
endloop
endfacet
facet normal 0 0 0
outer loop
vertex 0.9666666666666667 0.06542495351040951 0.14935744049001265
vertex 0.9666666666666667 3.021622295691668e-12 0.15000000000000002
vertex 1.0053333333333334 3.021622295691668e-12 0.15000000000000002
endloop
endfacet
facet normal 0 0 0
outer loop
vertex 0.9666666666666667 0.06542495351040951 0.14935744049001265
vertex 1.0053333333333334 3.021622295691668e-12 0.15000000000000002
vertex 1.0053333333333334 0.06542495351040951 0.14935744049001265
endloop
endfacet
facet normal 0 0 0
outer loop
vertex 0.9666666666666667 3.021622295691668e-12 0.15000000000000002
vertex 0.9666666666666667 -0.06542495351040949 0.14935744049001265
vertex 1.0053333333333334 -0.06542495351040949 0.14935744049001265
endloop
endfacet
facet normal 0 0 0
outer loop
vertex 0.9666666666666667 3.021622295691668e-12 0.15000000000000002
vertex 1.0053333333333334 -0.06542495351040949 0.14935744049001265
vertex 1.0053333333333334 3.021622295691668e-12 0.15000000000000002
endloop
endfacet
facet normal 0 0 0
outer loop
vertex 0.9666666666666667 -0.06542495351040949 0.14935744049001265
vertex 0.9666666666666667 -0.10252097144408608 0.14742932037716752
vertex 1.0053333333333334 -0.10252097144408608 0.14742932037716752
endloop
endfacet
facet normal 0 0 0
outer loop
vertex 0.9666666666666667 -0.06542495351040949 0.14935744049001265
vertex 1.0053333333333334 -0.10252097144408608 0.14742932037716752
vertex 1.0053333333333334 -0.06542495351040949 0.14935744049001265
endloop
endfacet
facet normal 0 0 0
outer loop
vertex 0.9666666666666667 -0.10252097144408608 0.14742932037716752
vertex 0.9666666666666667 -0.13144545821877351 0.144211399113334
vertex 1.0053333333333334 -0.13144545821877351 0.144211399113334
endloop
endfacet
facet normal 0 0 0
outer loop
vertex 0.9666666666666667 -0.10252097144408608 0.14742932037716752
vertex 1.0053333333333334 -0.13144545821877351 0.144211399113334
vertex 1.0053333333333334 -0.10252097144408608 0.14742932037716752
endloop
endfacet
facet normal 0 0 0
outer loop
vertex 0.9666666666666667 -0.13144545821877351 0.144211399113334
vertex 0.9666666666666667 -0.1543747523039074 0.139685026299205
vertex 1.0053333333333334 -0.1543747523039074 0.139685026299205
endloop
endfacet
facet normal 0 0 0
outer loop
vertex 0.9666666666666667 -0.13144545821877351 0.144211399113334
vertex 1.0053333333333334 -0.1543747523039074 0.139685026299205
vertex 1.0053333333333334 -0.13144545821877351 0.144211399113334
endloop
endfacet
facet normal 0 0 0
outer loop
vertex 0.9666666666666667 -0.1543747523039074 0.139685026299205
vertex 0.9666666666666667 -0.17198234255086925 0.1337906062259058
vertex 1.0053333333333334 -0.17198234255086925 0.1337906062259058
endloop
endfacet
facet normal 0 0 0
outer loop
vertex 0.9666666666666667 -0.1543747523039074 0.139685026299205
vertex 1.0053333333333334 -0.17198234255086925 0.1337906062259058
vertex 1.0053333333333334 -0.1543747523039074 0.139685026299205
endloop
endfacet
facet normal 0 0 0
outer loop
vertex 0.9666666666666667 -0.17198234255086925 0.1337906062259058
vertex 0.9666666666666667 -0.1845000562671816 0.12635500551261855
vertex 1.0053333333333334 -0.1845000562671816 0.12635500551261855
endloop
endfacet
facet normal 0 0 0
outer loop
vertex 0.9666666666666667 -0.17198234255086925 0.1337906062259058
vertex 1.0053333333333334 -0.1845000562671816 0.12635500551261855
vertex 1.0053333333333334 -0.17198234255086925 0.1337906062259058
endloop
endfacet
facet normal 0 0 0
outer loop
vertex 0.9666666666666667 -0.1845000562671816 0.12635500551261855
vertex 0.9666666666666667 -0.19200044350614923 0.11681875411578653
vertex 1.0053333333333334 -0.19200044350614923 0.11681875411578653
endloop
endfacet
facet normal 0 0 0
outer loop
vertex 0.9666666666666667 -0.1845000562671816 0.12635500551261855
vertex 1.0053333333333334 -0.19200044350614923 0.11681875411578653
vertex 1.0053333333333334 -0.1845000562671816 0.12635500551261855
endloop
endfacet
facet normal 0 0 0
outer loop
vertex 0.9666666666666667 -0.19200044350614923 0.11681875411578653
vertex 0.9666666666666667 -0.1945 0.10000000000123305
vertex 1.0053333333333334 -0.1945 0.10000000000123305
endloop
endfacet
facet normal 0 0 0
outer loop
vertex 0.9666666666666667 -0.19200044350614923 0.11681875411578653
vertex 1.0053333333333334 -0.1945 0.10000000000123305
vertex 1.0053333333333334 -0.19200044350614923 0.11681875411578653
endloop
endfacet
facet normal 0 0 0
outer loop
vertex 0.9666666666666667 -0.1945 0.10000000000123305
vertex 0.9666666666666667 -0.19200044350614923 0.0831812458842135
vertex 1.0053333333333334 -0.19200044350614923 0.0831812458842135
endloop
endfacet
facet normal 0 0 0
outer loop
vertex 0.9666666666666667 -0.1945 0.10000000000123305
vertex 1.0053333333333334 -0.19200044350614923 0.0831812458842135
vertex 1.0053333333333334 -0.1945 0.10000000000123305
endloop
endfacet
facet normal 0 0 0
outer loop
vertex 0.9666666666666667 -0.19200044350614923 0.0831812458842135
vertex 0.9666666666666667 -0.18450005626718163 0.07364499448738147
vertex 1.0053333333333334 -0.18450005626718163 0.07364499448738147
endloop
endfacet
facet normal 0 0 0
outer loop
vertex 0.9666666666666667 -0.19200044350614923 0.0831812458842135
vertex 1.0053333333333334 -0.18450005626718163 0.07364499448738147
vertex 1.0053333333333334 -0.19200044350614923 0.0831812458842135
endloop
endfacet
facet normal 0 0 0
outer loop
vertex 0.9666666666666667 -0.18450005626718163 0.07364499448738147
vertex 0.9666666666666667 -0.17198234255086925 0.06620939377409421
vertex 1.0053333333333334 -0.17198234255086925 0.06620939377409421
endloop
endfacet
facet normal 0 0 0
outer loop
vertex 0.9666666666666667 -0.18450005626718163 0.07364499448738147
vertex 1.0053333333333334 -0.17198234255086925 0.06620939377409421
vertex 1.0053333333333334 -0.18450005626718163 0.07364499448738147
endloop
endfacet
facet normal 0 0 0
outer loop
vertex 0.9666666666666667 -0.17198234255086925 0.06620939377409421
vertex 0.9666666666666667 -0.15437475230390743 0.06031497370079501
vertex 1.0053333333333334 -0.15437475230390743 0.06031497370079501
endloop
endfacet
facet normal 0 0 0
outer loop
vertex 0.9666666666666667 -0.17198234255086925 0.06620939377409421
vertex 1.0053333333333334 -0.15437475230390743 0.06031497370079501
vertex 1.0053333333333334 -0.17198234255086925 0.06620939377409421
endloop
endfacet
facet normal 0 0 0
outer loop
vertex 0.9666666666666667 -0.15437475230390743 0.06031497370079501
vertex 0.9666666666666667 -0.13144545821877354 0.05578860088666601
vertex 1.0053333333333334 -0.13144545821877354 0.05578860088666601
endloop
endfacet
facet normal 0 0 0
outer loop
vertex 0.9666666666666667 -0.15437475230390743 0.06031497370079501
vertex 1.0053333333333334 -0.13144545821877354 0.05578860088666601
vertex 1.0053333333333334 -0.15437475230390743 0.06031497370079501
endloop
endfacet
facet normal 0 0 0
outer loop
vertex 0.9666666666666667 -0.13144545821877354 0.05578860088666601
vertex 0.9666666666666667 -0.10252097144408619 0.052570679622832496
vertex 1.0053333333333334 -0.10252097144408619 0.052570679622832496
endloop
endfacet
facet normal 0 0 0
outer loop
vertex 0.9666666666666667 -0.13144545821877354 0.05578860088666601
vertex 1.0053333333333334 -0.10252097144408619 0.052570679622832496
vertex 1.0053333333333334 -0.13144545821877354 0.05578860088666601
endloop
endfacet
facet normal 0 0 0
outer loop
vertex 0.9666666666666667 -0.10252097144408619 0.052570679622832496
vertex 0.9666666666666667 -0.0654249535104096 0.050642559509987355
vertex 1.0053333333333334 -0.0654249535104096 0.050642559509987355
endloop
endfacet
facet normal 0 0 0
outer loop
vertex 0.9666666666666667 -0.10252097144408619 0.052570679622832496
vertex 1.0053333333333334 -0.0654249535104096 0.050642559509987355
vertex 1.0053333333333334 -0.10252097144408619 0.052570679622832496
endloop
endfacet
facet normal 0 0 0
outer loop
vertex 0.9666666666666667 -0.0654249535104096 0.050642559509987355
vertex 0.9666666666666667 -6.285227656641195e-12 0.049999999999999996
vertex 1.0053333333333334 -6.285227656641195e-12 0.049999999999999996
endloop
endfacet
facet normal 0 0 0
outer loop
vertex 0.9666666666666667 -0.0654249535104096 0.050642559509987355
vertex 1.0053333333333334 -6.285227656641195e-12 0.049999999999999996
vertex 1.0053333333333334 -0.0654249535104096 0.050642559509987355
endloop
endfacet
facet normal 0 0 0
outer loop
vertex 0.9666666666666667 -6.285227656641195e-12 0.049999999999999996
vertex 0.9666666666666667 0.06542495351040951 0.05064255950998735
vertex 1.0053333333333334 0.06542495351040951 0.05064255950998735
endloop
endfacet
facet normal 0 0 0
outer loop
vertex 0.9666666666666667 -6.285227656641195e-12 0.049999999999999996
vertex 1.0053333333333334 0.06542495351040951 0.05064255950998735
vertex 1.0053333333333334 -6.285227656641195e-12 0.049999999999999996
endloop
endfacet
facet normal 0 0 0
outer loop
vertex 0.9666666666666667 0.06542495351040951 0.05064255950998735
vertex 0.9666666666666667 0.10252097144408612 0.052570679622832496
vertex 1.0053333333333334 0.10252097144408612 0.052570679622832496
endloop
endfacet
facet normal 0 0 0
outer loop
vertex 0.9666666666666667 0.06542495351040951 0.05064255950998735
vertex 1.0053333333333334 0.10252097144408612 0.052570679622832496
vertex 1.0053333333333334 0.06542495351040951 0.05064255950998735
endloop
endfacet
facet normal 0 0 0
outer loop
vertex 0.9666666666666667 0.10252097144408612 0.052570679622832496
vertex 0.9666666666666667 0.13144545821877351 0.055788600886666
vertex 1.0053333333333334 0.13144545821877351 0.055788600886666
endloop
endfacet
facet normal 0 0 0
outer loop
vertex 0.9666666666666667 0.10252097144408612 0.052570679622832496
vertex 1.0053333333333334 0.13144545821877351 0.055788600886666
vertex 1.0053333333333334 0.10252097144408612 0.052570679622832496
endloop
endfacet
facet normal 0 0 0
outer loop
vertex 0.9666666666666667 0.13144545821877351 0.055788600886666
vertex 0.9666666666666667 0.15437475230390738 0.060314973700795
vertex 1.0053333333333334 0.15437475230390738 0.060314973700795
endloop
endfacet
facet normal 0 0 0
outer loop
vertex 0.9666666666666667 0.13144545821877351 0.055788600886666
vertex 1.0053333333333334 0.15437475230390738 0.060314973700795
vertex 1.0053333333333334 0.13144545821877351 0.055788600886666
endloop
endfacet
facet normal 0 0 0
outer loop
vertex 0.9666666666666667 0.15437475230390738 0.060314973700795
vertex 0.9666666666666667 0.17198234255086922 0.06620939377409421
vertex 1.0053333333333334 0.17198234255086922 0.06620939377409421
endloop
endfacet
facet normal 0 0 0
outer loop
vertex 0.9666666666666667 0.15437475230390738 0.060314973700795
vertex 1.0053333333333334 0.17198234255086922 0.06620939377409421
vertex 1.0053333333333334 0.15437475230390738 0.060314973700795
endloop
endfacet
facet normal 0 0 0
outer loop
vertex 0.9666666666666667 0.17198234255086922 0.06620939377409421
vertex 0.9666666666666667 0.18450005626718158 0.07364499448738143
vertex 1.0053333333333334 0.18450005626718158 0.07364499448738143
endloop
endfacet
facet normal 0 0 0
outer loop
vertex 0.9666666666666667 0.17198234255086922 0.06620939377409421
vertex 1.0053333333333334 0.18450005626718158 0.07364499448738143
vertex 1.0053333333333334 0.17198234255086922 0.06620939377409421
endloop
endfacet
facet normal 0 0 0
outer loop
vertex 0.9666666666666667 0.18450005626718158 0.07364499448738143
vertex 0.9666666666666667 0.1920004435061492 0.08318124588421347
vertex 1.0053333333333334 0.1920004435061492 0.08318124588421347
endloop
endfacet
facet normal 0 0 0
outer loop
vertex 0.9666666666666667 0.18450005626718158 0.07364499448738143
vertex 1.0053333333333334 0.1920004435061492 0.08318124588421347
vertex 1.0053333333333334 0.18450005626718158 0.07364499448738143
endloop
endfacet
facet normal 0 0 0
outer loop
vertex 0.9666666666666667 0.1920004435061492 0.08318124588421347
vertex 0.9666666666666667 0.1945 0.1
vertex 1.0053333333333334 0.1945 0.1
endloop
endfacet
facet normal 0 0 0
outer loop
vertex 0.9666666666666667 0.1920004435061492 0.08318124588421347
vertex 1.0053333333333334 0.1945 0.1
vertex 1.0053333333333334 0.1920004435061492 0.08318124588421347
endloop
endfacet
facet normal 0 0 0
outer loop
vertex 1.0053333333333334 0.1945 0.1
vertex 1.0053333333333334 0.19200044350614923 0.11681875411578652
vertex 1.044 0.19200044350614923 0.11681875411578652
endloop
endfacet
facet normal 0 0 0
outer loop
vertex 1.0053333333333334 0.1945 0.1
vertex 1.044 0.19200044350614923 0.11681875411578652
vertex 1.044 0.1945 0.1
endloop
endfacet
facet normal 0 0 0
outer loop
vertex 1.0053333333333334 0.19200044350614923 0.11681875411578652
vertex 1.0053333333333334 0.1845000562671816 0.12635500551261855
vertex 1.044 0.1845000562671816 0.12635500551261855
endloop
endfacet
facet normal 0 0 0
outer loop
vertex 1.0053333333333334 0.19200044350614923 0.11681875411578652
vertex 1.044 0.1845000562671816 0.12635500551261855
vertex 1.044 0.19200044350614923 0.11681875411578652
endloop
endfacet
facet normal 0 0 0
outer loop
vertex 1.0053333333333334 0.1845000562671816 0.12635500551261855
vertex 1.0053333333333334 0.17198234255086922 0.1337906062259058
vertex 1.044 0.17198234255086922 0.1337906062259058
endloop
endfacet
facet normal 0 0 0
outer loop
vertex 1.0053333333333334 0.1845000562671816 0.12635500551261855
vertex 1.044 0.17198234255086922 0.1337906062259058
vertex 1.044 0.1845000562671816 0.12635500551261855
endloop
endfacet
facet normal 0 0 0
outer loop
vertex 1.0053333333333334 0.17198234255086922 0.1337906062259058
vertex 1.0053333333333334 0.1543747523039074 0.139685026299205
vertex 1.044 0.1543747523039074 0.139685026299205
endloop
endfacet
facet normal 0 0 0
outer loop
vertex 1.0053333333333334 0.17198234255086922 0.1337906062259058
vertex 1.044 0.1543747523039074 0.139685026299205
vertex 1.044 0.17198234255086922 0.1337906062259058
endloop
endfacet
facet normal 0 0 0
outer loop
vertex 1.0053333333333334 0.1543747523039074 0.139685026299205
vertex 1.0053333333333334 0.13144545821877357 0.144211399113334
vertex 1.044 0.13144545821877357 0.144211399113334
endloop
endfacet
facet normal 0 0 0
outer loop
vertex 1.0053333333333334 0.1543747523039074 0.139685026299205
vertex 1.044 0.13144545821877357 0.144211399113334
vertex 1.044 0.1543747523039074 0.139685026299205
endloop
endfacet
facet normal 0 0 0
outer loop
vertex 1.0053333333333334 0.13144545821877357 0.144211399113334
vertex 1.0053333333333334 0.1025209714440861 0.14742932037716752
vertex 1.044 0.1025209714440861 0.14742932037716752
endloop
endfacet
facet normal 0 0 0
outer loop
vertex 1.0053333333333334 0.13144545821877357 0.144211399113334
vertex 1.044 0.1025209714440861 0.14742932037716752
vertex 1.044 0.13144545821877357 0.144211399113334
endloop
endfacet
facet normal 0 0 0
outer loop
vertex 1.0053333333333334 0.1025209714440861 0.14742932037716752
vertex 1.0053333333333334 0.06542495351040951 0.14935744049001265
vertex 1.044 0.06542495351040951 0.14935744049001265
endloop
endfacet
facet normal 0 0 0
outer loop
vertex 1.0053333333333334 0.1025209714440861 0.14742932037716752
vertex 1.044 0.06542495351040951 0.14935744049001265
vertex 1.044 0.1025209714440861 0.14742932037716752
endloop
endfacet
facet normal 0 0 0
outer loop
vertex 1.0053333333333334 0.06542495351040951 0.14935744049001265
vertex 1.0053333333333334 3.021622295691668e-12 0.15000000000000002
vertex 1.044 3.021622295691668e-12 0.15000000000000002
endloop
endfacet
facet normal 0 0 0
outer loop
vertex 1.0053333333333334 0.06542495351040951 0.14935744049001265
vertex 1.044 3.021622295691668e-12 0.15000000000000002
vertex 1.044 0.06542495351040951 0.14935744049001265
endloop
endfacet
facet normal 0 0 0
outer loop
vertex 1.0053333333333334 3.021622295691668e-12 0.15000000000000002
vertex 1.0053333333333334 -0.06542495351040949 0.14935744049001265
vertex 1.044 -0.06542495351040949 0.14935744049001265
endloop
endfacet
facet normal 0 0 0
outer loop
vertex 1.0053333333333334 3.021622295691668e-12 0.15000000000000002
vertex 1.044 -0.06542495351040949 0.14935744049001265
vertex 1.044 3.021622295691668e-12 0.15000000000000002
endloop
endfacet
facet normal 0 0 0
outer loop
vertex 1.0053333333333334 -0.06542495351040949 0.14935744049001265
vertex 1.0053333333333334 -0.10252097144408608 0.14742932037716752
vertex 1.044 -0.10252097144408608 0.14742932037716752
endloop
endfacet
facet normal 0 0 0
outer loop
vertex 1.0053333333333334 -0.06542495351040949 0.14935744049001265
vertex 1.044 -0.10252097144408608 0.14742932037716752
vertex 1.044 -0.06542495351040949 0.14935744049001265
endloop
endfacet
facet normal 0 0 0
outer loop
vertex 1.0053333333333334 -0.10252097144408608 0.14742932037716752
vertex 1.0053333333333334 -0.13144545821877351 0.144211399113334
vertex 1.044 -0.13144545821877351 0.144211399113334
endloop
endfacet
facet normal 0 0 0
outer loop
vertex 1.0053333333333334 -0.10252097144408608 0.14742932037716752
vertex 1.044 -0.13144545821877351 0.144211399113334
vertex 1.044 -0.10252097144408608 0.14742932037716752
endloop
endfacet
facet normal 0 0 0
outer loop
vertex 1.0053333333333334 -0.13144545821877351 0.144211399113334
vertex 1.0053333333333334 -0.1543747523039074 0.139685026299205
vertex 1.044 -0.1543747523039074 0.139685026299205
endloop
endfacet
facet normal 0 0 0
outer loop
vertex 1.0053333333333334 -0.13144545821877351 0.144211399113334
vertex 1.044 -0.1543747523039074 0.139685026299205
vertex 1.044 -0.13144545821877351 0.144211399113334
endloop
endfacet
facet normal 0 0 0
outer loop
vertex 1.0053333333333334 -0.1543747523039074 0.139685026299205
vertex 1.0053333333333334 -0.17198234255086925 0.1337906062259058
vertex 1.044 -0.17198234255086925 0.1337906062259058
endloop
endfacet
facet normal 0 0 0
outer loop
vertex 1.0053333333333334 -0.1543747523039074 0.139685026299205
vertex 1.044 -0.17198234255086925 0.1337906062259058
vertex 1.044 -0.1543747523039074 0.139685026299205
endloop
endfacet
facet normal 0 0 0
outer loop
vertex 1.0053333333333334 -0.17198234255086925 0.1337906062259058
vertex 1.0053333333333334 -0.1845000562671816 0.12635500551261855
vertex 1.044 -0.1845000562671816 0.12635500551261855
endloop
endfacet
facet normal 0 0 0
outer loop
vertex 1.0053333333333334 -0.17198234255086925 0.1337906062259058
vertex 1.044 -0.1845000562671816 0.12635500551261855
vertex 1.044 -0.17198234255086925 0.1337906062259058
endloop
endfacet
facet normal 0 0 0
outer loop
vertex 1.0053333333333334 -0.1845000562671816 0.12635500551261855
vertex 1.0053333333333334 -0.19200044350614923 0.11681875411578653
vertex 1.044 -0.19200044350614923 0.11681875411578653
endloop
endfacet
facet normal 0 0 0
outer loop
vertex 1.0053333333333334 -0.1845000562671816 0.12635500551261855
vertex 1.044 -0.19200044350614923 0.11681875411578653
vertex 1.044 -0.1845000562671816 0.12635500551261855
endloop
endfacet
facet normal 0 0 0
outer loop
vertex 1.0053333333333334 -0.19200044350614923 0.11681875411578653
vertex 1.0053333333333334 -0.1945 0.10000000000123305
vertex 1.044 -0.1945 0.10000000000123305
endloop
endfacet
facet normal 0 0 0
outer loop
vertex 1.0053333333333334 -0.19200044350614923 0.11681875411578653
vertex 1.044 -0.1945 0.10000000000123305
vertex 1.044 -0.19200044350614923 0.11681875411578653
endloop
endfacet
facet normal 0 0 0
outer loop
vertex 1.0053333333333334 -0.1945 0.10000000000123305
vertex 1.0053333333333334 -0.19200044350614923 0.0831812458842135
vertex 1.044 -0.19200044350614923 0.0831812458842135
endloop
endfacet
facet normal 0 0 0
outer loop
vertex 1.0053333333333334 -0.1945 0.10000000000123305
vertex 1.044 -0.19200044350614923 0.0831812458842135
vertex 1.044 -0.1945 0.10000000000123305
endloop
endfacet
facet normal 0 0 0
outer loop
vertex 1.0053333333333334 -0.19200044350614923 0.0831812458842135
vertex 1.0053333333333334 -0.18450005626718163 0.07364499448738147
vertex 1.044 -0.18450005626718163 0.07364499448738147
endloop
endfacet
facet normal 0 0 0
outer loop
vertex 1.0053333333333334 -0.19200044350614923 0.0831812458842135
vertex 1.044 -0.18450005626718163 0.07364499448738147
vertex 1.044 -0.19200044350614923 0.0831812458842135
endloop
endfacet
facet normal 0 0 0
outer loop
vertex 1.0053333333333334 -0.18450005626718163 0.07364499448738147
vertex 1.0053333333333334 -0.17198234255086925 0.06620939377409421
vertex 1.044 -0.17198234255086925 0.06620939377409421
endloop
endfacet
facet normal 0 0 0
outer loop
vertex 1.0053333333333334 -0.18450005626718163 0.07364499448738147
vertex 1.044 -0.17198234255086925 0.06620939377409421
vertex 1.044 -0.18450005626718163 0.07364499448738147
endloop
endfacet
facet normal 0 0 0
outer loop
vertex 1.0053333333333334 -0.17198234255086925 0.06620939377409421
vertex 1.0053333333333334 -0.15437475230390743 0.06031497370079501
vertex 1.044 -0.15437475230390743 0.06031497370079501
endloop
endfacet
facet normal 0 0 0
outer loop
vertex 1.0053333333333334 -0.17198234255086925 0.06620939377409421
vertex 1.044 -0.15437475230390743 0.06031497370079501
vertex 1.044 -0.17198234255086925 0.06620939377409421
endloop
endfacet
facet normal 0 0 0
outer loop
vertex 1.0053333333333334 -0.15437475230390743 0.06031497370079501
vertex 1.0053333333333334 -0.13144545821877354 0.05578860088666601
vertex 1.044 -0.13144545821877354 0.05578860088666601
endloop
endfacet
facet normal 0 0 0
outer loop
vertex 1.0053333333333334 -0.15437475230390743 0.06031497370079501
vertex 1.044 -0.13144545821877354 0.05578860088666601
vertex 1.044 -0.15437475230390743 0.06031497370079501
endloop
endfacet
facet normal 0 0 0
outer loop
vertex 1.0053333333333334 -0.13144545821877354 0.05578860088666601
vertex 1.0053333333333334 -0.10252097144408619 0.052570679622832496
vertex 1.044 -0.10252097144408619 0.052570679622832496
endloop
endfacet
facet normal 0 0 0
outer loop
vertex 1.0053333333333334 -0.13144545821877354 0.05578860088666601
vertex 1.044 -0.10252097144408619 0.052570679622832496
vertex 1.044 -0.13144545821877354 0.05578860088666601
endloop
endfacet
facet normal 0 0 0
outer loop
vertex 1.0053333333333334 -0.10252097144408619 0.052570679622832496
vertex 1.0053333333333334 -0.0654249535104096 0.050642559509987355
vertex 1.044 -0.0654249535104096 0.050642559509987355
endloop
endfacet
facet normal 0 0 0
outer loop
vertex 1.0053333333333334 -0.10252097144408619 0.052570679622832496
vertex 1.044 -0.0654249535104096 0.050642559509987355
vertex 1.044 -0.10252097144408619 0.052570679622832496
endloop
endfacet
facet normal 0 0 0
outer loop
vertex 1.0053333333333334 -0.0654249535104096 0.050642559509987355
vertex 1.0053333333333334 -6.285227656641195e-12 0.049999999999999996
vertex 1.044 -6.285227656641195e-12 0.049999999999999996
endloop
endfacet
facet normal 0 0 0
outer loop
vertex 1.0053333333333334 -0.0654249535104096 0.050642559509987355
vertex 1.044 -6.285227656641195e-12 0.049999999999999996
vertex 1.044 -0.0654249535104096 0.050642559509987355
endloop
endfacet
facet normal 0 0 0
outer loop
vertex 1.0053333333333334 -6.285227656641195e-12 0.049999999999999996
vertex 1.0053333333333334 0.06542495351040951 0.05064255950998735
vertex 1.044 0.06542495351040951 0.05064255950998735
endloop
endfacet
facet normal 0 0 0
outer loop
vertex 1.0053333333333334 -6.285227656641195e-12 0.049999999999999996
vertex 1.044 0.06542495351040951 0.05064255950998735
vertex 1.044 -6.285227656641195e-12 0.049999999999999996
endloop
endfacet
facet normal 0 0 0
outer loop
vertex 1.0053333333333334 0.06542495351040951 0.05064255950998735
vertex 1.0053333333333334 0.10252097144408612 0.052570679622832496
vertex 1.044 0.10252097144408612 0.052570679622832496
endloop
endfacet
facet normal 0 0 0
outer loop
vertex 1.0053333333333334 0.06542495351040951 0.05064255950998735
vertex 1.044 0.10252097144408612 0.052570679622832496
vertex 1.044 0.06542495351040951 0.05064255950998735
endloop
endfacet
facet normal 0 0 0
outer loop
vertex 1.0053333333333334 0.10252097144408612 0.052570679622832496
vertex 1.0053333333333334 0.13144545821877351 0.055788600886666
vertex 1.044 0.13144545821877351 0.055788600886666
endloop
endfacet
facet normal 0 0 0
outer loop
vertex 1.0053333333333334 0.10252097144408612 0.052570679622832496
vertex 1.044 0.13144545821877351 0.055788600886666
vertex 1.044 0.10252097144408612 0.052570679622832496
endloop
endfacet
facet normal 0 0 0
outer loop
vertex 1.0053333333333334 0.13144545821877351 0.055788600886666
vertex 1.0053333333333334 0.15437475230390738 0.060314973700795
vertex 1.044 0.15437475230390738 0.060314973700795
endloop
endfacet
facet normal 0 0 0
outer loop
vertex 1.0053333333333334 0.13144545821877351 0.055788600886666
vertex 1.044 0.15437475230390738 0.060314973700795
vertex 1.044 0.13144545821877351 0.055788600886666
endloop
endfacet
facet normal 0 0 0
outer loop
vertex 1.0053333333333334 0.15437475230390738 0.060314973700795
vertex 1.0053333333333334 0.17198234255086922 0.06620939377409421
vertex 1.044 0.17198234255086922 0.06620939377409421
endloop
endfacet
facet normal 0 0 0
outer loop
vertex 1.0053333333333334 0.15437475230390738 0.060314973700795
vertex 1.044 0.17198234255086922 0.06620939377409421
vertex 1.044 0.15437475230390738 0.060314973700795
endloop
endfacet
facet normal 0 0 0
outer loop
vertex 1.0053333333333334 0.17198234255086922 0.06620939377409421
vertex 1.0053333333333334 0.18450005626718158 0.07364499448738143
vertex 1.044 0.18450005626718158 0.07364499448738143
endloop
endfacet
facet normal 0 0 0
outer loop
vertex 1.0053333333333334 0.17198234255086922 0.06620939377409421
vertex 1.044 0.18450005626718158 0.07364499448738143
vertex 1.044 0.17198234255086922 0.06620939377409421
endloop
endfacet
facet normal 0 0 0
outer loop
vertex 1.0053333333333334 0.18450005626718158 0.07364499448738143
vertex 1.0053333333333334 0.1920004435061492 0.08318124588421347
vertex 1.044 0.1920004435061492 0.08318124588421347
endloop
endfacet
facet normal 0 0 0
outer loop
vertex 1.0053333333333334 0.18450005626718158 0.07364499448738143
vertex 1.044 0.1920004435061492 0.08318124588421347
vertex 1.044 0.18450005626718158 0.07364499448738143
endloop
endfacet
facet normal 0 0 0
outer loop
vertex 1.0053333333333334 0.1920004435061492 0.08318124588421347
vertex 1.0053333333333334 0.1945 0.1
vertex 1.044 0.1945 0.1
endloop
endfacet
facet normal 0 0 0
outer loop
vertex 1.0053333333333334 0.1920004435061492 0.08318124588421347
vertex 1.044 0.1945 0.1
vertex 1.044 0.1920004435061492 0.08318124588421347
endloop
endfacet
facet normal 0 0 0
outer loop
vertex 0.0 0.068075 0.09814999999999999
vertex 0.0 0.06720015522715223 0.10997358414339789
vertex 0.0 -3.570147649734068e-14 0.09815000000002706
endloop
endfacet
facet normal 0 0 0
outer loop
vertex 0.0 0.06720015522715223 0.10997358414339789
vertex 0.0 0.06457501969351355 0.11667756887537081
vertex 0.0 -3.570147649734068e-14 0.09815000000002706
endloop
endfacet
facet normal 0 0 0
outer loop
vertex 0.0 0.06457501969351355 0.11667756887537081
vertex 0.0 0.06019381989280422 0.12190479617681176
vertex 0.0 -3.570147649734068e-14 0.09815000000002706
endloop
endfacet
facet normal 0 0 0
outer loop
vertex 0.0 0.06019381989280422 0.12190479617681176
vertex 0.0 0.05403116330636759 0.1260485734883411
vertex 0.0 -3.570147649734068e-14 0.09815000000002706
endloop
endfacet
facet normal 0 0 0
outer loop
vertex 0.0 0.05403116330636759 0.1260485734883411
vertex 0.0 0.046005910376570744 0.12923061357667376
vertex 0.0 -3.570147649734068e-14 0.09815000000002706
endloop
endfacet
facet normal 0 0 0
outer loop
vertex 0.0 0.046005910376570744 0.12923061357667376
vertex 0.0 0.035882340005430134 0.13149281222514875
vertex 0.0 -3.570147649734068e-14 0.09815000000002706
endloop
endfacet
facet normal 0 0 0
outer loop
vertex 0.0 0.035882340005430134 0.13149281222514875
vertex 0.0 0.02289873372864333 0.13284828066447887
vertex 0.0 -3.570147649734068e-14 0.09815000000002706
endloop
endfacet
facet normal 0 0 0
outer loop
vertex 0.0 0.02289873372864333 0.13284828066447887
vertex 0.0 1.0575678034920838e-12 0.13329999999999997
vertex 0.0 -3.570147649734068e-14 0.09815000000002706
endloop
endfacet
facet normal 0 0 0
outer loop
vertex 0.0 1.0575678034920838e-12 0.13329999999999997
vertex 0.0 -0.022898733728643317 0.13284828066447887
vertex 0.0 -3.570147649734068e-14 0.09815000000002706
endloop
endfacet
facet normal 0 0 0
outer loop
vertex 0.0 -0.022898733728643317 0.13284828066447887
vertex 0.0 -0.03588234000543013 0.13149281222514875
vertex 0.0 -3.570147649734068e-14 0.09815000000002706
endloop
endfacet
facet normal 0 0 0
outer loop
vertex 0.0 -0.03588234000543013 0.13149281222514875
vertex 0.0 -0.04600591037657073 0.12923061357667376
vertex 0.0 -3.570147649734068e-14 0.09815000000002706
endloop
endfacet
facet normal 0 0 0
outer loop
vertex 0.0 -0.04600591037657073 0.12923061357667376
vertex 0.0 -0.054031163306367584 0.1260485734883411
vertex 0.0 -3.570147649734068e-14 0.09815000000002706
endloop
endfacet
facet normal 0 0 0
outer loop
vertex 0.0 -0.054031163306367584 0.1260485734883411
vertex 0.0 -0.06019381989280423 0.12190479617681176
vertex 0.0 -3.570147649734068e-14 0.09815000000002706
endloop
endfacet
facet normal 0 0 0
outer loop
vertex 0.0 -0.06019381989280423 0.12190479617681176
vertex 0.0 -0.06457501969351355 0.11667756887537081
vertex 0.0 -3.570147649734068e-14 0.09815000000002706
endloop
endfacet
facet normal 0 0 0
outer loop
vertex 0.0 -0.06457501969351355 0.11667756887537081
vertex 0.0 -0.06720015522715223 0.1099735841433979
vertex 0.0 -3.570147649734068e-14 0.09815000000002706
endloop
endfacet
facet normal 0 0 0
outer loop
vertex 0.0 -0.06720015522715223 0.1099735841433979
vertex 0.0 -0.068075 0.09815000000086681
vertex 0.0 -3.570147649734068e-14 0.09815000000002706
endloop
endfacet
facet normal 0 0 0
outer loop
vertex 0.0 -0.068075 0.09815000000086681
vertex 0.0 -0.06720015522715223 0.08632641585660207
vertex 0.0 -3.570147649734068e-14 0.09815000000002706
endloop
endfacet
facet normal 0 0 0
outer loop
vertex 0.0 -0.06720015522715223 0.08632641585660207
vertex 0.0 -0.06457501969351356 0.07962243112462916
vertex 0.0 -3.570147649734068e-14 0.09815000000002706
endloop
endfacet
facet normal 0 0 0
outer loop
vertex 0.0 -0.06457501969351356 0.07962243112462916
vertex 0.0 -0.060193819892804236 0.07439520382318823
vertex 0.0 -3.570147649734068e-14 0.09815000000002706
endloop
endfacet
facet normal 0 0 0
outer loop
vertex 0.0 -0.060193819892804236 0.07439520382318823
vertex 0.0 -0.0540311633063676 0.07025142651165889
vertex 0.0 -3.570147649734068e-14 0.09815000000002706
endloop
endfacet
facet normal 0 0 0
outer loop
vertex 0.0 -0.0540311633063676 0.07025142651165889
vertex 0.0 -0.04600591037657074 0.0670693864233262
vertex 0.0 -3.570147649734068e-14 0.09815000000002706
endloop
endfacet
facet normal 0 0 0
outer loop
vertex 0.0 -0.04600591037657074 0.0670693864233262
vertex 0.0 -0.03588234000543016 0.06480718777485125
vertex 0.0 -3.570147649734068e-14 0.09815000000002706
endloop
endfacet
facet normal 0 0 0
outer loop
vertex 0.0 -0.03588234000543016 0.06480718777485125
vertex 0.0 -0.022898733728643355 0.06345171933552111
vertex 0.0 -3.570147649734068e-14 0.09815000000002706
endloop
endfacet
facet normal 0 0 0
outer loop
vertex 0.0 -0.022898733728643355 0.06345171933552111
vertex 0.0 -2.199829679824418e-12 0.063
vertex 0.0 -3.570147649734068e-14 0.09815000000002706
endloop
endfacet
facet normal 0 0 0
outer loop
vertex 0.0 -2.199829679824418e-12 0.063
vertex 0.0 0.02289873372864333 0.0634517193355211
vertex 0.0 -3.570147649734068e-14 0.09815000000002706
endloop
endfacet
facet normal 0 0 0
outer loop
vertex 0.0 0.02289873372864333 0.0634517193355211
vertex 0.0 0.03588234000543014 0.06480718777485125
vertex 0.0 -3.570147649734068e-14 0.09815000000002706
endloop
endfacet
facet normal 0 0 0
outer loop
vertex 0.0 0.03588234000543014 0.06480718777485125
vertex 0.0 0.04600591037657072 0.0670693864233262
vertex 0.0 -3.570147649734068e-14 0.09815000000002706
endloop
endfacet
facet normal 0 0 0
outer loop
vertex 0.0 0.04600591037657072 0.0670693864233262
vertex 0.0 0.05403116330636758 0.07025142651165889
vertex 0.0 -3.570147649734068e-14 0.09815000000002706
endloop
endfacet
facet normal 0 0 0
outer loop
vertex 0.0 0.05403116330636758 0.07025142651165889
vertex 0.0 0.06019381989280422 0.07439520382318822
vertex 0.0 -3.570147649734068e-14 0.09815000000002706
endloop
endfacet
facet normal 0 0 0
outer loop
vertex 0.0 0.06019381989280422 0.07439520382318822
vertex 0.0 0.06457501969351355 0.07962243112462915
vertex 0.0 -3.570147649734068e-14 0.09815000000002706
endloop
endfacet
facet normal 0 0 0
outer loop
vertex 0.0 0.06457501969351355 0.07962243112462915
vertex 0.0 0.06720015522715221 0.08632641585660206
vertex 0.0 -3.570147649734068e-14 0.09815000000002706
endloop
endfacet
facet normal 0 0 0
outer loop
vertex 0.0 0.06720015522715221 0.08632641585660206
vertex 0.0 0.068075 0.09814999999999999
vertex 0.0 -3.570147649734068e-14 0.09815000000002706
endloop
endfacet
facet normal 0 0 0
outer loop
vertex 1.044 0.1945 0.1
vertex 1.044 0.19200044350614923 0.11681875411578652
vertex 1.0440000000000003 -1.0199480149353235e-13 0.10000000000003857
endloop
endfacet
facet normal 0 0 0
outer loop
vertex 1.044 0.19200044350614923 0.11681875411578652
vertex 1.044 0.1845000562671816 0.12635500551261855
vertex 1.0440000000000003 -1.0199480149353235e-13 0.10000000000003857
endloop
endfacet
facet normal 0 0 0
outer loop
vertex 1.044 0.1845000562671816 0.12635500551261855
vertex 1.044 0.17198234255086922 0.1337906062259058
vertex 1.0440000000000003 -1.0199480149353235e-13 0.10000000000003857
endloop
endfacet
facet normal 0 0 0
outer loop
vertex 1.044 0.17198234255086922 0.1337906062259058
vertex 1.044 0.1543747523039074 0.139685026299205
vertex 1.0440000000000003 -1.0199480149353235e-13 0.10000000000003857
endloop
endfacet
facet normal 0 0 0
outer loop
vertex 1.044 0.1543747523039074 0.139685026299205
vertex 1.044 0.13144545821877357 0.144211399113334
vertex 1.0440000000000003 -1.0199480149353235e-13 0.10000000000003857
endloop
endfacet
facet normal 0 0 0
outer loop
vertex 1.044 0.13144545821877357 0.144211399113334
vertex 1.044 0.1025209714440861 0.14742932037716752
vertex 1.0440000000000003 -1.0199480149353235e-13 0.10000000000003857
endloop
endfacet
facet normal 0 0 0
outer loop
vertex 1.044 0.1025209714440861 0.14742932037716752
vertex 1.044 0.06542495351040951 0.14935744049001265
vertex 1.0440000000000003 -1.0199480149353235e-13 0.10000000000003857
endloop
endfacet
facet normal 0 0 0
outer loop
vertex 1.044 0.06542495351040951 0.14935744049001265
vertex 1.044 3.021622295691668e-12 0.15000000000000002
vertex 1.0440000000000003 -1.0199480149353235e-13 0.10000000000003857
endloop
endfacet
facet normal 0 0 0
outer loop
vertex 1.044 3.021622295691668e-12 0.15000000000000002
vertex 1.044 -0.06542495351040949 0.14935744049001265
vertex 1.0440000000000003 -1.0199480149353235e-13 0.10000000000003857
endloop
endfacet
facet normal 0 0 0
outer loop
vertex 1.044 -0.06542495351040949 0.14935744049001265
vertex 1.044 -0.10252097144408608 0.14742932037716752
vertex 1.0440000000000003 -1.0199480149353235e-13 0.10000000000003857
endloop
endfacet
facet normal 0 0 0
outer loop
vertex 1.044 -0.10252097144408608 0.14742932037716752
vertex 1.044 -0.13144545821877351 0.144211399113334
vertex 1.0440000000000003 -1.0199480149353235e-13 0.10000000000003857
endloop
endfacet
facet normal 0 0 0
outer loop
vertex 1.044 -0.13144545821877351 0.144211399113334
vertex 1.044 -0.1543747523039074 0.139685026299205
vertex 1.0440000000000003 -1.0199480149353235e-13 0.10000000000003857
endloop
endfacet
facet normal 0 0 0
outer loop
vertex 1.044 -0.1543747523039074 0.139685026299205
vertex 1.044 -0.17198234255086925 0.1337906062259058
vertex 1.0440000000000003 -1.0199480149353235e-13 0.10000000000003857
endloop
endfacet
facet normal 0 0 0
outer loop
vertex 1.044 -0.17198234255086925 0.1337906062259058
vertex 1.044 -0.1845000562671816 0.12635500551261855
vertex 1.0440000000000003 -1.0199480149353235e-13 0.10000000000003857
endloop
endfacet
facet normal 0 0 0
outer loop
vertex 1.044 -0.1845000562671816 0.12635500551261855
vertex 1.044 -0.19200044350614923 0.11681875411578653
vertex 1.0440000000000003 -1.0199480149353235e-13 0.10000000000003857
endloop
endfacet
facet normal 0 0 0
outer loop
vertex 1.044 -0.19200044350614923 0.11681875411578653
vertex 1.044 -0.1945 0.10000000000123305
vertex 1.0440000000000003 -1.0199480149353235e-13 0.10000000000003857
endloop
endfacet
facet normal 0 0 0
outer loop
vertex 1.044 -0.1945 0.10000000000123305
vertex 1.044 -0.19200044350614923 0.0831812458842135
vertex 1.0440000000000003 -1.0199480149353235e-13 0.10000000000003857
endloop
endfacet
facet normal 0 0 0
outer loop
vertex 1.044 -0.19200044350614923 0.0831812458842135
vertex 1.044 -0.18450005626718163 0.07364499448738147
vertex 1.0440000000000003 -1.0199480149353235e-13 0.10000000000003857
endloop
endfacet
facet normal 0 0 0
outer loop
vertex 1.044 -0.18450005626718163 0.07364499448738147
vertex 1.044 -0.17198234255086925 0.06620939377409421
vertex 1.0440000000000003 -1.0199480149353235e-13 0.10000000000003857
endloop
endfacet
facet normal 0 0 0
outer loop
vertex 1.044 -0.17198234255086925 0.06620939377409421
vertex 1.044 -0.15437475230390743 0.06031497370079501
vertex 1.0440000000000003 -1.0199480149353235e-13 0.10000000000003857
endloop
endfacet
facet normal 0 0 0
outer loop
vertex 1.044 -0.15437475230390743 0.06031497370079501
vertex 1.044 -0.13144545821877354 0.05578860088666601
vertex 1.0440000000000003 -1.0199480149353235e-13 0.10000000000003857
endloop
endfacet
facet normal 0 0 0
outer loop
vertex 1.044 -0.13144545821877354 0.05578860088666601
vertex 1.044 -0.10252097144408619 0.052570679622832496
vertex 1.0440000000000003 -1.0199480149353235e-13 0.10000000000003857
endloop
endfacet
facet normal 0 0 0
outer loop
vertex 1.044 -0.10252097144408619 0.052570679622832496
vertex 1.044 -0.0654249535104096 0.050642559509987355
vertex 1.0440000000000003 -1.0199480149353235e-13 0.10000000000003857
endloop
endfacet
facet normal 0 0 0
outer loop
vertex 1.044 -0.0654249535104096 0.050642559509987355
vertex 1.044 -6.285227656641195e-12 0.049999999999999996
vertex 1.0440000000000003 -1.0199480149353235e-13 0.10000000000003857
endloop
endfacet
facet normal 0 0 0
outer loop
vertex 1.044 -6.285227656641195e-12 0.049999999999999996
vertex 1.044 0.06542495351040951 0.05064255950998735
vertex 1.0440000000000003 -1.0199480149353235e-13 0.10000000000003857
endloop
endfacet
facet normal 0 0 0
outer loop
vertex 1.044 0.06542495351040951 0.05064255950998735
vertex 1.044 0.10252097144408612 0.052570679622832496
vertex 1.0440000000000003 -1.0199480149353235e-13 0.10000000000003857
endloop
endfacet
facet normal 0 0 0
outer loop
vertex 1.044 0.10252097144408612 0.052570679622832496
vertex 1.044 0.13144545821877351 0.055788600886666
vertex 1.0440000000000003 -1.0199480149353235e-13 0.10000000000003857
endloop
endfacet
facet normal 0 0 0
outer loop
vertex 1.044 0.13144545821877351 0.055788600886666
vertex 1.044 0.15437475230390738 0.060314973700795
vertex 1.0440000000000003 -1.0199480149353235e-13 0.10000000000003857
endloop
endfacet
facet normal 0 0 0
outer loop
vertex 1.044 0.15437475230390738 0.060314973700795
vertex 1.044 0.17198234255086922 0.06620939377409421
vertex 1.0440000000000003 -1.0199480149353235e-13 0.10000000000003857
endloop
endfacet
facet normal 0 0 0
outer loop
vertex 1.044 0.17198234255086922 0.06620939377409421
vertex 1.044 0.18450005626718158 0.07364499448738143
vertex 1.0440000000000003 -1.0199480149353235e-13 0.10000000000003857
endloop
endfacet
facet normal 0 0 0
outer loop
vertex 1.044 0.18450005626718158 0.07364499448738143
vertex 1.044 0.1920004435061492 0.08318124588421347
vertex 1.0440000000000003 -1.0199480149353235e-13 0.10000000000003857
endloop
endfacet
facet normal 0 0 0
outer loop
vertex 1.044 0.1920004435061492 0.08318124588421347
vertex 1.044 0.1945 0.1
vertex 1.0440000000000003 -1.0199480149353235e-13 0.10000000000003857
endloop
endfacet
endsolid wing3d
